sample_id,condition_id,csv_row_id,source_pdf_path,npz_path,preview_path,extract_method,passed_quality,reason_codes,material_id,speed_rpm,temperature_c,r_bore_mm,r_outer_mm,z_width_mm,area_mm2,volume_mm3,min_thickness_mm,max_width_mm,sdf_zero_level_error_mm,semantic_hub_coverage,semantic_web_coverage,semantic_rim_coverage,mass_kg,polar_inertia_kg_mm2,sigma_vm_proxy_mpa,risk_score_proxy,dataset_version
F404_0001,C_Inco718_RPM11292_T650_OR252.89_BR67.5725,1,D:\sdfdata\F404HPT\data\raw\pdf\F404_0001.pdf,D:\sdfdata\F404HPT\data\processed\meridian_samples\F404_0001.npz,D:\sdfdata\F404HPT\data\reports\figures\pdf_contour_overlay\F404_0001.png,vector,FALSE,MULTI_INTERVAL_AT_R;WIDTH_MISMATCH,Inco718,11292,650,67.5725,252.89,75.984,8311.784697,7089931.393,12.60960336,100.5921998,0.227477643,0.512441069,0.374759909,0.112799022,58.06653811,1587956.467,58082.42813,10,sdf_meridian_v0.1
F404_0002,C_Inco718_RPM11292_T650_OR244.406_BR72.8505,2,D:\sdfdata\F404HPT\data\raw\pdf\F404_0002.pdf,D:\sdfdata\F404HPT\data\processed\meridian_samples\F404_0002.npz,D:\sdfdata\F404HPT\data\reports\figures\pdf_contour_overlay\F404_0002.png,vector,FALSE,MULTI_INTERVAL_AT_R;WIDTH_MISMATCH,Inco718,11292,650,72.8505,244.406,81.584,7544.961237,6416467.922,15.97579808,100.5921253,0.229843887,0.509525505,0.400783406,0.089691089,52.55087228,1361175.087,42819.74144,10,sdf_meridian_v0.1
F404_0003,C_Inco718_RPM11292_T650_OR252.47_BR69.1195,3,D:\sdfdata\F404HPT\data\raw\pdf\F404_0003.pdf,D:\sdfdata\F404HPT\data\processed\meridian_samples\F404_0003.npz,D:\sdfdata\F404HPT\data\reports\figures\pdf_contour_overlay\F404_0003.png,vector,FALSE,MULTI_INTERVAL_AT_R;WIDTH_MISMATCH,Inco718,11292,650,69.1195,252.47,76.976,7912.701135,6719717.593,12.41651841,100.592056,0.206041987,0.534965986,0.363446712,0.101587302,55.03448709,1522607.502,58789.88355,10,sdf_meridian_v0.1
F404_0004,C_Inco718_RPM11292_T650_OR246.506_BR66.6235,4,D:\sdfdata\F404HPT\data\raw\pdf\F404_0004.pdf,D:\sdfdata\F404HPT\data\processed\meridian_samples\F404_0004.npz,D:\sdfdata\F404HPT\data\reports\figures\pdf_contour_overlay\F404_0004.png,vector,FALSE,MULTI_INTERVAL_AT_R;WIDTH_MISMATCH,Inco718,11292,650,66.6235,246.506,85.712,7864.781065,6564438.506,14.6046807,100.2478935,0.191081905,0.541259428,0.382157362,0.076583211,53.76275136,1423598.864,47648.12324,10,sdf_meridian_v0.1
F404_0005,C_Inco718_RPM11292_T650_OR254.206_BR68.4695,5,D:\sdfdata\F404HPT\data\raw\pdf\F404_0005.pdf,D:\sdfdata\F404HPT\data\processed\meridian_samples\F404_0005.npz,D:\sdfdata\F404HPT\data\reports\figures\pdf_contour_overlay\F404_0005.png,vector,FALSE,MULTI_INTERVAL_AT_R;WIDTH_MISMATCH,Inco718,11292,650,68.4695,254.206,77.584,7907.667532,6787299.553,13.51471104,100.5921455,0.227269476,0.521192083,0.353262617,0.1255453,55.58798334,1560174.958,54758.01621,10,sdf_meridian_v0.1
F404_0006,C_Inco718_RPM11292_T650_OR246.59_BR69.1975,6,D:\sdfdata\F404HPT\data\raw\pdf\F404_0006.pdf,D:\sdfdata\F404HPT\data\processed\meridian_samples\F404_0006.npz,D:\sdfdata\F404HPT\data\reports\figures\pdf_contour_overlay\F404_0006.png,vector,FALSE,MULTI_INTERVAL_AT_R;WIDTH_MISMATCH,Inco718,11292,650,69.1975,246.59,80.944,7860.779056,6696896.057,16.43567552,100.5920903,0.178779755,0.510601719,0.420630372,0.068767908,54.8475787,1462722.584,42368.80736,10,sdf_meridian_v0.1
F404_0007,C_Inco718_RPM11292_T650_OR246.954_BR72.2135,7,D:\sdfdata\F404HPT\data\raw\pdf\F404_0007.pdf,D:\sdfdata\F404HPT\data\processed\meridian_samples\F404_0007.npz,D:\sdfdata\F404HPT\data\reports\figures\pdf_contour_overlay\F404_0007.png,vector,FALSE,MULTI_INTERVAL_AT_R;WIDTH_MISMATCH,Inco718,11292,650,72.2135,246.954,78.864,7421.572872,6366911.93,14.18720113,97.38227472,0.19874662,0.503658754,0.423300018,0.073041228,52.14500871,1413886.124,49228.6902,10,sdf_meridian_v0.1
F404_0008,C_Inco718_RPM11292_T650_OR254.878_BR67.4945,8,D:\sdfdata\F404HPT\data\raw\pdf\F404_0008.pdf,D:\sdfdata\F404HPT\data\processed\meridian_samples\F404_0008.npz,D:\sdfdata\F404HPT\data\reports\figures\pdf_contour_overlay\F404_0008.png,vector,FALSE,MULTI_INTERVAL_AT_R;WIDTH_MISMATCH,Inco718,11292,650,67.4945,254.878,72.688,8534.370663,7318090.508,15.21368774,104.4281748,0.250560273,0.515361085,0.373985902,0.110653012,59.93516126,1676933.503,48900.47522,10,sdf_meridian_v0.1
F404_0009,C_Inco718_RPM11292_T650_OR245.582_BR67.8065,9,D:\sdfdata\F404HPT\data\raw\pdf\F404_0009.pdf,D:\sdfdata\F404HPT\data\processed\meridian_samples\F404_0009.npz,D:\sdfdata\F404HPT\data\reports\figures\pdf_contour_overlay\F404_0009.png,vector,FALSE,MULTI_INTERVAL_AT_R;WIDTH_MISMATCH,Inco718,11292,650,67.8065,245.582,79.408,8003.425095,6549404.348,12.31192924,100.5920243,0.186155438,0.556486627,0.356851337,0.086662035,53.63962161,1362865.777,56098.31666,10,sdf_meridian_v0.1
F404_0010,C_Inco718_RPM11292_T650_OR244.798_BR69.5355,10,D:\sdfdata\F404HPT\data\raw\pdf\F404_0010.pdf,D:\sdfdata\F404HPT\data\processed\meridian_samples\F404_0010.npz,D:\sdfdata\F404HPT\data\reports\figures\pdf_contour_overlay\F404_0010.png,vector,FALSE,MULTI_INTERVAL_AT_R;WIDTH_MISMATCH,Inco718,11292,650,69.5355,244.798,80.816,7947.336114,6559466.219,12.97889942,100.5919289,0.205563621,0.542018982,0.377221743,0.080759275,53.72202833,1350284.249,52876.26135,10,sdf_meridian_v0.1
F404_0011,C_Inco718_RPM11292_T650_OR251.574_BR72.3825,11,D:\sdfdata\F404HPT\data\raw\pdf\F404_0011.pdf,D:\sdfdata\F404HPT\data\processed\meridian_samples\F404_0011.npz,D:\sdfdata\F404HPT\data\reports\figures\pdf_contour_overlay\F404_0011.png,vector,FALSE,MULTI_INTERVAL_AT_R;WIDTH_MISMATCH,Inco718,11292,650,72.3825,251.574,83.216,7804.473636,6784032.615,14.54857833,99.86280159,0.187387397,0.485024327,0.395616658,0.119359014,55.56122711,1549611.861,49818.86514,10,sdf_meridian_v0.1
F404_0012,C_Inco718_RPM11292_T650_OR257.51_BR70.7055,12,D:\sdfdata\F404HPT\data\raw\pdf\F404_0012.pdf,D:\sdfdata\F404HPT\data\processed\meridian_samples\F404_0012.npz,D:\sdfdata\F404HPT\data\reports\figures\pdf_contour_overlay\F404_0012.png,vector,FALSE,MULTI_INTERVAL_AT_R;WIDTH_MISMATCH,Inco718,11292,650,70.7055,257.51,79.152,8163.773183,7228112.382,16.36571533,100.5920316,0.24197473,0.484163302,0.354867654,0.160969044,59.19824041,1748983.784,46401.93396,10,sdf_meridian_v0.1
F404_0013,C_Inco718_RPM11292_T650_OR257.762_BR72.0445,13,D:\sdfdata\F404HPT\data\raw\pdf\F404_0013.pdf,D:\sdfdata\F404HPT\data\processed\meridian_samples\F404_0013.npz,D:\sdfdata\F404HPT\data\reports\figures\pdf_contour_overlay\F404_0013.png,vector,FALSE,MULTI_INTERVAL_AT_R;WIDTH_MISMATCH,Inco718,11292,650,72.0445,257.762,75.952,8066.141748,7091419.626,13.02577486,100.5921726,0.247111629,0.49643212,0.366272243,0.137295637,58.07872674,1697670.606,58414.01998,10,sdf_meridian_v0.1
F404_0014,C_Inco718_RPM11292_T650_OR254.458_BR67.4425,14,D:\sdfdata\F404HPT\data\raw\pdf\F404_0014.pdf,D:\sdfdata\F404HPT\data\processed\meridian_samples\F404_0014.npz,D:\sdfdata\F404HPT\data\reports\figures\pdf_contour_overlay\F404_0014.png,vector,FALSE,MULTI_INTERVAL_AT_R;WIDTH_MISMATCH,Inco718,11292,650,67.4425,254.458,74.928,8118.953045,7079980.846,14.00463263,100.5920526,0.235211859,0.488130096,0.403441596,0.108428308,57.98504313,1672415.635,52947.24585,10,sdf_meridian_v0.1
F404_0015,C_Inco718_RPM11292_T650_OR251.462_BR67.9755,15,D:\sdfdata\F404HPT\data\raw\pdf\F404_0015.pdf,D:\sdfdata\F404HPT\data\processed\meridian_samples\F404_0015.npz,D:\sdfdata\F404HPT\data\reports\figures\pdf_contour_overlay\F404_0015.png,vector,FALSE,MULTI_INTERVAL_AT_R;WIDTH_MISMATCH,Inco718,11292,650,67.9755,251.462,80.08,8254.620394,6971995.497,13.62320555,100.5919616,0.215478117,0.527203198,0.370589258,0.102207544,57.10064312,1557507.297,53155.51106,10,sdf_meridian_v0.1
F404_0016,C_Inco718_RPM11292_T650_OR248.466_BR67.3385,16,D:\sdfdata\F404HPT\data\raw\pdf\F404_0016.pdf,D:\sdfdata\F404HPT\data\processed\meridian_samples\F404_0016.npz,D:\sdfdata\F404HPT\data\reports\figures\pdf_contour_overlay\F404_0016.png,vector,FALSE,MULTI_INTERVAL_AT_R;WIDTH_MISMATCH,Inco718,11292,650,67.3385,248.466,78.16,7647.496781,6481987.397,10.0317976,100.5921694,0.192804358,0.52689464,0.351247689,0.121857671,53.08747678,1447585.154,70475.4816,10,sdf_meridian_v0.1
F404_0017,C_Inco718_RPM11292_T650_OR250.37_BR67.1175,17,D:\sdfdata\F404HPT\data\raw\pdf\F404_0017.pdf,D:\sdfdata\F404HPT\data\processed\meridian_samples\F404_0017.npz,D:\sdfdata\F404HPT\data\reports\figures\pdf_contour_overlay\F404_0017.png,vector,FALSE,MULTI_INTERVAL_AT_R;WIDTH_MISMATCH,Inco718,11292,650,67.1175,250.37,80.56,8001.132908,6891482.361,14.14144945,100.5920956,0.207113476,0.497449436,0.39985681,0.102693753,56.44124054,1559569.567,50763.73052,10,sdf_meridian_v0.1
F404_0018,C_Inco718_RPM11292_T650_OR245.162_BR69.2625,18,D:\sdfdata\F404HPT\data\raw\pdf\F404_0018.pdf,D:\sdfdata\F404HPT\data\processed\meridian_samples\F404_0018.npz,D:\sdfdata\F404HPT\data\reports\figures\pdf_contour_overlay\F404_0018.png,vector,FALSE,MULTI_INTERVAL_AT_R;WIDTH_MISMATCH,Inco718,11292,650,69.2625,245.162,86.192,7520.349387,6332371.308,14.28130047,98.0281814,0.192790421,0.535048921,0.356967341,0.107983738,51.86212101,1374212.845,48197.15811,10,sdf_meridian_v0.1
F404_0019,C_Inco718_RPM11292_T650_OR246.646_BR71.2255,19,D:\sdfdata\F404HPT\data\raw\pdf\F404_0019.pdf,D:\sdfdata\F404HPT\data\processed\meridian_samples\F404_0019.npz,D:\sdfdata\F404HPT\data\reports\figures\pdf_contour_overlay\F404_0019.png,vector,FALSE,MULTI_INTERVAL_AT_R;WIDTH_MISMATCH,Inco718,11292,650,71.2255,246.646,85.392,7647.162351,6452229.212,15.25825545,100.5921059,0.199849452,0.527678252,0.378359011,0.093962737,52.84375725,1387906.814,45658.97401,10,sdf_meridian_v0.1
F404_0020,C_Inco718_RPM11292_T650_OR251.686_BR68.5865,20,D:\sdfdata\F404HPT\data\raw\pdf\F404_0020.pdf,D:\sdfdata\F404HPT\data\processed\meridian_samples\F404_0020.npz,D:\sdfdata\F404HPT\data\reports\figures\pdf_contour_overlay\F404_0020.png,vector,FALSE,MULTI_INTERVAL_AT_R;WIDTH_MISMATCH,Inco718,11292,650,68.5865,251.686,78.608,8107.12764,6786711.179,15.13850973,100.5919598,0.212286008,0.542210811,0.34932932,0.10845987,55.58316456,1479573.233,47920.11699,10,sdf_meridian_v0.1
F404_0021,C_Inco718_RPM11292_T650_OR249.838_BR68.9895,21,D:\sdfdata\F404HPT\data\raw\pdf\F404_0021.pdf,D:\sdfdata\F404HPT\data\processed\meridian_samples\F404_0021.npz,D:\sdfdata\F404HPT\data\reports\figures\pdf_contour_overlay\F404_0021.png,vector,FALSE,MULTI_INTERVAL_AT_R;WIDTH_MISMATCH,Inco718,11292,650,68.9895,249.838,86.96,7624.504738,6430440.226,16.00172027,100.5921958,0.201716552,0.535955576,0.375242943,0.088801481,52.66530545,1420569.299,44671.77321,10,sdf_meridian_v0.1
F404_0022,C_Inco718_RPM11292_T650_OR256.054_BR70.8615,22,D:\sdfdata\F404HPT\data\raw\pdf\F404_0022.pdf,D:\sdfdata\F404HPT\data\processed\meridian_samples\F404_0022.npz,D:\sdfdata\F404HPT\data\reports\figures\pdf_contour_overlay\F404_0022.png,vector,FALSE,MULTI_INTERVAL_AT_R;WIDTH_MISMATCH,Inco718,11292,650,70.8615,256.054,81.328,8218.711717,7152121.765,15.36651603,100.5921365,0.219763976,0.499339731,0.373976582,0.126683687,58.57587726,1673449.692,48861.92724,10,sdf_meridian_v0.1
F404_0023,C_Inco718_RPM11292_T650_OR244.602_BR67.2345,23,D:\sdfdata\F404HPT\data\raw\pdf\F404_0023.pdf,D:\sdfdata\F404HPT\data\processed\meridian_samples\F404_0023.npz,D:\sdfdata\F404HPT\data\reports\figures\pdf_contour_overlay\F404_0023.png,vector,FALSE,MULTI_INTERVAL_AT_R;WIDTH_MISMATCH,Inco718,11292,650,67.2345,244.602,86.8,7646.397961,6367037.869,14.40048756,98.84629271,0.183841584,0.547269236,0.379582905,0.073147859,52.14604015,1367227.34,47580.13696,10,sdf_meridian_v0.1
F404_0024,C_Inco718_RPM11292_T650_OR249.026_BR69.9775,24,D:\sdfdata\F404HPT\data\raw\pdf\F404_0024.pdf,D:\sdfdata\F404HPT\data\processed\meridian_samples\F404_0024.npz,D:\sdfdata\F404HPT\data\reports\figures\pdf_contour_overlay\F404_0024.png,vector,FALSE,MULTI_INTERVAL_AT_R;WIDTH_MISMATCH,Inco718,11292,650,69.9775,249.026,81.808,7792.022214,6652886.308,14.53696814,99.78310819,0.186777804,0.514418356,0.381126685,0.104454959,54.48713886,1483388.819,48853.80826,10,sdf_meridian_v0.1
F404_0025,C_Inco718_RPM11292_T650_OR253.058_BR71.3945,25,D:\sdfdata\F404HPT\data\raw\pdf\F404_0025.pdf,D:\sdfdata\F404HPT\data\processed\meridian_samples\F404_0025.npz,D:\sdfdata\F404HPT\data\reports\figures\pdf_contour_overlay\F404_0025.png,vector,FALSE,MULTI_INTERVAL_AT_R;WIDTH_MISMATCH,Inco718,11292,650,71.3945,253.058,80.848,8021.288973,6968566.856,14.74928029,101.2404386,0.202093354,0.486349489,0.379190751,0.13445976,57.07256255,1601749.998,49722.41231,10,sdf_meridian_v0.1
F404_0026,C_Inco718_RPM11292_T650_OR246.254_BR69.1325,26,D:\sdfdata\F404HPT\data\raw\pdf\F404_0026.pdf,D:\sdfdata\F404HPT\data\processed\meridian_samples\F404_0026.npz,D:\sdfdata\F404HPT\data\reports\figures\pdf_contour_overlay\F404_0026.png,vector,FALSE,MULTI_INTERVAL_AT_R;WIDTH_MISMATCH,Inco718,11292,650,69.1325,246.254,76.912,7804.882255,6588923.241,14.7806739,100.5920524,0.1968411,0.518188271,0.375388164,0.106423565,53.96328135,1437991.218,46984.56697,10,sdf_meridian_v0.1
F404_0027,C_Inco718_RPM11292_T650_OR251.378_BR72.6035,27,D:\sdfdata\F404HPT\data\raw\pdf\F404_0027.pdf,D:\sdfdata\F404HPT\data\processed\meridian_samples\F404_0027.npz,D:\sdfdata\F404HPT\data\reports\figures\pdf_contour_overlay\F404_0027.png,vector,FALSE,MULTI_INTERVAL_AT_R;WIDTH_MISMATCH,Inco718,11292,650,72.6035,251.378,72.208,7423.122198,6346511.812,12.44879445,100.5921858,0.191613003,0.515569959,0.396505566,0.087924475,51.97793174,1427220.327,58131.31049,10,sdf_meridian_v0.1
F404_0028,C_Inco718_RPM11292_T650_OR251.07_BR69.3405,28,D:\sdfdata\F404HPT\data\raw\pdf\F404_0028.pdf,D:\sdfdata\F404HPT\data\processed\meridian_samples\F404_0028.npz,D:\sdfdata\F404HPT\data\reports\figures\pdf_contour_overlay\F404_0028.png,vector,FALSE,MULTI_INTERVAL_AT_R;WIDTH_MISMATCH,Inco718,11292,650,69.3405,251.07,76.016,8040.319093,6793151.157,13.29197478,100.5922584,0.209223043,0.530365267,0.376926814,0.092707919,55.63590797,1511950.931,54310.40148,10,sdf_meridian_v0.1
F404_0029,C_Inco718_RPM11292_T650_OR247.318_BR68.6385,29,D:\sdfdata\F404HPT\data\raw\pdf\F404_0029.pdf,D:\sdfdata\F404HPT\data\processed\meridian_samples\F404_0029.npz,D:\sdfdata\F404HPT\data\reports\figures\pdf_contour_overlay\F404_0029.png,vector,FALSE,MULTI_INTERVAL_AT_R;WIDTH_MISMATCH,Inco718,11292,650,68.6385,247.318,78.704,7925.664709,6648830.164,15.31738244,100.592128,0.189421518,0.521126761,0.377244718,0.101628521,54.45391904,1419069.527,45730.90251,10,sdf_meridian_v0.1
F404_0030,C_Inco718_RPM11292_T650_OR250.258_BR69.2365,30,D:\sdfdata\F404HPT\data\raw\pdf\F404_0030.pdf,D:\sdfdata\F404HPT\data\processed\meridian_samples\F404_0030.npz,D:\sdfdata\F404HPT\data\reports\figures\pdf_contour_overlay\F404_0030.png,vector,FALSE,MULTI_INTERVAL_AT_R;WIDTH_MISMATCH,Inco718,11292,650,69.2365,250.258,82.512,7964.694577,6799579.005,14.69715624,100.8826542,0.197829947,0.522949653,0.355897527,0.12115282,55.68855205,1524505.604,48800.63855,10,sdf_meridian_v0.1
F404_0031,C_Inco718_RPM11292_T650_OR255.774_BR69.5095,31,D:\sdfdata\F404HPT\data\raw\pdf\F404_0031.pdf,D:\sdfdata\F404HPT\data\processed\meridian_samples\F404_0031.npz,D:\sdfdata\F404HPT\data\reports\figures\pdf_contour_overlay\F404_0031.png,vector,FALSE,MULTI_INTERVAL_AT_R;WIDTH_MISMATCH,Inco718,11292,650,69.5095,255.774,72.08,7826.361115,6669103.031,10.34294603,100.5920869,0.241698172,0.520545395,0.358974359,0.120480246,54.61995383,1517557.004,72435.49109,10,sdf_meridian_v0.1
F404_0032,C_Inco718_RPM11292_T650_OR257.062_BR70.4715,32,D:\sdfdata\F404HPT\data\raw\pdf\F404_0032.pdf,D:\sdfdata\F404HPT\data\processed\meridian_samples\F404_0032.npz,D:\sdfdata\F404HPT\data\reports\figures\pdf_contour_overlay\F404_0032.png,vector,FALSE,MULTI_INTERVAL_AT_R;WIDTH_MISMATCH,Inco718,11292,650,70.4715,257.062,72.528,8542.534169,7612240.938,15.87491439,100.5921049,0.222468682,0.489182487,0.341713699,0.169103814,62.34425328,1887296.815,47670.23018,10,sdf_meridian_v0.1
F404_0033,C_Inco718_RPM11292_T650_OR253.814_BR69.3145,33,D:\sdfdata\F404HPT\data\raw\pdf\F404_0033.pdf,D:\sdfdata\F404HPT\data\processed\meridian_samples\F404_0033.npz,D:\sdfdata\F404HPT\data\reports\figures\pdf_contour_overlay\F404_0033.png,vector,FALSE,MULTI_INTERVAL_AT_R;WIDTH_MISMATCH,Inco718,11292,650,69.3145,253.814,83.408,7956.286376,6853353.613,12.94811008,100.5920579,0.237310671,0.527081061,0.355734278,0.11718466,56.12896609,1604549.805,56978.0577,10,sdf_meridian_v0.1
F404_0034,C_Inco718_RPM11292_T650_OR244.49_BR72.5775,34,D:\sdfdata\F404HPT\data\raw\pdf\F404_0034.pdf,D:\sdfdata\F404HPT\data\processed\meridian_samples\F404_0034.npz,D:\sdfdata\F404HPT\data\reports\figures\pdf_contour_overlay\F404_0034.png,vector,FALSE,MULTI_INTERVAL_AT_R;WIDTH_MISMATCH,Inco718,11292,650,72.5775,244.49,74.448,7358.857526,6203672.621,16.48351759,100.5921188,0.216168161,0.526486437,0.392866928,0.080646634,50.80807876,1314653.166,41529.3546,10,sdf_meridian_v0.1
F404_0035,C_Inco718_RPM11292_T650_OR256.278_BR69.4315,35,D:\sdfdata\F404HPT\data\raw\pdf\F404_0035.pdf,D:\sdfdata\F404HPT\data\processed\meridian_samples\F404_0035.npz,D:\sdfdata\F404HPT\data\reports\figures\pdf_contour_overlay\F404_0035.png,vector,FALSE,MULTI_INTERVAL_AT_R;WIDTH_MISMATCH,Inco718,11292,650,69.4315,256.278,73.52,8268.073077,7083649.908,13.57360081,100.592232,0.239668923,0.51952537,0.363056761,0.117417869,58.01509274,1606816.081,55412.84601,10,sdf_meridian_v0.1
F404_0036,C_Inco718_RPM11292_T650_OR254.514_BR70.1595,36,D:\sdfdata\F404HPT\data\raw\pdf\F404_0036.pdf,D:\sdfdata\F404HPT\data\processed\meridian_samples\F404_0036.npz,D:\sdfdata\F404HPT\data\reports\figures\pdf_contour_overlay\F404_0036.png,vector,FALSE,MULTI_INTERVAL_AT_R;WIDTH_MISMATCH,Inco718,11292,650,70.1595,254.514,74.512,8276.387848,7138466.946,13.89793836,100.5920533,0.222539741,0.508846087,0.355542967,0.135610946,58.46404429,1652747.072,53377.20737,10,sdf_meridian_v0.1
F404_0037,C_Inco718_RPM11292_T650_OR253.954_BR68.9635,37,D:\sdfdata\F404HPT\data\raw\pdf\F404_0037.pdf,D:\sdfdata\F404HPT\data\processed\meridian_samples\F404_0037.npz,D:\sdfdata\F404HPT\data\reports\figures\pdf_contour_overlay\F404_0037.png,vector,FALSE,MULTI_INTERVAL_AT_R;WIDTH_MISMATCH,Inco718,11292,650,68.9635,253.954,79.856,8269.685445,7207060.26,15.97551448,100.5920218,0.245771028,0.501181826,0.355335726,0.143482448,59.02582353,1704672.775,46231.51645,10,sdf_meridian_v0.1
F404_0038,C_Inco718_RPM11292_T650_OR251.77_BR67.4555,38,D:\sdfdata\F404HPT\data\raw\pdf\F404_0038.pdf,D:\sdfdata\F404HPT\data\processed\meridian_samples\F404_0038.npz,D:\sdfdata\F404HPT\data\reports\figures\pdf_contour_overlay\F404_0038.png,vector,FALSE,MULTI_INTERVAL_AT_R;WIDTH_MISMATCH,Inco718,11292,650,67.4555,251.77,73.68,8398.59506,7047838.924,14.90628584,100.591979,0.220758058,0.53372043,0.351870968,0.114408602,57.72180079,1534652.144,48699.15118,10,sdf_meridian_v0.1
F404_0039,C_Inco718_RPM11292_T650_OR252.834_BR67.5985,39,D:\sdfdata\F404HPT\data\raw\pdf\F404_0039.pdf,D:\sdfdata\F404HPT\data\processed\meridian_samples\F404_0039.npz,D:\sdfdata\F404HPT\data\reports\figures\pdf_contour_overlay\F404_0039.png,vector,FALSE,MULTI_INTERVAL_AT_R;WIDTH_MISMATCH,Inco718,11292,650,67.5985,252.834,72.976,8369.507794,7006997.858,12.53050925,100.5921154,0.220937989,0.537202961,0.365883219,0.096913821,57.38731245,1542448.693,58423.16846,10,sdf_meridian_v0.1
F404_0041,C_Inco718_RPM11292_T650_OR245.078_BR66.9615,41,D:\sdfdata\F404HPT\data\raw\pdf\F404_0041.pdf,D:\sdfdata\F404HPT\data\processed\meridian_samples\F404_0041.npz,D:\sdfdata\F404HPT\data\reports\figures\pdf_contour_overlay\F404_0041.png,vector,FALSE,MULTI_INTERVAL_AT_R;WIDTH_MISMATCH,Inco718,11292,650,66.9615,245.078,82,7711.113814,6421057.405,14.46129895,99.26370782,0.183532222,0.547260794,0.365673974,0.087065232,52.58846014,1381745.729,47564.64147,10,sdf_meridian_v0.1
F404_0042,C_Inco718_RPM11292_T650_OR244.098_BR69.4445,42,D:\sdfdata\F404HPT\data\raw\pdf\F404_0042.pdf,D:\sdfdata\F404HPT\data\processed\meridian_samples\F404_0042.npz,D:\sdfdata\F404HPT\data\reports\figures\pdf_contour_overlay\F404_0042.png,vector,FALSE,MULTI_INTERVAL_AT_R;WIDTH_MISMATCH,Inco718,11292,650,69.4445,244.098,82.64,7952.93484,6707132.644,16.03384555,100.5920707,0.191560683,0.528025751,0.358755365,0.113218884,54.93141635,1465695.832,42557.2565,10,sdf_meridian_v0.1
F404_0043,C_Inco718_RPM11292_T650_OR248.606_BR70.1725,43,D:\sdfdata\F404HPT\data\raw\pdf\F404_0043.pdf,D:\sdfdata\F404HPT\data\processed\meridian_samples\F404_0043.npz,D:\sdfdata\F404HPT\data\reports\figures\pdf_contour_overlay\F404_0043.png,vector,FALSE,MULTI_INTERVAL_AT_R;WIDTH_MISMATCH,Inco718,11292,650,70.1725,248.606,76.336,7873.575785,6554143.72,12.58923536,100.5920638,0.191927779,0.535147593,0.375542948,0.089309458,53.67843706,1397452.817,56222.05756,10,sdf_meridian_v0.1
F404_0045,C_Inco718_RPM11292_T650_OR252.75_BR72.3045,45,D:\sdfdata\F404HPT\data\raw\pdf\F404_0045.pdf,D:\sdfdata\F404HPT\data\processed\meridian_samples\F404_0045.npz,D:\sdfdata\F404HPT\data\reports\figures\pdf_contour_overlay\F404_0045.png,vector,FALSE,MULTI_INTERVAL_AT_R;WIDTH_MISMATCH,Inco718,11292,650,72.3045,252.75,74.576,7612.938015,6651944.546,13.73996474,100.5921247,0.200383234,0.492902208,0.412460568,0.094637224,54.47942583,1524141.794,53245.09263,10,sdf_meridian_v0.1
F404_0046,C_Inco718_RPM11292_T650_OR245.946_BR72.3435,46,D:\sdfdata\F404HPT\data\raw\pdf\F404_0046.pdf,D:\sdfdata\F404HPT\data\processed\meridian_samples\F404_0046.npz,D:\sdfdata\F404HPT\data\reports\figures\pdf_contour_overlay\F404_0046.png,vector,FALSE,MULTI_INTERVAL_AT_R;WIDTH_MISMATCH,Inco718,11292,650,72.3435,245.946,74.832,7325.221443,6270955.322,14.09480678,96.74807127,0.201979369,0.50456335,0.422199356,0.073237294,51.35912409,1382541.948,49147.70891,10,sdf_meridian_v0.1
F404_0047,C_Inco718_RPM11292_T650_OR254.794_BR68.9375,47,D:\sdfdata\F404HPT\data\raw\pdf\F404_0047.pdf,D:\sdfdata\F404HPT\data\processed\meridian_samples\F404_0047.npz,D:\sdfdata\F404HPT\data\reports\figures\pdf_contour_overlay\F404_0047.png,vector,FALSE,MULTI_INTERVAL_AT_R;WIDTH_MISMATCH,Inco718,11292,650,68.9375,254.794,83.6,8395.843154,7245774.624,15.08971044,103.577183,0.236825859,0.50611084,0.36842807,0.125461091,59.34289417,1668424.063,49269.75065,10,sdf_meridian_v0.1
F404_0048,C_Inco718_RPM11292_T650_OR248.522_BR67.8455,48,D:\sdfdata\F404HPT\data\raw\pdf\F404_0048.pdf,D:\sdfdata\F404HPT\data\processed\meridian_samples\F404_0048.npz,D:\sdfdata\F404HPT\data\reports\figures\pdf_contour_overlay\F404_0048.png,vector,FALSE,MULTI_INTERVAL_AT_R;WIDTH_MISMATCH,Inco718,11292,650,67.8455,248.522,87.76,7934.364466,6698008.798,14.66914565,100.6903869,0.196138415,0.528482848,0.374091092,0.097426061,54.85669206,1477700.757,48217.83828,10,sdf_meridian_v0.1
F404_0049,C_Inco718_RPM11292_T650_OR253.254_BR71.0825,49,D:\sdfdata\F404HPT\data\raw\pdf\F404_0049.pdf,D:\sdfdata\F404HPT\data\processed\meridian_samples\F404_0049.npz,D:\sdfdata\F404HPT\data\reports\figures\pdf_contour_overlay\F404_0049.png,vector,FALSE,MULTI_INTERVAL_AT_R;WIDTH_MISMATCH,Inco718,11292,650,71.0825,253.254,83.44,8154.570056,7187725.853,13.50012386,100.5922412,0.207881387,0.491405637,0.362446558,0.146147806,58.86747474,1723966.073,54407.37223,10,sdf_meridian_v0.1
F404_0050,C_Inco718_RPM11292_T650_OR254.038_BR72.7205,50,D:\sdfdata\F404HPT\data\raw\pdf\F404_0050.pdf,D:\sdfdata\F404HPT\data\processed\meridian_samples\F404_0050.npz,D:\sdfdata\F404HPT\data\reports\figures\pdf_contour_overlay\F404_0050.png,vector,FALSE,MULTI_INTERVAL_AT_R;WIDTH_MISMATCH,Inco718,11292,650,72.7205,254.038,75.856,7889.798722,6887114.526,13.34799994,100.5920877,0.197302066,0.496655143,0.396668612,0.106676245,56.40546797,1605188.922,55368.66479,10,sdf_meridian_v0.1
F404_0051,C_Inco718_RPM11292_T650_OR246.982_BR69.8345,51,D:\sdfdata\F404HPT\data\raw\pdf\F404_0051.pdf,D:\sdfdata\F404HPT\data\processed\meridian_samples\F404_0051.npz,D:\sdfdata\F404HPT\data\reports\figures\pdf_contour_overlay\F404_0051.png,vector,FALSE,MULTI_INTERVAL_AT_R;WIDTH_MISMATCH,Inco718,11292,650,69.8345,246.982,72.24,7627.441114,6471975.648,14.38262573,98.72368748,0.186466125,0.521793498,0.360977135,0.117229368,53.00548056,1423714.002,48570.80524,10,sdf_meridian_v0.1
F404_0052,C_Inco718_RPM11292_T650_OR244.994_BR69.8605,52,D:\sdfdata\F404HPT\data\raw\pdf\F404_0052.pdf,D:\sdfdata\F404HPT\data\processed\meridian_samples\F404_0052.npz,D:\sdfdata\F404HPT\data\reports\figures\pdf_contour_overlay\F404_0052.png,vector,FALSE,MULTI_INTERVAL_AT_R;WIDTH_MISMATCH,Inco718,11292,650,69.8605,244.994,79.536,7844.097172,6558161.11,16.65106165,100.5921984,0.197038096,0.526692254,0.37718074,0.096127006,53.71133949,1385987.052,41281.15546,10,sdf_meridian_v0.1
F404_0053,C_Inco718_RPM11292_T650_OR256.754_BR71.3295,53,D:\sdfdata\F404HPT\data\raw\pdf\F404_0053.pdf,D:\sdfdata\F404HPT\data\processed\meridian_samples\F404_0053.npz,D:\sdfdata\F404HPT\data\reports\figures\pdf_contour_overlay\F404_0053.png,vector,FALSE,MULTI_INTERVAL_AT_R;WIDTH_MISMATCH,Inco718,11292,650,71.3295,256.754,87.152,8044.124391,7213608.633,16.01400544,100.5920672,0.234968429,0.48902566,0.355297099,0.155677241,59.0794547,1796292.563,47143.01364,10,sdf_meridian_v0.1
F404_0054,C_Inco718_RPM11292_T650_OR254.906_BR72.8115,54,D:\sdfdata\F404HPT\data\raw\pdf\F404_0054.pdf,D:\sdfdata\F404HPT\data\processed\meridian_samples\F404_0054.npz,D:\sdfdata\F404HPT\data\reports\figures\pdf_contour_overlay\F404_0054.png,vector,FALSE,MULTI_INTERVAL_AT_R;WIDTH_MISMATCH,Inco718,11292,650,72.8115,254.906,81.52,8059.395436,7081461.366,14.78427323,101.4806334,0.204359321,0.476567363,0.395642508,0.127790129,57.99716859,1654199.355,50331.86379,10,sdf_meridian_v0.1
F404_0055,C_Inco718_RPM11292_T650_OR253.534_BR71.6025,55,D:\sdfdata\F404HPT\data\raw\pdf\F404_0055.pdf,D:\sdfdata\F404HPT\data\processed\meridian_samples\F404_0055.npz,D:\sdfdata\F404HPT\data\reports\figures\pdf_contour_overlay\F404_0055.png,vector,FALSE,MULTI_INTERVAL_AT_R;WIDTH_MISMATCH,Inco718,11292,650,71.6025,253.534,85.776,8044.973325,7004643.635,14.77103924,101.3897941,0.203426733,0.486349489,0.383637172,0.130013339,57.36803137,1615823.173,49836.12213,10,sdf_meridian_v0.1
F404_0056,C_Inco718_RPM11292_T650_OR253.646_BR72.7465,56,D:\sdfdata\F404HPT\data\raw\pdf\F404_0056.pdf,D:\sdfdata\F404HPT\data\processed\meridian_samples\F404_0056.npz,D:\sdfdata\F404HPT\data\reports\figures\pdf_contour_overlay\F404_0056.png,vector,FALSE,MULTI_INTERVAL_AT_R;WIDTH_MISMATCH,Inco718,11292,650,72.7465,253.646,79.312,7815.737669,6887127.754,13.24635995,100.5921108,0.198248841,0.495615225,0.352409366,0.151975409,56.4055763,1644399.607,55621.45689,10,sdf_meridian_v0.1
F404_0057,C_Inco718_RPM11292_T650_OR246.198_BR70.7575,57,D:\sdfdata\F404HPT\data\raw\pdf\F404_0057.pdf,D:\sdfdata\F404HPT\data\processed\meridian_samples\F404_0057.npz,D:\sdfdata\F404HPT\data\reports\figures\pdf_contour_overlay\F404_0057.png,vector,FALSE,MULTI_INTERVAL_AT_R;WIDTH_MISMATCH,Inco718,11292,650,70.7575,246.198,73.2,7481.152725,6361697.421,14.24403421,97.7723823,0.194992001,0.520872358,0.37828918,0.100838462,52.10230188,1398784.88,48732.52451,10,sdf_meridian_v0.1
F404_0058,C_Inco718_RPM11292_T650_OR255.942_BR66.5585,58,D:\sdfdata\F404HPT\data\raw\pdf\F404_0058.pdf,D:\sdfdata\F404HPT\data\processed\meridian_samples\F404_0058.npz,D:\sdfdata\F404HPT\data\reports\figures\pdf_contour_overlay\F404_0058.png,vector,FALSE,MULTI_INTERVAL_AT_R;WIDTH_MISMATCH,Inco718,11292,650,66.5585,255.942,86.544,8410.160838,7345189.99,13.45803532,100.592136,0.240415826,0.517281908,0.318344071,0.164374021,60.15710602,1814203.083,55742.22905,10,sdf_meridian_v0.1
F404_0059,C_Inco718_RPM11292_T650_OR246.73_BR70.7705,59,D:\sdfdata\F404HPT\data\raw\pdf\F404_0059.pdf,D:\sdfdata\F404HPT\data\processed\meridian_samples\F404_0059.npz,D:\sdfdata\F404HPT\data\reports\figures\pdf_contour_overlay\F404_0059.png,vector,FALSE,MULTI_INTERVAL_AT_R;WIDTH_MISMATCH,Inco718,11292,650,70.7705,246.73,79.44,7525.480703,6409040.646,14.28617188,98.0616192,0.192480141,0.521779922,0.387660278,0.0905598,52.49004289,1412286.37,48799.0001,10,sdf_meridian_v0.1
F404_0060,C_Inco718_RPM11292_T650_OR250.874_BR67.4295,60,D:\sdfdata\F404HPT\data\raw\pdf\F404_0060.pdf,D:\sdfdata\F404HPT\data\processed\meridian_samples\F404_0060.npz,D:\sdfdata\F404HPT\data\reports\figures\pdf_contour_overlay\F404_0060.png,vector,FALSE,MULTI_INTERVAL_AT_R;WIDTH_MISMATCH,Inco718,11292,650,67.4295,250.874,82.32,7998.838637,6845355.001,14.7432997,100.5921444,0.222815806,0.520201113,0.364248519,0.115550368,56.06345746,1550635.784,48887.68713,10,sdf_meridian_v0.1
F404_0061,C_Inco718_RPM11292_T650_OR245.106_BR69.7955,61,D:\sdfdata\F404HPT\data\raw\pdf\F404_0061.pdf,D:\sdfdata\F404HPT\data\processed\meridian_samples\F404_0061.npz,D:\sdfdata\F404HPT\data\reports\figures\pdf_contour_overlay\F404_0061.png,vector,FALSE,MULTI_INTERVAL_AT_R;WIDTH_MISMATCH,Inco718,11292,650,69.7955,245.106,79.728,7539.918939,6223119.416,13.26839621,100.5919418,0.195988719,0.545929493,0.387288752,0.066781755,50.96734802,1287974.655,51852.81401,10,sdf_meridian_v0.1
F404_0062,C_Inco718_RPM11292_T650_OR252.666_BR67.3775,62,D:\sdfdata\F404HPT\data\raw\pdf\F404_0062.pdf,D:\sdfdata\F404HPT\data\processed\meridian_samples\F404_0062.npz,D:\sdfdata\F404HPT\data\reports\figures\pdf_contour_overlay\F404_0062.png,vector,FALSE,MULTI_INTERVAL_AT_R;WIDTH_MISMATCH,Inco718,11292,650,67.3775,252.666,81.616,8344.60414,7108799.831,15.04359445,103.2606385,0.230421789,0.523020176,0.376455426,0.100524398,58.22107061,1607212.049,48598.72433,10,sdf_meridian_v0.1
F404_0063,C_Inco718_RPM11292_T650_OR249.614_BR67.1305,63,D:\sdfdata\F404HPT\data\raw\pdf\F404_0063.pdf,D:\sdfdata\F404HPT\data\processed\meridian_samples\F404_0063.npz,D:\sdfdata\F404HPT\data\reports\figures\pdf_contour_overlay\F404_0063.png,vector,FALSE,MULTI_INTERVAL_AT_R;WIDTH_MISMATCH,Inco718,11292,650,67.1305,249.614,87.408,8154.609791,6845417.495,12.62341219,100.5921261,0.205881801,0.535351323,0.356053969,0.108594708,56.06396928,1508969.399,56525.44538,10,sdf_meridian_v0.1
F404_0064,C_Inco718_RPM11292_T650_OR253.03_BR70.2635,64,D:\sdfdata\F404HPT\data\raw\pdf\F404_0064.pdf,D:\sdfdata\F404HPT\data\processed\meridian_samples\F404_0064.npz,D:\sdfdata\F404HPT\data\reports\figures\pdf_contour_overlay\F404_0064.png,vector,FALSE,MULTI_INTERVAL_AT_R;WIDTH_MISMATCH,Inco718,11292,650,70.2635,253.03,85.936,8439.916645,7364267.24,14.65952672,100.5921659,0.209423368,0.493977437,0.375392315,0.130630249,60.31334869,1722352.497,50015.76988,10,sdf_meridian_v0.1
F404_0065,C_Inco718_RPM11292_T650_OR250.594_BR70.8875,65,D:\sdfdata\F404HPT\data\raw\pdf\F404_0065.pdf,D:\sdfdata\F404HPT\data\processed\meridian_samples\F404_0065.npz,D:\sdfdata\F404HPT\data\reports\figures\pdf_contour_overlay\F404_0065.png,vector,FALSE,MULTI_INTERVAL_AT_R;WIDTH_MISMATCH,Inco718,11292,650,70.8875,250.594,84.336,7757.971901,6753066.283,16.43745487,100.5921636,0.183856689,0.505044108,0.364532911,0.130422981,55.30761286,1560944.243,43751.16683,10,sdf_meridian_v0.1
F404_0066,C_Inco718_RPM11292_T650_OR248.55_BR66.5065,66,D:\sdfdata\F404HPT\data\raw\pdf\F404_0066.pdf,D:\sdfdata\F404HPT\data\processed\meridian_samples\F404_0066.npz,D:\sdfdata\F404HPT\data\reports\figures\pdf_contour_overlay\F404_0066.png,vector,FALSE,MULTI_INTERVAL_AT_R;WIDTH_MISMATCH,Inco718,11292,650,66.5065,248.55,81.008,8054.881608,6757447.074,14.78013253,101.4522113,0.204058324,0.542329924,0.353623833,0.104046243,55.34349154,1484924.231,47866.54522,10,sdf_meridian_v0.1
F404_0067,C_Inco718_RPM11292_T650_OR245.442_BR72.9025,67,D:\sdfdata\F404HPT\data\raw\pdf\F404_0067.pdf,D:\sdfdata\F404HPT\data\processed\meridian_samples\F404_0067.npz,D:\sdfdata\F404HPT\data\reports\figures\pdf_contour_overlay\F404_0067.png,vector,FALSE,MULTI_INTERVAL_AT_R;WIDTH_MISMATCH,Inco718,11292,650,72.9025,245.442,77.424,7336.100929,6241212.204,15.24140146,100.5921851,0.211214005,0.52154757,0.394097939,0.084354491,51.11552795,1359467.374,45264.29249,10,sdf_meridian_v0.1
F404_0068,C_Inco718_RPM11292_T650_OR244.042_BR70.0685,68,D:\sdfdata\F404HPT\data\raw\pdf\F404_0068.pdf,D:\sdfdata\F404HPT\data\processed\meridian_samples\F404_0068.npz,D:\sdfdata\F404HPT\data\reports\figures\pdf_contour_overlay\F404_0068.png,vector,FALSE,MULTI_INTERVAL_AT_R;WIDTH_MISMATCH,Inco718,11292,650,70.0685,244.042,81.904,7644.724058,6501900.287,12.12551279,100.5921605,0.196608636,0.511632037,0.374800213,0.11356775,53.25056335,1414169.876,56248.62538,10,sdf_meridian_v0.1
F404_0069,C_Inco718_RPM11292_T650_OR254.178_BR70.6535,69,D:\sdfdata\F404HPT\data\raw\pdf\F404_0069.pdf,D:\sdfdata\F404HPT\data\processed\meridian_samples\F404_0069.npz,D:\sdfdata\F404HPT\data\reports\figures\pdf_contour_overlay\F404_0069.png,vector,FALSE,MULTI_INTERVAL_AT_R;WIDTH_MISMATCH,Inco718,11292,650,70.6535,254.178,78.544,7743.613896,6797155.997,13.9271881,100.5922935,0.209795793,0.49932805,0.360072293,0.140599657,55.66870762,1610391.483,53124.5607,10,sdf_meridian_v0.1
F404_0070,C_Inco718_RPM11292_T650_OR250.118_BR69.7825,70,D:\sdfdata\F404HPT\data\raw\pdf\F404_0070.pdf,D:\sdfdata\F404HPT\data\processed\meridian_samples\F404_0070.npz,D:\sdfdata\F404HPT\data\reports\figures\pdf_contour_overlay\F404_0070.png,vector,FALSE,MULTI_INTERVAL_AT_R;WIDTH_MISMATCH,Inco718,11292,650,69.7825,250.118,87.6,8002.864654,6838625.658,12.37842354,100.5921619,0.196922094,0.51994007,0.367249813,0.112810118,56.00834414,1541544.172,57877.18936,10,sdf_meridian_v0.1
F404_0071,C_Inco718_RPM11292_T650_OR244.266_BR69.0675,71,D:\sdfdata\F404HPT\data\raw\pdf\F404_0071.pdf,D:\sdfdata\F404HPT\data\processed\meridian_samples\F404_0071.npz,D:\sdfdata\F404HPT\data\reports\figures\pdf_contour_overlay\F404_0071.png,vector,FALSE,MULTI_INTERVAL_AT_R;WIDTH_MISMATCH,Inco718,11292,650,69.0675,244.266,72.88,7905.924307,6602094.944,11.91214444,100.5922495,0.200031654,0.530833189,0.380391478,0.088775333,54.07115759,1407054.471,57361.29759,10,sdf_meridian_v0.1
F404_0072,C_Inco718_RPM11292_T650_OR246.282_BR72.1225,72,D:\sdfdata\F404HPT\data\raw\pdf\F404_0072.pdf,D:\sdfdata\F404HPT\data\processed\meridian_samples\F404_0072.npz,D:\sdfdata\F404HPT\data\reports\figures\pdf_contour_overlay\F404_0072.png,vector,FALSE,MULTI_INTERVAL_AT_R;WIDTH_MISMATCH,Inco718,11292,650,72.1225,246.282,82.736,7909.797483,6773507.21,16.47702017,100.5922102,0.20178228,0.516116538,0.355252399,0.128631063,55.47502405,1515837.068,42156.98534,10,sdf_meridian_v0.1
F404_0073,C_Inco718_RPM11292_T650_OR257.342_BR69.1065,73,D:\sdfdata\F404HPT\data\raw\pdf\F404_0073.pdf,D:\sdfdata\F404HPT\data\processed\meridian_samples\F404_0073.npz,D:\sdfdata\F404HPT\data\reports\figures\pdf_contour_overlay\F404_0073.png,vector,FALSE,MULTI_INTERVAL_AT_R;WIDTH_MISMATCH,Inco718,11292,650,69.1065,257.342,74.608,8334.073526,7266529.131,12.73112356,100.5921035,0.24953993,0.512219648,0.358326411,0.129453941,59.51287359,1761064.089,59571.3562,10,sdf_meridian_v0.1
F404_0074,C_Inco718_RPM11292_T650_OR253.282_BR70.9005,74,D:\sdfdata\F404HPT\data\raw\pdf\F404_0074.pdf,D:\sdfdata\F404HPT\data\processed\meridian_samples\F404_0074.npz,D:\sdfdata\F404HPT\data\reports\figures\pdf_contour_overlay\F404_0074.png,vector,FALSE,MULTI_INTERVAL_AT_R;WIDTH_MISMATCH,Inco718,11292,650,70.9005,253.282,87.664,8084.820358,7012092.198,14.80757479,101.6405775,0.20779895,0.496109555,0.369436664,0.134453782,57.4290351,1611111.961,49614.38307,10,sdf_meridian_v0.1
F404_0075,C_Inco718_RPM11292_T650_OR249.082_BR68.3785,75,D:\sdfdata\F404HPT\data\raw\pdf\F404_0075.pdf,D:\sdfdata\F404HPT\data\processed\meridian_samples\F404_0075.npz,D:\sdfdata\F404HPT\data\reports\figures\pdf_contour_overlay\F404_0075.png,vector,FALSE,MULTI_INTERVAL_AT_R;WIDTH_MISMATCH,Inco718,11292,650,68.3785,249.082,83.088,8155.854773,6867030.334,15.22651085,100.5921912,0.200031961,0.52001558,0.394512485,0.085471935,56.24097843,1484728.25,46662.41039,10,sdf_meridian_v0.1
F404_0076,C_Inco718_RPM11292_T650_OR253.366_BR70.7835,76,D:\sdfdata\F404HPT\data\raw\pdf\F404_0076.pdf,D:\sdfdata\F404HPT\data\processed\meridian_samples\F404_0076.npz,D:\sdfdata\F404HPT\data\reports\figures\pdf_contour_overlay\F404_0076.png,vector,FALSE,MULTI_INTERVAL_AT_R;WIDTH_MISMATCH,Inco718,11292,650,70.7835,253.366,74.48,7996.303371,6946018.244,12.7189097,100.5920542,0.21837186,0.517204493,0.333481904,0.149313603,56.88788942,1649664.943,57800.24279,10,sdf_meridian_v0.1
F404_0077,C_Inco718_RPM11292_T650_OR251.994_BR66.9485,77,D:\sdfdata\F404HPT\data\raw\pdf\F404_0077.pdf,D:\sdfdata\F404HPT\data\processed\meridian_samples\F404_0077.npz,D:\sdfdata\F404HPT\data\reports\figures\pdf_contour_overlay\F404_0077.png,vector,FALSE,MULTI_INTERVAL_AT_R;WIDTH_MISMATCH,Inco718,11292,650,66.9485,251.994,83.76,8322.731124,7063054.602,15.02386525,103.1252155,0.228095498,0.529730691,0.362812194,0.107457115,57.84641719,1587999.894,48404.03847,10,sdf_meridian_v0.1
F404_0078,C_Inco718_RPM11292_T650_OR252.526_BR71.7325,78,D:\sdfdata\F404HPT\data\raw\pdf\F404_0078.pdf,D:\sdfdata\F404HPT\data\processed\meridian_samples\F404_0078.npz,D:\sdfdata\F404HPT\data\reports\figures\pdf_contour_overlay\F404_0078.png,vector,FALSE,MULTI_INTERVAL_AT_R;WIDTH_MISMATCH,Inco718,11292,650,71.7325,252.526,87.696,8136.894883,7126624.451,14.48006018,100.5920181,0.195387046,0.484826087,0.391826087,0.123347826,58.36705426,1666322.502,50434.15036,10,sdf_meridian_v0.1
F404_0079,C_Inco718_RPM11292_T650_OR249.474_BR68.4565,79,D:\sdfdata\F404HPT\data\raw\pdf\F404_0079.pdf,D:\sdfdata\F404HPT\data\processed\meridian_samples\F404_0079.npz,D:\sdfdata\F404HPT\data\reports\figures\pdf_contour_overlay\F404_0079.png,vector,FALSE,MULTI_INTERVAL_AT_R;WIDTH_MISMATCH,Inco718,11292,650,68.4565,249.474,86.352,7961.651482,6921309.17,14.00234412,100.5922065,0.192887784,0.491088493,0.39428419,0.114627317,56.6855221,1589576.586,50901.74968,10,sdf_meridian_v0.1
F404_0080,C_Inco718_RPM11292_T650_OR247.01_BR68.7425,80,D:\sdfdata\F404HPT\data\raw\pdf\F404_0080.pdf,D:\sdfdata\F404HPT\data\processed\meridian_samples\F404_0080.npz,D:\sdfdata\F404HPT\data\reports\figures\pdf_contour_overlay\F404_0080.png,vector,FALSE,MULTI_INTERVAL_AT_R;WIDTH_MISMATCH,Inco718,11292,650,68.7425,247.01,74.992,8045.853276,6934856.16,16.73481413,100.5921531,0.20288126,0.496173966,0.397388786,0.106437249,56.79647195,1570963.758,41753.32394,10,sdf_meridian_v0.1
F404_0081,C_Inco718_RPM11292_T650_OR250.342_BR72.0835,81,D:\sdfdata\F404HPT\data\raw\pdf\F404_0081.pdf,D:\sdfdata\F404HPT\data\processed\meridian_samples\F404_0081.npz,D:\sdfdata\F404HPT\data\reports\figures\pdf_contour_overlay\F404_0081.png,vector,FALSE,MULTI_INTERVAL_AT_R;WIDTH_MISMATCH,Inco718,11292,650,72.0835,250.342,81.68,7862.353206,6807781.391,15.86769014,100.5920512,0.181005166,0.506963541,0.373015169,0.12002129,55.75572959,1564490.184,45231.04282,10,sdf_meridian_v0.1
F404_0082,C_Inco718_RPM11292_T650_OR244.462_BR71.7975,82,D:\sdfdata\F404HPT\data\raw\pdf\F404_0082.pdf,D:\sdfdata\F404HPT\data\processed\meridian_samples\F404_0082.npz,D:\sdfdata\F404HPT\data\reports\figures\pdf_contour_overlay\F404_0082.png,vector,FALSE,MULTI_INTERVAL_AT_R;WIDTH_MISMATCH,Inco718,11292,650,71.7975,244.462,85.648,7813.252252,6653669.562,14.63826691,100.5920475,0.212810949,0.514794177,0.387369876,0.097835947,54.49355371,1453998.393,46753.69463,10,sdf_meridian_v0.1
F404_0083,C_Inco718_RPM11292_T650_OR257.006_BR68.9245,83,D:\sdfdata\F404HPT\data\raw\pdf\F404_0083.pdf,D:\sdfdata\F404HPT\data\processed\meridian_samples\F404_0083.npz,D:\sdfdata\F404HPT\data\reports\figures\pdf_contour_overlay\F404_0083.png,vector,FALSE,MULTI_INTERVAL_AT_R;WIDTH_MISMATCH,Inco718,11292,650,68.9245,257.006,85.264,8201.673467,7139338.922,16.06361279,100.5920025,0.250973392,0.509810014,0.369495739,0.120694247,58.47118577,1723757.565,47089.7272,10,sdf_meridian_v0.1
F404_0084,C_Inco718_RPM11292_T650_OR253.394_BR67.7545,84,D:\sdfdata\F404HPT\data\raw\pdf\F404_0084.pdf,D:\sdfdata\F404HPT\data\processed\meridian_samples\F404_0084.npz,D:\sdfdata\F404HPT\data\reports\figures\pdf_contour_overlay\F404_0084.png,vector,FALSE,MULTI_INTERVAL_AT_R;WIDTH_MISMATCH,Inco718,11292,650,67.7545,253.394,76.848,8177.625176,7021314.487,14.75946389,100.592153,0.219161906,0.50217565,0.377053548,0.120770802,57.50456565,1577589.393,49820.14054,10,sdf_meridian_v0.1
F404_0085,C_Inco718_RPM11292_T650_OR246.226_BR70.1465,85,D:\sdfdata\F404HPT\data\raw\pdf\F404_0085.pdf,D:\sdfdata\F404HPT\data\processed\meridian_samples\F404_0085.npz,D:\sdfdata\F404HPT\data\reports\figures\pdf_contour_overlay\F404_0085.png,vector,FALSE,MULTI_INTERVAL_AT_R;WIDTH_MISMATCH,Inco718,11292,650,70.1465,246.226,84.624,7530.678101,6355201.358,16.04230981,100.5921123,0.203743211,0.529020198,0.383486071,0.087493731,52.04909912,1386007.81,43279.65571,10,sdf_meridian_v0.1
F404_0086,C_Inco718_RPM11292_T650_OR248.494_BR68.1055,86,D:\sdfdata\F404HPT\data\raw\pdf\F404_0086.pdf,D:\sdfdata\F404HPT\data\processed\meridian_samples\F404_0086.npz,D:\sdfdata\F404HPT\data\reports\figures\pdf_contour_overlay\F404_0086.png,vector,FALSE,MULTI_INTERVAL_AT_R;WIDTH_MISMATCH,Inco718,11292,650,68.1055,248.494,85.232,8221.658763,6919896.598,13.14887461,100.5922084,0.204249764,0.518489952,0.387067746,0.094442302,56.67395313,1507712.559,53780.65743,10,sdf_meridian_v0.1
F404_0087,C_Inco718_RPM11292_T650_OR254.598_BR69.6395,87,D:\sdfdata\F404HPT\data\raw\pdf\F404_0087.pdf,D:\sdfdata\F404HPT\data\processed\meridian_samples\F404_0087.npz,D:\sdfdata\F404HPT\data\reports\figures\pdf_contour_overlay\F404_0087.png,vector,FALSE,MULTI_INTERVAL_AT_R;WIDTH_MISMATCH,Inco718,11292,650,69.6395,254.598,76.528,8206.727581,7052836.097,13.40141738,100.5920776,0.228018434,0.506060205,0.380624972,0.113314822,57.76272763,1620680.434,55391.37153,10,sdf_meridian_v0.1
F404_0088,C_Inco718_RPM11292_T650_OR251.21_BR67.4685,88,D:\sdfdata\F404HPT\data\raw\pdf\F404_0088.pdf,D:\sdfdata\F404HPT\data\processed\meridian_samples\F404_0088.npz,D:\sdfdata\F404HPT\data\reports\figures\pdf_contour_overlay\F404_0088.png,vector,FALSE,MULTI_INTERVAL_AT_R;WIDTH_MISMATCH,Inco718,11292,650,67.4685,251.21,73.456,7916.511409,6599491.501,13.7734259,100.592123,0.211256696,0.553557644,0.361440312,0.085002043,54.04983539,1448516.728,52470.44491,10,sdf_meridian_v0.1
F404_0089,C_Inco718_RPM11292_T650_OR248.102_BR66.8705,89,D:\sdfdata\F404HPT\data\raw\pdf\F404_0089.pdf,D:\sdfdata\F404HPT\data\processed\meridian_samples\F404_0089.npz,D:\sdfdata\F404HPT\data\reports\figures\pdf_contour_overlay\F404_0089.png,vector,FALSE,MULTI_INTERVAL_AT_R;WIDTH_MISMATCH,Inco718,11292,650,66.8705,248.102,81.84,7983.184713,6700563.703,14.71420616,100.9996865,0.200238831,0.542313337,0.374438565,0.083248099,54.87761672,1470223.771,47907.8378,10,sdf_meridian_v0.1
F404_0090,C_Inco718_RPM11292_T650_OR245.89_BR72.6165,90,D:\sdfdata\F404HPT\data\raw\pdf\F404_0090.pdf,D:\sdfdata\F404HPT\data\processed\meridian_samples\F404_0090.npz,D:\sdfdata\F404HPT\data\reports\figures\pdf_contour_overlay\F404_0090.png,vector,FALSE,MULTI_INTERVAL_AT_R;WIDTH_MISMATCH,Inco718,11292,650,72.6165,245.89,77.68,7547.769821,6385978.59,8.023056447,100.5921091,0.196047529,0.515942678,0.364800717,0.119256605,52.30116465,1392675.781,86302.77549,10,sdf_meridian_v0.1
F404_0091,C_Inco718_RPM11292_T650_OR247.542_BR67.5075,91,D:\sdfdata\F404HPT\data\raw\pdf\F404_0091.pdf,D:\sdfdata\F404HPT\data\processed\meridian_samples\F404_0091.npz,D:\sdfdata\F404HPT\data\reports\figures\pdf_contour_overlay\F404_0091.png,vector,FALSE,MULTI_INTERVAL_AT_R;WIDTH_MISMATCH,Inco718,11292,650,67.5075,247.542,85.136,7878.078098,6622064.187,14.61702159,100.3326026,0.191968562,0.53501138,0.353594859,0.111393761,54.23470569,1449906.941,48008.90262,10,sdf_meridian_v0.1
F404_0092,C_Inco718_RPM11292_T650_OR247.99_BR71.0565,92,D:\sdfdata\F404HPT\data\raw\pdf\F404_0092.pdf,D:\sdfdata\F404HPT\data\processed\meridian_samples\F404_0092.npz,D:\sdfdata\F404HPT\data\reports\figures\pdf_contour_overlay\F404_0092.png,vector,FALSE,MULTI_INTERVAL_AT_R;WIDTH_MISMATCH,Inco718,11292,650,71.0565,247.99,82.832,7609.023846,6511004.65,14.36525105,98.60442602,0.187407863,0.514472039,0.381007683,0.104520279,53.32512808,1447486.94,49027.30191,10,sdf_meridian_v0.1
F404_0093,C_Inco718_RPM11292_T650_OR244.378_BR69.5745,93,D:\sdfdata\F404HPT\data\raw\pdf\F404_0093.pdf,D:\sdfdata\F404HPT\data\processed\meridian_samples\F404_0093.npz,D:\sdfdata\F404HPT\data\reports\figures\pdf_contour_overlay\F404_0093.png,vector,FALSE,MULTI_INTERVAL_AT_R;WIDTH_MISMATCH,Inco718,11292,650,69.5745,244.378,86.768,7426.925305,6249437.681,14.19231611,97.41738441,0.198944862,0.534371236,0.389124325,0.076504439,51.18289461,1352459.439,48189.65459,10,sdf_meridian_v0.1
F404_0094,C_Inco718_RPM11292_T650_OR245.638_BR67.2085,94,D:\sdfdata\F404HPT\data\raw\pdf\F404_0094.pdf,D:\sdfdata\F404HPT\data\processed\meridian_samples\F404_0094.npz,D:\sdfdata\F404HPT\data\reports\figures\pdf_contour_overlay\F404_0094.png,vector,FALSE,MULTI_INTERVAL_AT_R;WIDTH_MISMATCH,Inco718,11292,650,67.2085,245.638,80.912,7584.534154,6346862.089,15.50131432,100.5919964,0.197236791,0.527279402,0.401550957,0.071169642,51.98080051,1352297.283,44576.448,10,sdf_meridian_v0.1
F404_0095,C_Inco718_RPM11292_T650_OR244.742_BR71.2775,95,D:\sdfdata\F404HPT\data\raw\pdf\F404_0095.pdf,D:\sdfdata\F404HPT\data\processed\meridian_samples\F404_0095.npz,D:\sdfdata\F404HPT\data\reports\figures\pdf_contour_overlay\F404_0095.png,vector,FALSE,MULTI_INTERVAL_AT_R;WIDTH_MISMATCH,Inco718,11292,650,71.2775,244.742,81.104,7238.850475,6124199.868,15.59626646,100.5919899,0.194691409,0.515970631,0.407847355,0.076182014,50.15719692,1306407.35,43982.43198,10,sdf_meridian_v0.1
F404_0096,C_Inco718_RPM11292_T650_OR244.854_BR70.4845,96,D:\sdfdata\F404HPT\data\raw\pdf\F404_0096.pdf,D:\sdfdata\F404HPT\data\processed\meridian_samples\F404_0096.npz,D:\sdfdata\F404HPT\data\reports\figures\pdf_contour_overlay\F404_0096.png,vector,FALSE,MULTI_INTERVAL_AT_R;WIDTH_MISMATCH,Inco718,11292,650,70.4845,244.854,72.912,7390.092127,6253280.223,14.1570796,97.17551771,0.199824493,0.52846983,0.373887373,0.097642796,51.21436503,1359885.632,48497.97543,10,sdf_meridian_v0.1
F404_0097,C_Inco718_RPM11292_T650_OR246.478_BR72.3955,97,D:\sdfdata\F404HPT\data\raw\pdf\F404_0097.pdf,D:\sdfdata\F404HPT\data\processed\meridian_samples\F404_0097.npz,D:\sdfdata\F404HPT\data\reports\figures\pdf_contour_overlay\F404_0097.png,vector,FALSE,MULTI_INTERVAL_AT_R;WIDTH_MISMATCH,Inco718,11292,650,72.3955,246.478,72.176,7365.784998,6316264.973,14.13377803,97.01557361,0.199543094,0.504540371,0.38734064,0.108118989,51.73021013,1397359.36,49224.45684,10,sdf_meridian_v0.1
F404_0098,C_Inco718_RPM11292_T650_OR244.014_BR67.1695,98,D:\sdfdata\F404HPT\data\raw\pdf\F404_0098.pdf,D:\sdfdata\F404HPT\data\processed\meridian_samples\F404_0098.npz,D:\sdfdata\F404HPT\data\reports\figures\pdf_contour_overlay\F404_0098.png,vector,FALSE,MULTI_INTERVAL_AT_R;WIDTH_MISMATCH,Inco718,11292,650,67.1695,244.014,83.856,7601.370882,6317244.987,14.35802513,98.55482663,0.187305907,0.547371242,0.34810381,0.104524948,51.73823645,1350767.842,47491.69345,10,sdf_meridian_v0.1
F404_0099,C_Inco718_RPM11292_T650_OR246.674_BR70.6015,99,D:\sdfdata\F404HPT\data\raw\pdf\F404_0099.pdf,D:\sdfdata\F404HPT\data\processed\meridian_samples\F404_0099.npz,D:\sdfdata\F404HPT\data\reports\figures\pdf_contour_overlay\F404_0099.png,vector,FALSE,MULTI_INTERVAL_AT_R;WIDTH_MISMATCH,Inco718,11292,650,70.6015,246.674,80.368,7674.076959,6412017.255,13.12243606,100.592144,0.191936454,0.542549854,0.368989469,0.088460677,52.51442131,1374882.415,53102.52399,10,sdf_meridian_v0.1
F404_0100,C_Inco718_RPM11292_T650_OR254.29_BR69.3795,100,D:\sdfdata\F404HPT\data\raw\pdf\F404_0100.pdf,D:\sdfdata\F404HPT\data\processed\meridian_samples\F404_0100.npz,D:\sdfdata\F404HPT\data\reports\figures\pdf_contour_overlay\F404_0100.png,vector,FALSE,MULTI_INTERVAL_AT_R;WIDTH_MISMATCH,Inco718,11292,650,69.3795,254.29,87.024,8046.140604,6903572.316,11.79540887,100.5920655,0.211901929,0.50493805,0.372149398,0.122912552,56.54025727,1579141.001,62781.03061,10,sdf_meridian_v0.1
F404_0101,C_Inco718_RPM11292_T650_OR248.914_BR68.5995,101,D:\sdfdata\F404HPT\data\raw\pdf\F404_0101.pdf,D:\sdfdata\F404HPT\data\processed\meridian_samples\F404_0101.npz,D:\sdfdata\F404HPT\data\reports\figures\pdf_contour_overlay\F404_0101.png,vector,FALSE,MULTI_INTERVAL_AT_R;WIDTH_MISMATCH,Inco718,11292,650,68.5995,248.914,73.584,7916.066341,6530863.171,16.19984329,100.5920581,0.201185271,0.55756711,0.360563631,0.081869259,53.48776937,1374979.914,43799.65715,10,sdf_meridian_v0.1
F404_0102,C_Inco718_RPM11292_T650_OR256.446_BR72.0185,102,D:\sdfdata\F404HPT\data\raw\pdf\F404_0102.pdf,D:\sdfdata\F404HPT\data\processed\meridian_samples\F404_0102.npz,D:\sdfdata\F404HPT\data\reports\figures\pdf_contour_overlay\F404_0102.png,vector,FALSE,MULTI_INTERVAL_AT_R;WIDTH_MISMATCH,Inco718,11292,650,72.0185,256.446,83.152,8037.141109,7099646.269,13.91136975,100.5922321,0.207736673,0.492931831,0.370641296,0.136426873,58.14610294,1704987.504,54138.32833,10,sdf_meridian_v0.1
F404_0103,C_Inco718_RPM11292_T650_OR246.758_BR72.7075,103,D:\sdfdata\F404HPT\data\raw\pdf\F404_0103.pdf,D:\sdfdata\F404HPT\data\processed\meridian_samples\F404_0103.npz,D:\sdfdata\F404HPT\data\reports\figures\pdf_contour_overlay\F404_0103.png,vector,FALSE,MULTI_INTERVAL_AT_R;WIDTH_MISMATCH,Inco718,11292,650,72.7075,246.758,82.384,7343.150209,6257386.16,9.212307082,100.592215,0.205773604,0.517425155,0.367735657,0.114839188,51.24799265,1372695.74,75693.2153,10,sdf_meridian_v0.1
F404_0104,C_Inco718_RPM11292_T650_OR252.638_BR67.6375,104,D:\sdfdata\F404HPT\data\raw\pdf\F404_0104.pdf,D:\sdfdata\F404HPT\data\processed\meridian_samples\F404_0104.npz,D:\sdfdata\F404HPT\data\reports\figures\pdf_contour_overlay\F404_0104.png,vector,FALSE,MULTI_INTERVAL_AT_R;WIDTH_MISMATCH,Inco718,11292,650,67.6375,252.638,86.256,7943.211091,6706349.027,7.378430918,100.5920882,0.230545069,0.534003548,0.347723241,0.118273211,54.92499853,1519995.053,99064.07995,10,sdf_meridian_v0.1
F404_0105,C_Inco718_RPM11292_T650_OR247.038_BR71.5895,105,D:\sdfdata\F404HPT\data\raw\pdf\F404_0105.pdf,D:\sdfdata\F404HPT\data\processed\meridian_samples\F404_0105.npz,D:\sdfdata\F404HPT\data\reports\figures\pdf_contour_overlay\F404_0105.png,vector,FALSE,MULTI_INTERVAL_AT_R;WIDTH_MISMATCH,Inco718,11292,650,71.5895,247.038,84.048,7481.835014,6401528.171,14.24468373,97.77684067,0.194956159,0.513468914,0.410043707,0.076487378,52.42851572,1419260.113,49063.39436,10,sdf_meridian_v0.1
F404_0106,C_Inco718_RPM11292_T650_OR256.614_BR70.5365,106,D:\sdfdata\F404HPT\data\raw\pdf\F404_0106.pdf,D:\sdfdata\F404HPT\data\processed\meridian_samples\F404_0106.npz,D:\sdfdata\F404HPT\data\reports\figures\pdf_contour_overlay\F404_0106.png,vector,FALSE,MULTI_INTERVAL_AT_R;WIDTH_MISMATCH,Inco718,11292,650,70.5365,256.614,79.216,8094.923998,7046183.96,13.51668758,100.5920718,0.229706206,0.49788764,0.395370787,0.106741573,57.70824664,1638491.923,55792.17515,10,sdf_meridian_v0.1
F404_0107,C_Inco718_RPM11292_T650_OR247.458_BR71.3035,107,D:\sdfdata\F404HPT\data\raw\pdf\F404_0107.pdf,D:\sdfdata\F404HPT\data\processed\meridian_samples\F404_0107.npz,D:\sdfdata\F404HPT\data\reports\figures\pdf_contour_overlay\F404_0107.png,vector,FALSE,MULTI_INTERVAL_AT_R;WIDTH_MISMATCH,Inco718,11292,650,71.3035,247.458,77.104,7640.500845,6662673.206,15.24318335,100.5920314,0.1961422,0.486552237,0.420507276,0.092940487,54.56729356,1513175.813,46005.54715,10,sdf_meridian_v0.1
F404_0108,C_Inco718_RPM11292_T650_OR251.434_BR68.1315,108,D:\sdfdata\F404HPT\data\raw\pdf\F404_0108.pdf,D:\sdfdata\F404HPT\data\processed\meridian_samples\F404_0108.npz,D:\sdfdata\F404HPT\data\reports\figures\pdf_contour_overlay\F404_0108.png,vector,FALSE,MULTI_INTERVAL_AT_R;WIDTH_MISMATCH,Inco718,11292,650,68.1315,251.434,72.272,8288.771771,7107769.572,14.25542586,100.5922374,0.219020477,0.505794845,0.386351842,0.107853313,58.2126328,1609950.714,50786.78135,10,sdf_meridian_v0.1
F404_0109,C_Inco718_RPM11292_T650_OR245.302_BR67.2865,109,D:\sdfdata\F404HPT\data\raw\pdf\F404_0109.pdf,D:\sdfdata\F404HPT\data\processed\meridian_samples\F404_0109.npz,D:\sdfdata\F404HPT\data\reports\figures\pdf_contour_overlay\F404_0109.png,vector,FALSE,MULTI_INTERVAL_AT_R;WIDTH_MISMATCH,Inco718,11292,650,67.2865,245.302,85.008,7702.371203,6427706.615,14.45309875,99.20742087,0.183589738,0.541188552,0.343929991,0.114881457,52.64291717,1386754.733,47678.6648,10,sdf_meridian_v0.1
F404_0110,C_Inco718_RPM11292_T650_OR254.066_BR67.4035,110,D:\sdfdata\F404HPT\data\raw\pdf\F404_0110.pdf,D:\sdfdata\F404HPT\data\processed\meridian_samples\F404_0110.npz,D:\sdfdata\F404HPT\data\reports\figures\pdf_contour_overlay\F404_0110.png,vector,FALSE,MULTI_INTERVAL_AT_R;WIDTH_MISMATCH,Inco718,11292,650,67.4035,254.066,74.288,8521.230038,7244729.746,15.94357567,100.5921229,0.233429345,0.526766229,0.360306389,0.112927382,59.33433662,1658091.595,46364.99845,10,sdf_meridian_v0.1
F404_0111,C_Inco718_RPM11292_T650_OR246.786_BR71.2385,111,D:\sdfdata\F404HPT\data\raw\pdf\F404_0111.pdf,D:\sdfdata\F404HPT\data\processed\meridian_samples\F404_0111.npz,D:\sdfdata\F404HPT\data\reports\figures\pdf_contour_overlay\F404_0111.png,vector,FALSE,MULTI_INTERVAL_AT_R;WIDTH_MISMATCH,Inco718,11292,650,71.2385,246.786,80.656,7233.942935,6024994.737,11.2286645,100.5921059,0.191568363,0.535748106,0.391382576,0.072869318,49.3447069,1259422.35,62114.90257,10,sdf_meridian_v0.1
F404_0112,C_Inco718_RPM11292_T650_OR254.43_BR66.5325,112,D:\sdfdata\F404HPT\data\raw\pdf\F404_0112.pdf,D:\sdfdata\F404HPT\data\processed\meridian_samples\F404_0112.npz,D:\sdfdata\F404HPT\data\reports\figures\pdf_contour_overlay\F404_0112.png,vector,FALSE,MULTI_INTERVAL_AT_R;WIDTH_MISMATCH,Inco718,11292,650,66.5325,254.43,80.272,8261.961271,7097152.813,15.65875088,100.5920827,0.247016601,0.499977751,0.36928759,0.130734659,58.12568154,1624003.237,47343.722,10,sdf_meridian_v0.1
F404_0114,C_Inco718_RPM11292_T650_OR255.074_BR71.7455,114,D:\sdfdata\F404HPT\data\raw\pdf\F404_0114.pdf,D:\sdfdata\F404HPT\data\processed\meridian_samples\F404_0114.npz,D:\sdfdata\F404HPT\data\reports\figures\pdf_contour_overlay\F404_0114.png,vector,FALSE,MULTI_INTERVAL_AT_R;WIDTH_MISMATCH,Inco718,11292,650,71.7455,255.074,86.224,8168.997781,7146365.08,14.88446183,102.1683373,0.215729424,0.476575696,0.389012357,0.134411948,58.52873001,1665077.547,50058.99489,10,sdf_meridian_v0.1
F404_0115,C_Inco718_RPM11292_T650_OR246.562_BR67.9495,115,D:\sdfdata\F404HPT\data\raw\pdf\F404_0115.pdf,D:\sdfdata\F404HPT\data\processed\meridian_samples\F404_0115.npz,D:\sdfdata\F404HPT\data\reports\figures\pdf_contour_overlay\F404_0115.png,vector,FALSE,MULTI_INTERVAL_AT_R;WIDTH_MISMATCH,Inco718,11292,650,67.9495,246.562,78.32,7754.119799,6513900.097,14.50156925,99.5401269,0.184386805,0.534913832,0.360612555,0.104473614,53.34884179,1419773.415,48008.72411,10,sdf_meridian_v0.1
F404_0116,C_Inco718_RPM11292_T650_OR251.602_BR68.0795,116,D:\sdfdata\F404HPT\data\raw\pdf\F404_0116.pdf,D:\sdfdata\F404HPT\data\processed\meridian_samples\F404_0116.npz,D:\sdfdata\F404HPT\data\reports\figures\pdf_contour_overlay\F404_0116.png,vector,FALSE,MULTI_INTERVAL_AT_R;WIDTH_MISMATCH,Inco718,11292,650,68.0795,251.602,77.648,8186.295954,6976606.612,14.90021271,102.2764529,0.21691151,0.522977778,0.369555556,0.107466667,57.13840815,1571262.64,48654.00399,10,sdf_meridian_v0.1
F404_0117,C_Inco718_RPM11292_T650_OR245.834_BR69.5875,117,D:\sdfdata\F404HPT\data\raw\pdf\F404_0117.pdf,D:\sdfdata\F404HPT\data\processed\meridian_samples\F404_0117.npz,D:\sdfdata\F404HPT\data\reports\figures\pdf_contour_overlay\F404_0117.png,vector,FALSE,MULTI_INTERVAL_AT_R;WIDTH_MISMATCH,Inco718,11292,650,69.5875,245.834,78.032,7550.049702,6378856.934,14.30947344,98.2215633,0.191176523,0.528681201,0.354092209,0.11722659,52.24283829,1391542.334,48366.32826,10,sdf_meridian_v0.1
F404_0118,C_Inco718_RPM11292_T650_OR247.794_BR69.2235,118,D:\sdfdata\F404HPT\data\raw\pdf\F404_0118.pdf,D:\sdfdata\F404HPT\data\processed\meridian_samples\F404_0118.npz,D:\sdfdata\F404HPT\data\reports\figures\pdf_contour_overlay\F404_0118.png,vector,FALSE,MULTI_INTERVAL_AT_R;WIDTH_MISMATCH,Inco718,11292,650,69.2235,247.794,73.136,7959.036465,6643559.973,13.16108751,100.5921327,0.178494373,0.543451599,0.373674989,0.082873412,54.41075618,1443923.96,53428.46197,10,sdf_meridian_v0.1
F404_0119,C_Inco718_RPM11292_T650_OR249.754_BR71.3165,119,D:\sdfdata\F404HPT\data\raw\pdf\F404_0119.pdf,D:\sdfdata\F404HPT\data\processed\meridian_samples\F404_0119.npz,D:\sdfdata\F404HPT\data\reports\figures\pdf_contour_overlay\F404_0119.png,vector,FALSE,MULTI_INTERVAL_AT_R;WIDTH_MISMATCH,Inco718,11292,650,71.3165,249.754,83.664,7738.932663,6661730.489,14.48736098,99.4426,0.18414173,0.504598625,0.371506384,0.123894991,54.55957271,1499079.575,49308.12635,10,sdf_meridian_v0.1
F404_0120,C_Inco718_RPM11292_T650_OR257.79_BR66.8575,120,D:\sdfdata\F404HPT\data\raw\pdf\F404_0120.pdf,D:\sdfdata\F404HPT\data\processed\meridian_samples\F404_0120.npz,D:\sdfdata\F404HPT\data\reports\figures\pdf_contour_overlay\F404_0120.png,vector,FALSE,MULTI_INTERVAL_AT_R;WIDTH_MISMATCH,Inco718,11292,650,66.8575,257.79,84.944,8860.710067,7635191.254,15.50183146,106.4060202,0.237899572,0.518159488,0.362049303,0.11979121,62.53221637,1804282.316,49094.40478,10,sdf_meridian_v0.1
F404_0121,C_Inco718_RPM11292_T650_OR248.97_BR72.6685,121,D:\sdfdata\F404HPT\data\raw\pdf\F404_0121.pdf,D:\sdfdata\F404HPT\data\processed\meridian_samples\F404_0121.npz,D:\sdfdata\F404HPT\data\reports\figures\pdf_contour_overlay\F404_0121.png,vector,FALSE,MULTI_INTERVAL_AT_R;WIDTH_MISMATCH,Inco718,11292,650,72.6685,248.97,82.96,7707.598882,6717698.42,16.60243778,100.5919697,0.192930901,0.499843687,0.405966683,0.09418963,55.01795006,1550003.936,42756.78618,10,sdf_meridian_v0.1
F404_0122,C_Inco718_RPM11292_T650_OR254.738_BR68.1185,122,D:\sdfdata\F404HPT\data\raw\pdf\F404_0122.pdf,D:\sdfdata\F404HPT\data\processed\meridian_samples\F404_0122.npz,D:\sdfdata\F404HPT\data\reports\figures\pdf_contour_overlay\F404_0122.png,vector,FALSE,MULTI_INTERVAL_AT_R;WIDTH_MISMATCH,Inco718,11292,650,68.1185,254.738,78.896,8486.263006,7355289.029,15.728806,100.5921438,0.240030161,0.51548301,0.350747233,0.133769758,60.23981715,1734217.147,47247.03837,10,sdf_meridian_v0.1
F404_0123,C_Inco718_RPM11292_T650_OR249.25_BR68.4045,123,D:\sdfdata\F404HPT\data\raw\pdf\F404_0123.pdf,D:\sdfdata\F404HPT\data\processed\meridian_samples\F404_0123.npz,D:\sdfdata\F404HPT\data\reports\figures\pdf_contour_overlay\F404_0123.png,vector,FALSE,MULTI_INTERVAL_AT_R;WIDTH_MISMATCH,Inco718,11292,650,68.4045,249.25,86.512,7949.214595,6741572.192,14.68286678,100.7845701,0.196992118,0.529689098,0.380109416,0.090201486,55.21347625,1497721.589,48455.4189,10,sdf_meridian_v0.1
F404_0124,C_Inco718_RPM11292_T650_OR257.874_BR70.1855,124,D:\sdfdata\F404HPT\data\raw\pdf\F404_0124.pdf,D:\sdfdata\F404HPT\data\processed\meridian_samples\F404_0124.npz,D:\sdfdata\F404HPT\data\reports\figures\pdf_contour_overlay\F404_0124.png,vector,FALSE,MULTI_INTERVAL_AT_R;WIDTH_MISMATCH,Inco718,11292,650,70.1855,257.874,73.232,7807.394235,6832770.368,12.75946636,100.5921883,0.24417461,0.491574748,0.39699601,0.111429242,55.96038931,1614253.153,59685.03862,10,sdf_meridian_v0.1
F404_0125,C_Inco718_RPM11292_T650_OR244.294_BR66.6885,125,D:\sdfdata\F404HPT\data\raw\pdf\F404_0125.pdf,D:\sdfdata\F404HPT\data\processed\meridian_samples\F404_0125.npz,D:\sdfdata\F404HPT\data\reports\figures\pdf_contour_overlay\F404_0125.png,vector,FALSE,MULTI_INTERVAL_AT_R;WIDTH_MISMATCH,Inco718,11292,650,66.6885,244.294,74,7939.067487,6369111.554,14.38534264,100.5920462,0.193710459,0.56506161,0.378309884,0.056628507,52.16302363,1261898.228,47510.35408,10,sdf_meridian_v0.1
F404_0126,C_Inco718_RPM11292_T650_OR244.238_BR68.1575,126,D:\sdfdata\F404HPT\data\raw\pdf\F404_0126.pdf,D:\sdfdata\F404HPT\data\processed\meridian_samples\F404_0126.npz,D:\sdfdata\F404HPT\data\reports\figures\pdf_contour_overlay\F404_0126.png,vector,FALSE,MULTI_INTERVAL_AT_R;WIDTH_MISMATCH,Inco718,11292,650,68.1575,244.238,87.312,7535.834179,6296244.096,14.29599588,98.12905208,0.191922809,0.54134465,0.354165736,0.104489614,51.56623915,1353007.404,47785.36771,10,sdf_meridian_v0.1
F404_0127,C_Inco718_RPM11292_T650_OR252.414_BR69.2105,127,D:\sdfdata\F404HPT\data\raw\pdf\F404_0127.pdf,D:\sdfdata\F404HPT\data\processed\meridian_samples\F404_0127.npz,D:\sdfdata\F404HPT\data\reports\figures\pdf_contour_overlay\F404_0127.png,vector,FALSE,MULTI_INTERVAL_AT_R;WIDTH_MISMATCH,Inco718,11292,650,69.2105,252.414,72.944,8157.861742,7004327.136,14.87431306,102.0986753,0.215099552,0.515668756,0.383784505,0.10054674,57.36543925,1591617.721,49053.82043,10,sdf_meridian_v0.1
F404_0128,C_Inco718_RPM11292_T650_OR248.998_BR69.9385,128,D:\sdfdata\F404HPT\data\raw\pdf\F404_0128.pdf,D:\sdfdata\F404HPT\data\processed\meridian_samples\F404_0128.npz,D:\sdfdata\F404HPT\data\reports\figures\pdf_contour_overlay\F404_0128.png,vector,FALSE,MULTI_INTERVAL_AT_R;WIDTH_MISMATCH,Inco718,11292,650,69.9385,248.998,78.384,7748.512287,6538188.355,14.13960838,100.5921607,0.19621717,0.525173022,0.375175284,0.099651694,53.54776263,1426022.097,50215.43312,10,sdf_meridian_v0.1
F404_0129,C_Inco718_RPM11292_T650_OR253.618_BR71.0045,129,D:\sdfdata\F404HPT\data\raw\pdf\F404_0129.pdf,D:\sdfdata\F404HPT\data\processed\meridian_samples\F404_0129.npz,D:\sdfdata\F404HPT\data\reports\figures\pdf_contour_overlay\F404_0129.png,vector,FALSE,MULTI_INTERVAL_AT_R;WIDTH_MISMATCH,Inco718,11292,650,71.0045,253.618,80.144,7845.629999,6711889.916,12.79092245,100.5922241,0.20034992,0.529837498,0.362374255,0.107788247,54.97037841,1528436.055,57589.21488,10,sdf_meridian_v0.1
F404_0130,C_Inco718_RPM11292_T650_OR248.214_BR68.7035,130,D:\sdfdata\F404HPT\data\raw\pdf\F404_0130.pdf,D:\sdfdata\F404HPT\data\processed\meridian_samples\F404_0130.npz,D:\sdfdata\F404HPT\data\reports\figures\pdf_contour_overlay\F404_0130.png,vector,FALSE,MULTI_INTERVAL_AT_R;WIDTH_MISMATCH,Inco718,11292,650,68.7035,248.214,73.488,7974.764147,6875033.029,15.18061871,100.592047,0.19203138,0.514725952,0.348976447,0.136297601,56.30652051,1571527.514,46477.84156,10,sdf_meridian_v0.1
F404_0131,C_Inco718_RPM11292_T650_OR257.902_BR67.9365,131,D:\sdfdata\F404HPT\data\raw\pdf\F404_0131.pdf,D:\sdfdata\F404HPT\data\processed\meridian_samples\F404_0131.npz,D:\sdfdata\F404HPT\data\reports\figures\pdf_contour_overlay\F404_0131.png,vector,FALSE,MULTI_INTERVAL_AT_R;WIDTH_MISMATCH,Inco718,11292,650,67.9365,257.902,73.424,8610.459336,7439058.034,15.09438847,100.5920918,0.240435125,0.526309035,0.330638261,0.143052704,60.9258853,1778796.714,50463.4309,10,sdf_meridian_v0.1
F404_0132,C_Inco718_RPM11292_T650_OR253.59_BR67.8845,132,D:\sdfdata\F404HPT\data\raw\pdf\F404_0132.pdf,D:\sdfdata\F404HPT\data\processed\meridian_samples\F404_0132.npz,D:\sdfdata\F404HPT\data\reports\figures\pdf_contour_overlay\F404_0132.png,vector,FALSE,MULTI_INTERVAL_AT_R;WIDTH_MISMATCH,Inco718,11292,650,67.8845,253.59,75.536,8193.925771,6955635.581,12.49558796,100.5919785,0.231948617,0.530360784,0.352140768,0.117498449,56.9666554,1586217.949,58937.32601,10,sdf_meridian_v0.1
F404_0133,C_Inco718_RPM11292_T650_OR257.622_BR72.3565,133,D:\sdfdata\F404HPT\data\raw\pdf\F404_0133.pdf,D:\sdfdata\F404HPT\data\processed\meridian_samples\F404_0133.npz,D:\sdfdata\F404HPT\data\reports\figures\pdf_contour_overlay\F404_0133.png,vector,FALSE,MULTI_INTERVAL_AT_R;WIDTH_MISMATCH,Inco718,11292,650,72.3565,257.622,84.816,8061.028699,7237746.202,13.87339065,100.5921229,0.225936037,0.47985463,0.361988514,0.158156856,59.27714139,1819413.858,54785.56644,10,sdf_meridian_v0.1
F404_0134,C_Inco718_RPM11292_T650_OR249.642_BR71.5765,134,D:\sdfdata\F404HPT\data\raw\pdf\F404_0134.pdf,D:\sdfdata\F404HPT\data\processed\meridian_samples\F404_0134.npz,D:\sdfdata\F404HPT\data\reports\figures\pdf_contour_overlay\F404_0134.png,vector,FALSE,MULTI_INTERVAL_AT_R;WIDTH_MISMATCH,Inco718,11292,650,71.5765,249.642,83.504,7706.698608,6639942.15,14.45715826,99.23528569,0.183561682,0.504621155,0.387417958,0.107960888,54.38112621,1494612.023,49366.83084,10,sdf_meridian_v0.1
F404_0135,C_Inco718_RPM11292_T650_OR245.666_BR69.6785,135,D:\sdfdata\F404HPT\data\raw\pdf\F404_0135.pdf,D:\sdfdata\F404HPT\data\processed\meridian_samples\F404_0135.npz,D:\sdfdata\F404HPT\data\reports\figures\pdf_contour_overlay\F404_0135.png,vector,FALSE,MULTI_INTERVAL_AT_R;WIDTH_MISMATCH,Inco718,11292,650,69.6785,245.666,82.032,7527.875916,6359917.487,14.2884452,98.0772235,0.19234262,0.528657583,0.354121063,0.117221354,52.08772422,1386681.312,48371.32817,10,sdf_meridian_v0.1
F404_0136,C_Inco718_RPM11292_T650_OR245.47_BR72.7595,136,D:\sdfdata\F404HPT\data\raw\pdf\F404_0136.pdf,D:\sdfdata\F404HPT\data\processed\meridian_samples\F404_0136.npz,D:\sdfdata\F404HPT\data\reports\figures\pdf_contour_overlay\F404_0136.png,vector,FALSE,MULTI_INTERVAL_AT_R;WIDTH_MISMATCH,Inco718,11292,650,72.7595,245.47,73.616,7402.878326,6289085.645,12.9069428,100.5921284,0.213843027,0.509080978,0.395602895,0.095316127,51.50761143,1354452.934,53463.37074,10,sdf_meridian_v0.1
F404_0137,C_Inco718_RPM11292_T650_OR256.838_BR70.0555,137,D:\sdfdata\F404HPT\data\raw\pdf\F404_0137.pdf,D:\sdfdata\F404HPT\data\processed\meridian_samples\F404_0137.npz,D:\sdfdata\F404HPT\data\reports\figures\pdf_contour_overlay\F404_0137.png,vector,FALSE,MULTI_INTERVAL_AT_R;WIDTH_MISMATCH,Inco718,11292,650,70.0555,256.838,85.584,8129.65031,7243710.663,13.48488869,100.5919628,0.243036291,0.478812987,0.366100779,0.155086234,59.32599033,1768893.964,56021.41442,10,sdf_meridian_v0.1
F404_0138,C_Inco718_RPM11292_T650_OR248.354_BR71.8625,138,D:\sdfdata\F404HPT\data\raw\pdf\F404_0138.pdf,D:\sdfdata\F404HPT\data\processed\meridian_samples\F404_0138.npz,D:\sdfdata\F404HPT\data\reports\figures\pdf_contour_overlay\F404_0138.png,vector,FALSE,MULTI_INTERVAL_AT_R;WIDTH_MISMATCH,Inco718,11292,650,71.8625,248.354,84.88,7598.199461,6482481.077,15.74921145,100.592087,0.192739825,0.527018436,0.376350922,0.096630642,53.09152002,1436021.262,44850.40625,10,sdf_meridian_v0.1
F404_0139,C_Inco718_RPM11292_T650_OR254.318_BR72.1355,139,D:\sdfdata\F404HPT\data\raw\pdf\F404_0139.pdf,D:\sdfdata\F404HPT\data\processed\meridian_samples\F404_0139.npz,D:\sdfdata\F404HPT\data\reports\figures\pdf_contour_overlay\F404_0139.png,vector,FALSE,MULTI_INTERVAL_AT_R;WIDTH_MISMATCH,Inco718,11292,650,72.1355,254.318,87.504,8095.355885,7256111.186,13.85150898,100.5920817,0.205010497,0.468360562,0.383944692,0.147694747,59.42755061,1763299.231,53473.66954,10,sdf_meridian_v0.1
F404_0140,C_Inco718_RPM11292_T650_OR247.682_BR67.7805,140,D:\sdfdata\F404HPT\data\raw\pdf\F404_0140.pdf,D:\sdfdata\F404HPT\data\processed\meridian_samples\F404_0140.npz,D:\sdfdata\F404HPT\data\reports\figures\pdf_contour_overlay\F404_0140.png,vector,FALSE,MULTI_INTERVAL_AT_R;WIDTH_MISMATCH,Inco718,11292,650,67.7805,247.682,77.904,7954.838812,6788309.11,15.46629198,100.5921154,0.190222517,0.495101068,0.396857622,0.10804131,55.59625161,1489327.023,45424.01971,10,sdf_meridian_v0.1
F404_0141,C_Inco718_RPM11292_T650_OR251.546_BR72.2265,141,D:\sdfdata\F404HPT\data\raw\pdf\F404_0141.pdf,D:\sdfdata\F404HPT\data\processed\meridian_samples\F404_0141.npz,D:\sdfdata\F404HPT\data\reports\figures\pdf_contour_overlay\F404_0141.png,vector,FALSE,MULTI_INTERVAL_AT_R;WIDTH_MISMATCH,Inco718,11292,650,72.2265,251.546,76.464,7716.415469,6749285.165,16.50440138,100.5919643,0.199249822,0.5014073,0.360495733,0.138096967,55.2766455,1586444.645,43905.39928,10,sdf_meridian_v0.1
F404_0142,C_Inco718_RPM11292_T650_OR254.766_BR70.6665,142,D:\sdfdata\F404HPT\data\raw\pdf\F404_0142.pdf,D:\sdfdata\F404HPT\data\processed\meridian_samples\F404_0142.npz,D:\sdfdata\F404HPT\data\reports\figures\pdf_contour_overlay\F404_0142.png,vector,FALSE,MULTI_INTERVAL_AT_R;WIDTH_MISMATCH,Inco718,11292,650,70.6665,254.766,78.096,7642.579141,6584252.848,14.82460465,100.5920851,0.224751191,0.514399018,0.373335851,0.112265131,53.92503082,1497759.169,50139.81108,10,sdf_meridian_v0.1
F404_0143,C_Inco718_RPM11292_T650_OR255.242_BR67.7285,143,D:\sdfdata\F404HPT\data\raw\pdf\F404_0143.pdf,D:\sdfdata\F404HPT\data\processed\meridian_samples\F404_0143.npz,D:\sdfdata\F404HPT\data\reports\figures\pdf_contour_overlay\F404_0143.png,vector,FALSE,MULTI_INTERVAL_AT_R;WIDTH_MISMATCH,Inco718,11292,650,67.7285,255.242,80.72,8035.17259,7072892.345,12.27357862,100.5919872,0.251017831,0.502169643,0.34801078,0.149819577,57.9269883,1699276.163,60787.73281,10,sdf_meridian_v0.1
F404_0144,C_Inco718_RPM11292_T650_OR256.026_BR68.8335,144,D:\sdfdata\F404HPT\data\raw\pdf\F404_0144.pdf,D:\sdfdata\F404HPT\data\processed\meridian_samples\F404_0144.npz,D:\sdfdata\F404HPT\data\reports\figures\pdf_contour_overlay\F404_0144.png,vector,FALSE,MULTI_INTERVAL_AT_R;WIDTH_MISMATCH,Inco718,11292,650,68.8335,256.026,80.048,7855.176123,6773831.739,13.82893981,100.5920019,0.230504545,0.518261437,0.364529954,0.117208609,55.47768194,1575631.988,54282.78642,10,sdf_meridian_v0.1
F404_0145,C_Inco718_RPM11292_T650_OR254.234_BR71.8235,145,D:\sdfdata\F404HPT\data\raw\pdf\F404_0145.pdf,D:\sdfdata\F404HPT\data\processed\meridian_samples\F404_0145.npz,D:\sdfdata\F404HPT\data\reports\figures\pdf_contour_overlay\F404_0145.png,vector,FALSE,MULTI_INTERVAL_AT_R;WIDTH_MISMATCH,Inco718,11292,650,71.8235,254.234,79.344,7547.211859,6785581.417,13.63605287,100.5921399,0.199441894,0.470510397,0.378733459,0.150756144,55.57391181,1671747.914,54282.70251,10,sdf_meridian_v0.1
F404_0146,C_Inco718_RPM11292_T650_OR254.934_BR69.9905,146,D:\sdfdata\F404HPT\data\raw\pdf\F404_0146.pdf,D:\sdfdata\F404HPT\data\processed\meridian_samples\F404_0146.npz,D:\sdfdata\F404HPT\data\reports\figures\pdf_contour_overlay\F404_0146.png,vector,FALSE,MULTI_INTERVAL_AT_R;WIDTH_MISMATCH,Inco718,11292,650,69.9905,254.934,81.936,8272.724145,7268193.235,14.63203167,100.5921698,0.236639491,0.493779194,0.359584407,0.146636399,59.5265026,1739363.03,50866.72356,10,sdf_meridian_v0.1
F404_0147,C_Inco718_RPM11292_T650_OR249.166_BR71.2905,147,D:\sdfdata\F404HPT\data\raw\pdf\F404_0147.pdf,D:\sdfdata\F404HPT\data\processed\meridian_samples\F404_0147.npz,D:\sdfdata\F404HPT\data\reports\figures\pdf_contour_overlay\F404_0147.png,vector,FALSE,MULTI_INTERVAL_AT_R;WIDTH_MISMATCH,Inco718,11292,650,71.2905,249.166,84.784,7884.546861,6803519.986,16.68399679,100.592117,0.187403768,0.512761737,0.357681287,0.129556976,55.72082869,1557594.842,42614.78871,10,sdf_meridian_v0.1
F404_0148,C_Inco718_RPM11292_T650_OR251.798_BR71.9405,148,D:\sdfdata\F404HPT\data\raw\pdf\F404_0148.pdf,D:\sdfdata\F404HPT\data\processed\meridian_samples\F404_0148.npz,D:\sdfdata\F404HPT\data\reports\figures\pdf_contour_overlay\F404_0148.png,vector,FALSE,MULTI_INTERVAL_AT_R;WIDTH_MISMATCH,Inco718,11292,650,71.9405,251.798,84.304,7862.595128,6824830.536,14.60265094,100.2339611,0.19094548,0.485071629,0.41745883,0.097469541,55.89536209,1558491.058,49722.81698,10,sdf_meridian_v0.1
F404_0149,C_Inco718_RPM11292_T650_OR250.734_BR68.6645,149,D:\sdfdata\F404HPT\data\raw\pdf\F404_0149.pdf,D:\sdfdata\F404HPT\data\processed\meridian_samples\F404_0149.npz,D:\sdfdata\F404HPT\data\reports\figures\pdf_contour_overlay\F404_0149.png,vector,FALSE,MULTI_INTERVAL_AT_R;WIDTH_MISMATCH,Inco718,11292,650,68.6645,250.734,75.824,8196.19832,6976429.19,13.08502638,100.5920203,0.19826653,0.528380671,0.343743204,0.127876125,57.13695507,1585676.725,55021.79218,10,sdf_meridian_v0.1
F404_0150,C_Inco718_RPM11292_T650_OR246.142_BR70.0425,150,D:\sdfdata\F404HPT\data\raw\pdf\F404_0150.pdf,D:\sdfdata\F404HPT\data\processed\meridian_samples\F404_0150.npz,D:\sdfdata\F404HPT\data\reports\figures\pdf_contour_overlay\F404_0150.png,vector,FALSE,MULTI_INTERVAL_AT_R;WIDTH_MISMATCH,Inco718,11292,650,70.0425,246.142,75.76,8028.711972,6810561.067,15.36024636,100.5922519,0.202092338,0.516112444,0.372300309,0.111587247,55.77849514,1501433.952,45170.62977,10,sdf_meridian_v0.1
F404_0151,C_Inco718_RPM11292_T650_OR251.322_BR69.8475,151,D:\sdfdata\F404HPT\data\raw\pdf\F404_0151.pdf,D:\sdfdata\F404HPT\data\processed\meridian_samples\F404_0151.npz,D:\sdfdata\F404HPT\data\reports\figures\pdf_contour_overlay\F404_0151.png,vector,FALSE,MULTI_INTERVAL_AT_R;WIDTH_MISMATCH,Inco718,11292,650,69.8475,251.322,84.4,8004.607197,6872769.771,14.73393536,101.1351096,0.201271959,0.515695865,0.390662517,0.093641618,56.28798443,1554574.212,49093.62838,10,sdf_meridian_v0.1
F404_0152,C_Inco718_RPM11292_T650_OR256.558_BR68.8855,152,D:\sdfdata\F404HPT\data\raw\pdf\F404_0152.pdf,D:\sdfdata\F404HPT\data\processed\meridian_samples\F404_0152.npz,D:\sdfdata\F404HPT\data\reports\figures\pdf_contour_overlay\F404_0152.png,vector,FALSE,MULTI_INTERVAL_AT_R;WIDTH_MISMATCH,Inco718,11292,650,68.8855,256.558,83.888,8560.71594,7421223.353,15.23715168,104.5892335,0.253982908,0.495656413,0.397172237,0.10717135,60.77981926,1726600.503,49470.94524,10,sdf_meridian_v0.1
F404_0153,C_Inco718_RPM11292_T650_OR248.018_BR72.8635,153,D:\sdfdata\F404HPT\data\raw\pdf\F404_0153.pdf,D:\sdfdata\F404HPT\data\processed\meridian_samples\F404_0153.npz,D:\sdfdata\F404HPT\data\reports\figures\pdf_contour_overlay\F404_0153.png,vector,FALSE,MULTI_INTERVAL_AT_R;WIDTH_MISMATCH,Inco718,11292,650,72.8635,248.018,85.808,7456.78132,6434711.264,14.22081384,97.61299549,0.196434949,0.493867356,0.422684091,0.083448553,52.70028525,1442153.039,49536.44404,10,sdf_meridian_v0.1
F404_0154,C_Inco718_RPM11292_T650_OR253.898_BR66.5195,154,D:\sdfdata\F404HPT\data\raw\pdf\F404_0154.pdf,D:\sdfdata\F404HPT\data\processed\meridian_samples\F404_0154.npz,D:\sdfdata\F404HPT\data\reports\figures\pdf_contour_overlay\F404_0154.png,vector,FALSE,MULTI_INTERVAL_AT_R;WIDTH_MISMATCH,Inco718,11292,650,66.5195,253.898,80.112,8248.050466,6996346.153,12.81311971,100.5920483,0.245705815,0.526386106,0.365308395,0.1083055,57.30007499,1579777.306,57616.45753,10,sdf_meridian_v0.1
F404_0155,C_Inco718_RPM11292_T650_OR246.086_BR67.0525,155,D:\sdfdata\F404HPT\data\raw\pdf\F404_0155.pdf,D:\sdfdata\F404HPT\data\processed\meridian_samples\F404_0155.npz,D:\sdfdata\F404HPT\data\reports\figures\pdf_contour_overlay\F404_0155.png,vector,FALSE,MULTI_INTERVAL_AT_R;WIDTH_MISMATCH,Inco718,11292,650,67.0525,246.086,79.664,7790.716697,6508321.096,14.53575029,99.77474874,0.186721759,0.54115704,0.371797161,0.087045799,53.30314978,1410066.873,47711.07888,10,sdf_meridian_v0.1
F404_0156,C_Inco718_RPM11292_T650_OR254.654_BR71.4725,156,D:\sdfdata\F404HPT\data\raw\pdf\F404_0156.pdf,D:\sdfdata\F404HPT\data\processed\meridian_samples\F404_0156.npz,D:\sdfdata\F404HPT\data\reports\figures\pdf_contour_overlay\F404_0156.png,vector,FALSE,MULTI_INTERVAL_AT_R;WIDTH_MISMATCH,Inco718,11292,650,71.4725,254.654,82.352,7822.743095,6794982.713,15.00366576,100.5920452,0.216093812,0.510399487,0.361324904,0.128275609,55.65090842,1574142.422,49497.86884,10,sdf_meridian_v0.1
F404_0157,C_Inco718_RPM11292_T650_OR250.174_BR66.5975,157,D:\sdfdata\F404HPT\data\raw\pdf\F404_0157.pdf,D:\sdfdata\F404HPT\data\processed\meridian_samples\F404_0157.npz,D:\sdfdata\F404HPT\data\reports\figures\pdf_contour_overlay\F404_0157.png,vector,FALSE,MULTI_INTERVAL_AT_R;WIDTH_MISMATCH,Inco718,11292,650,66.5975,250.174,74.768,8408.011834,6935766.944,15.75541375,100.5919845,0.216399006,0.550506562,0.344932245,0.104561194,56.80393127,1483553.003,45492.24916,10,sdf_meridian_v0.1
F404_0158,C_Inco718_RPM11292_T650_OR248.83_BR68.9765,158,D:\sdfdata\F404HPT\data\raw\pdf\F404_0158.pdf,D:\sdfdata\F404HPT\data\processed\meridian_samples\F404_0158.npz,D:\sdfdata\F404HPT\data\reports\figures\pdf_contour_overlay\F404_0158.png,vector,FALSE,MULTI_INTERVAL_AT_R;WIDTH_MISMATCH,Inco718,11292,650,68.9765,248.83,77.808,7956.665014,6616922.934,15.23996685,100.592103,0.194861522,0.53440651,0.399433929,0.066159561,54.19259883,1403832.368,46526.92317,10,sdf_meridian_v0.1
F404_0159,C_Inco718_RPM11292_T650_OR248.942_BR71.9535,159,D:\sdfdata\F404HPT\data\raw\pdf\F404_0159.pdf,D:\sdfdata\F404HPT\data\processed\meridian_samples\F404_0159.npz,D:\sdfdata\F404HPT\data\reports\figures\pdf_contour_overlay\F404_0159.png,vector,FALSE,MULTI_INTERVAL_AT_R;WIDTH_MISMATCH,Inco718,11292,650,71.9535,248.942,84.208,7566.421519,6398266.44,13.83662511,100.5922512,0.198693897,0.528527705,0.390388744,0.08108355,52.40180215,1393910.147,51291.93121,10,sdf_meridian_v0.1
F404_0160,C_Inco718_RPM11292_T650_OR253.674_BR69.7435,160,D:\sdfdata\F404HPT\data\raw\pdf\F404_0160.pdf,D:\sdfdata\F404HPT\data\processed\meridian_samples\F404_0160.npz,D:\sdfdata\F404HPT\data\reports\figures\pdf_contour_overlay\F404_0160.png,vector,FALSE,MULTI_INTERVAL_AT_R;WIDTH_MISMATCH,Inco718,11292,650,69.7435,253.674,79.472,7807.754363,6670265.277,14.31346927,100.5920744,0.219617459,0.525445586,0.363284668,0.111269746,54.62947262,1525262.195,51486.08634,10,sdf_meridian_v0.1
F404_0161,C_Inco718_RPM11292_T650_OR247.934_BR69.0935,161,D:\sdfdata\F404HPT\data\raw\pdf\F404_0161.pdf,D:\sdfdata\F404HPT\data\processed\meridian_samples\F404_0161.npz,D:\sdfdata\F404HPT\data\reports\figures\pdf_contour_overlay\F404_0161.png,vector,FALSE,MULTI_INTERVAL_AT_R;WIDTH_MISMATCH,Inco718,11292,650,69.0935,247.934,85.04,7601.163568,6475952.557,13.17025866,100.5920045,0.188345359,0.51626409,0.38500115,0.09873476,53.03805144,1422173.179,53451.60451,10,sdf_meridian_v0.1
F404_0162,C_Inco718_RPM11292_T650_OR249.446_BR72.0705,162,D:\sdfdata\F404HPT\data\raw\pdf\F404_0162.pdf,D:\sdfdata\F404HPT\data\processed\meridian_samples\F404_0162.npz,D:\sdfdata\F404HPT\data\reports\figures\pdf_contour_overlay\F404_0162.png,vector,FALSE,MULTI_INTERVAL_AT_R;WIDTH_MISMATCH,Inco718,11292,650,72.0705,249.446,74.16,7920.842958,6822445.538,15.42500967,100.5920525,0.196042969,0.499649829,0.404053226,0.096296945,55.87582896,1534124.964,46196.65389,10,sdf_meridian_v0.1
F404_0163,C_Inco718_RPM11292_T650_OR253.702_BR68.5735,163,D:\sdfdata\F404HPT\data\raw\pdf\F404_0163.pdf,D:\sdfdata\F404HPT\data\processed\meridian_samples\F404_0163.npz,D:\sdfdata\F404HPT\data\reports\figures\pdf_contour_overlay\F404_0163.png,vector,FALSE,MULTI_INTERVAL_AT_R;WIDTH_MISMATCH,Inco718,11292,650,68.5735,253.702,73.168,7959.319686,6894665.896,13.30125585,100.5920565,0.216294665,0.512212872,0.346463498,0.14132363,56.46731369,1608475.615,55416.36195,10,sdf_meridian_v0.1
F404_0164,C_Inco718_RPM11292_T650_OR249.194_BR70.8485,164,D:\sdfdata\F404HPT\data\raw\pdf\F404_0164.pdf,D:\sdfdata\F404HPT\data\processed\meridian_samples\F404_0164.npz,D:\sdfdata\F404HPT\data\reports\figures\pdf_contour_overlay\F404_0164.png,vector,FALSE,MULTI_INTERVAL_AT_R;WIDTH_MISMATCH,Inco718,11292,650,70.8485,249.194,81.648,7730.954539,6630484.688,14.47989149,99.39132872,0.183769223,0.51442093,0.363916421,0.121662648,54.3036696,1484484.541,49112.57805,10,sdf_meridian_v0.1
F404_0165,C_Inco718_RPM11292_T650_OR253.478_BR66.7925,165,D:\sdfdata\F404HPT\data\raw\pdf\F404_0165.pdf,D:\sdfdata\F404HPT\data\processed\meridian_samples\F404_0165.npz,D:\sdfdata\F404HPT\data\reports\figures\pdf_contour_overlay\F404_0165.png,vector,FALSE,MULTI_INTERVAL_AT_R;WIDTH_MISMATCH,Inco718,11292,650,66.7925,253.478,83.728,8470.908342,7212633.482,15.15701704,104.0391818,0.247351824,0.522664774,0.366628227,0.110706999,59.07146822,1634403.792,48545.57856,10,sdf_meridian_v0.1
F404_0166,C_Inco718_RPM11292_T650_OR251.35_BR66.9095,166,D:\sdfdata\F404HPT\data\raw\pdf\F404_0166.pdf,D:\sdfdata\F404HPT\data\processed\meridian_samples\F404_0166.npz,D:\sdfdata\F404HPT\data\reports\figures\pdf_contour_overlay\F404_0166.png,vector,FALSE,MULTI_INTERVAL_AT_R;WIDTH_MISMATCH,Inco718,11292,650,66.9095,251.35,76.56,8171.844901,6793686.404,13.39680263,100.5922033,0.23299248,0.548385672,0.365531558,0.08608277,55.64029165,1482379.113,54005.6872,10,sdf_meridian_v0.1
F404_0167,C_Inco718_RPM11292_T650_OR255.102_BR72.9415,167,D:\sdfdata\F404HPT\data\raw\pdf\F404_0167.pdf,D:\sdfdata\F404HPT\data\processed\meridian_samples\F404_0167.npz,D:\sdfdata\F404HPT\data\reports\figures\pdf_contour_overlay\F404_0167.png,vector,FALSE,MULTI_INTERVAL_AT_R;WIDTH_MISMATCH,Inco718,11292,650,72.9415,255.102,82.704,8065.238737,7094414.62,14.78963178,101.517415,0.204749929,0.466785238,0.398755002,0.13445976,58.10325573,1659931.11,50391.0308,10,sdf_meridian_v0.1
F404_0168,C_Inco718_RPM11292_T650_OR254.374_BR68.8725,168,D:\sdfdata\F404HPT\data\raw\pdf\F404_0168.pdf,D:\sdfdata\F404HPT\data\processed\meridian_samples\F404_0168.npz,D:\sdfdata\F404HPT\data\reports\figures\pdf_contour_overlay\F404_0168.png,vector,FALSE,MULTI_INTERVAL_AT_R;WIDTH_MISMATCH,Inco718,11292,650,68.8725,254.374,81.072,8363.800391,7207837.847,15.06088795,103.3793427,0.232525184,0.506088348,0.379655142,0.114256511,59.03219197,1655101.178,49201.43141,10,sdf_meridian_v0.1
F404_0169,C_Inco718_RPM11292_T650_OR251.63_BR68.7165,169,D:\sdfdata\F404HPT\data\raw\pdf\F404_0169.pdf,D:\sdfdata\F404HPT\data\processed\meridian_samples\F404_0169.npz,D:\sdfdata\F404HPT\data\reports\figures\pdf_contour_overlay\F404_0169.png,vector,FALSE,MULTI_INTERVAL_AT_R;WIDTH_MISMATCH,Inco718,11292,650,68.7165,251.63,83.984,8480.544008,7445258.252,16.35171664,100.5921063,0.20611836,0.483510908,0.367664468,0.148824624,60.97666508,1755754.202,44344.96936,10,sdf_meridian_v0.1
F404_0170,C_Inco718_RPM11292_T650_OR246.814_BR72.1875,170,D:\sdfdata\F404HPT\data\raw\pdf\F404_0170.pdf,D:\sdfdata\F404HPT\data\processed\meridian_samples\F404_0170.npz,D:\sdfdata\F404HPT\data\reports\figures\pdf_contour_overlay\F404_0170.png,vector,FALSE,MULTI_INTERVAL_AT_R;WIDTH_MISMATCH,Inco718,11292,650,72.1875,246.814,87.824,7580.468965,6404942.149,14.02924302,100.5921651,0.199169896,0.519397617,0.415913688,0.064688694,52.4564762,1371407.016,49726.53741,10,sdf_meridian_v0.1
F404_0171,C_Inco718_RPM11292_T650_OR247.43_BR71.6545,171,D:\sdfdata\F404HPT\data\raw\pdf\F404_0171.pdf,D:\sdfdata\F404HPT\data\processed\meridian_samples\F404_0171.npz,D:\sdfdata\F404HPT\data\reports\figures\pdf_contour_overlay\F404_0171.png,vector,FALSE,MULTI_INTERVAL_AT_R;WIDTH_MISMATCH,Inco718,11292,650,71.6545,247.43,85.424,7509.750214,6434159.537,14.2712329,97.95907663,0.193488233,0.504534692,0.397935934,0.097529375,52.69576661,1428687.55,49127.66165,10,sdf_meridian_v0.1
F404_0172,C_Inco718_RPM11292_T650_OR250.902_BR68.9115,172,D:\sdfdata\F404HPT\data\raw\pdf\F404_0172.pdf,D:\sdfdata\F404HPT\data\processed\meridian_samples\F404_0172.npz,D:\sdfdata\F404HPT\data\reports\figures\pdf_contour_overlay\F404_0172.png,vector,FALSE,MULTI_INTERVAL_AT_R;WIDTH_MISMATCH,Inco718,11292,650,68.9115,250.902,76.656,7726.317054,6451008.602,11.17476811,100.5922275,0.200402203,0.546364181,0.367316826,0.086318993,52.83376045,1396928.4,64513.79699,10,sdf_meridian_v0.1
F404_0173,C_Inco718_RPM11292_T650_OR252.918_BR68.3655,173,D:\sdfdata\F404HPT\data\raw\pdf\F404_0173.pdf,D:\sdfdata\F404HPT\data\processed\meridian_samples\F404_0173.npz,D:\sdfdata\F404HPT\data\reports\figures\pdf_contour_overlay\F404_0173.png,vector,FALSE,MULTI_INTERVAL_AT_R;WIDTH_MISMATCH,Inco718,11292,650,68.3655,252.918,73.104,8020.906335,6889187.711,12.61591493,100.5921033,0.237253967,0.512283854,0.368246126,0.11947002,56.42244735,1605078.27,58066.22635,10,sdf_meridian_v0.1
F404_0174,C_Inco718_RPM11292_T650_OR252.33_BR71.0305,174,D:\sdfdata\F404HPT\data\raw\pdf\F404_0174.pdf,D:\sdfdata\F404HPT\data\processed\meridian_samples\F404_0174.npz,D:\sdfdata\F404HPT\data\reports\figures\pdf_contour_overlay\F404_0174.png,vector,FALSE,MULTI_INTERVAL_AT_R;WIDTH_MISMATCH,Inco718,11292,650,71.0305,252.33,85.552,7989.17659,6915670.926,14.71972709,101.0375827,0.200526281,0.49613127,0.380514052,0.123354678,56.63934488,1580522.816,49535.99537,10,sdf_meridian_v0.1
F404_0175,C_Inco718_RPM11292_T650_OR249.894_BR67.7415,175,D:\sdfdata\F404HPT\data\raw\pdf\F404_0175.pdf,D:\sdfdata\F404HPT\data\processed\meridian_samples\F404_0175.npz,D:\sdfdata\F404HPT\data\reports\figures\pdf_contour_overlay\F404_0175.png,vector,FALSE,MULTI_INTERVAL_AT_R;WIDTH_MISMATCH,Inco718,11292,650,67.7415,249.894,84.496,8064.530345,6830153.396,14.78898225,101.5129566,0.204702281,0.52970209,0.362783459,0.107514451,55.93895632,1519975.913,48356.65442,10,sdf_meridian_v0.1
F404_0176,C_Inco718_RPM11292_T650_OR252.022_BR68.2615,176,D:\sdfdata\F404HPT\data\raw\pdf\F404_0176.pdf,D:\sdfdata\F404HPT\data\processed\meridian_samples\F404_0176.npz,D:\sdfdata\F404HPT\data\reports\figures\pdf_contour_overlay\F404_0176.png,vector,FALSE,MULTI_INTERVAL_AT_R;WIDTH_MISMATCH,Inco718,11292,650,68.2615,252.022,79.568,8220.36231,7015922.49,13.71525761,100.5920956,0.208329368,0.524552888,0.346976256,0.128470856,57.46040519,1603868.807,53034.1747,10,sdf_meridian_v0.1
F404_0177,C_Inco718_RPM11292_T650_OR256.642_BR72.5125,177,D:\sdfdata\F404HPT\data\raw\pdf\F404_0177.pdf,D:\sdfdata\F404HPT\data\processed\meridian_samples\F404_0177.npz,D:\sdfdata\F404HPT\data\reports\figures\pdf_contour_overlay\F404_0177.png,vector,FALSE,MULTI_INTERVAL_AT_R;WIDTH_MISMATCH,Inco718,11292,650,72.5125,256.642,75.504,8101.879897,7197847.49,13.5107551,100.5920926,0.228056209,0.488831653,0.347084684,0.164083663,58.95037094,1766188.398,55828.85449,10,sdf_meridian_v0.1
F404_0178,C_Inco718_RPM11292_T650_OR253.226_BR69.9645,178,D:\sdfdata\F404HPT\data\raw\pdf\F404_0178.pdf,D:\sdfdata\F404HPT\data\processed\meridian_samples\F404_0178.npz,D:\sdfdata\F404HPT\data\reports\figures\pdf_contour_overlay\F404_0178.png,vector,FALSE,MULTI_INTERVAL_AT_R;WIDTH_MISMATCH,Inco718,11292,650,69.9645,253.226,87.344,8163.02792,7048530.398,14.87902209,102.1309985,0.215582275,0.505889674,0.377472552,0.116637774,57.72746396,1613852.31,49354.30923,10,sdf_meridian_v0.1
F404_0179,C_Inco718_RPM11292_T650_OR252.778_BR67.1045,179,D:\sdfdata\F404HPT\data\raw\pdf\F404_0179.pdf,D:\sdfdata\F404HPT\data\processed\meridian_samples\F404_0179.npz,D:\sdfdata\F404HPT\data\reports\figures\pdf_contour_overlay\F404_0179.png,vector,FALSE,MULTI_INTERVAL_AT_R;WIDTH_MISMATCH,Inco718,11292,650,67.1045,252.778,79.184,8097.539161,6939720.962,12.72051021,100.5920341,0.236720528,0.518070664,0.342758249,0.139171087,56.83631468,1604480.524,57525.0351,10,sdf_meridian_v0.1
F404_0180,C_Inco718_RPM11292_T650_OR253.114_BR72.2525,180,D:\sdfdata\F404HPT\data\raw\pdf\F404_0180.pdf,D:\sdfdata\F404HPT\data\processed\meridian_samples\F404_0180.npz,D:\sdfdata\F404HPT\data\reports\figures\pdf_contour_overlay\F404_0180.png,vector,FALSE,MULTI_INTERVAL_AT_R;WIDTH_MISMATCH,Inco718,11292,650,72.2525,253.114,85.904,7710.452562,6773853.906,10.71144687,100.5921664,0.196962141,0.498598796,0.350760325,0.150640878,55.47786349,1601860.082,68496.29374,10,sdf_meridian_v0.1
F404_0181,C_Inco718_RPM11292_T650_OR254.822_BR72.5385,181,D:\sdfdata\F404HPT\data\raw\pdf\F404_0181.pdf,D:\sdfdata\F404HPT\data\processed\meridian_samples\F404_0181.npz,D:\sdfdata\F404HPT\data\reports\figures\pdf_contour_overlay\F404_0181.png,vector,FALSE,MULTI_INTERVAL_AT_R;WIDTH_MISMATCH,Inco718,11292,650,72.5385,254.822,86.32,8076.134176,7085846.366,14.79961816,101.5859625,0.20550517,0.476567363,0.409070698,0.114361939,58.03308174,1652723.964,50246.54519,10,sdf_meridian_v0.1
F404_0182,C_Inco718_RPM11292_T650_OR254.542_BR69.7695,182,D:\sdfdata\F404HPT\data\raw\pdf\F404_0182.pdf,D:\sdfdata\F404HPT\data\processed\meridian_samples\F404_0182.npz,D:\sdfdata\F404HPT\data\reports\figures\pdf_contour_overlay\F404_0182.png,vector,FALSE,MULTI_INTERVAL_AT_R;WIDTH_MISMATCH,Inco718,11292,650,69.7695,254.542,87.056,8298.191975,7184074.167,15.00170035,102.9730735,0.226327054,0.496289054,0.369361362,0.134349584,58.83756743,1656559.302,49460.81798,10,sdf_meridian_v0.1
F404_0183,C_Inco718_RPM11292_T650_OR244.126_BR69.0285,183,D:\sdfdata\F404HPT\data\raw\pdf\F404_0183.pdf,D:\sdfdata\F404HPT\data\processed\meridian_samples\F404_0183.npz,D:\sdfdata\F404HPT\data\reports\figures\pdf_contour_overlay\F404_0183.png,vector,FALSE,MULTI_INTERVAL_AT_R;WIDTH_MISMATCH,Inco718,11292,650,69.0285,244.126,76.272,7285.013909,6103421.599,15.22412686,100.5919862,0.198734823,0.521494802,0.398332865,0.080172333,49.9870229,1297141.906,44831.01309,10,sdf_meridian_v0.1
F404_0184,C_Inco718_RPM11292_T650_OR256.782_BR66.7665,184,D:\sdfdata\F404HPT\data\raw\pdf\F404_0184.pdf,D:\sdfdata\F404HPT\data\processed\meridian_samples\F404_0184.npz,D:\sdfdata\F404HPT\data\reports\figures\pdf_contour_overlay\F404_0184.png,vector,FALSE,MULTI_INTERVAL_AT_R;WIDTH_MISMATCH,Inco718,11292,650,66.7665,256.782,75.472,8469.484054,7201259.454,13.848515,100.5920418,0.246536934,0.537282321,0.350762149,0.11195553,58.97831493,1696085.59,54526.6511,10,sdf_meridian_v0.1
F404_0185,C_Inco718_RPM11292_T650_OR246.926_BR68.7555,185,D:\sdfdata\F404HPT\data\raw\pdf\F404_0185.pdf,D:\sdfdata\F404HPT\data\processed\meridian_samples\F404_0185.npz,D:\sdfdata\F404HPT\data\reports\figures\pdf_contour_overlay\F404_0185.png,vector,FALSE,MULTI_INTERVAL_AT_R;WIDTH_MISMATCH,Inco718,11292,650,68.7555,246.926,79.888,7335.046704,6170465.254,15.39995503,100.5919618,0.201006639,0.521825773,0.396232682,0.081941545,50.53611043,1324635.002,45341.62351,10,sdf_meridian_v0.1
F404_0186,C_Inco718_RPM11292_T650_OR256.194_BR67.0135,186,D:\sdfdata\F404HPT\data\raw\pdf\F404_0186.pdf,D:\sdfdata\F404HPT\data\processed\meridian_samples\F404_0186.npz,D:\sdfdata\F404HPT\data\reports\figures\pdf_contour_overlay\F404_0186.png,vector,FALSE,MULTI_INTERVAL_AT_R;WIDTH_MISMATCH,Inco718,11292,650,67.0135,256.194,86.704,8698.844068,7468989.389,15.35958638,105.4296367,0.24812956,0.517147738,0.370154614,0.112697648,61.17102309,1750657.785,48937.44204,10,sdf_meridian_v0.1
F404_0187,C_Inco718_RPM11292_T650_OR247.71_BR72.2005,187,D:\sdfdata\F404HPT\data\raw\pdf\F404_0187.pdf,D:\sdfdata\F404HPT\data\processed\meridian_samples\F404_0187.npz,D:\sdfdata\F404HPT\data\reports\figures\pdf_contour_overlay\F404_0187.png,vector,FALSE,MULTI_INTERVAL_AT_R;WIDTH_MISMATCH,Inco718,11292,650,72.2005,247.71,83.056,7487.038493,6435779.588,14.24963633,97.81083576,0.194693424,0.503679586,0.412871861,0.083448553,52.70903483,1435976.617,49313.53943,10,sdf_meridian_v0.1
F404_0188,C_Inco718_RPM11292_T650_OR249.95_BR67.1825,188,D:\sdfdata\F404HPT\data\raw\pdf\F404_0188.pdf,D:\sdfdata\F404HPT\data\processed\meridian_samples\F404_0188.npz,D:\sdfdata\F404HPT\data\reports\figures\pdf_contour_overlay\F404_0188.png,vector,FALSE,MULTI_INTERVAL_AT_R;WIDTH_MISMATCH,Inco718,11292,650,67.1825,249.95,84.112,8119.078692,6859384.769,14.83891417,101.855694,0.211981849,0.529607895,0.383702321,0.086689784,56.17836126,1524452.288,48215.54009,10,sdf_meridian_v0.1
F404_0189,C_Inco718_RPM11292_T650_OR257.958_BR72.8375,189,D:\sdfdata\F404HPT\data\raw\pdf\F404_0189.pdf,D:\sdfdata\F404HPT\data\processed\meridian_samples\F404_0189.npz,D:\sdfdata\F404HPT\data\reports\figures\pdf_contour_overlay\F404_0189.png,vector,FALSE,MULTI_INTERVAL_AT_R;WIDTH_MISMATCH,Inco718,11292,650,72.8375,257.958,75.248,8329.478993,7378430.766,15.02995451,103.1670127,0.2288012,0.457203804,0.419562706,0.12323349,60.42934798,1755269.101,50701.78072,10,sdf_meridian_v0.1
F404_0190,C_Inco718_RPM11292_T650_OR250.454_BR70.6145,190,D:\sdfdata\F404HPT\data\raw\pdf\F404_0190.pdf,D:\sdfdata\F404HPT\data\processed\meridian_samples\F404_0190.npz,D:\sdfdata\F404HPT\data\reports\figures\pdf_contour_overlay\F404_0190.png,vector,FALSE,MULTI_INTERVAL_AT_R;WIDTH_MISMATCH,Inco718,11292,650,70.6145,250.454,87.984,7861.021442,6757643.153,14.60118952,100.2239297,0.190848976,0.50470835,0.387378944,0.107912706,55.34509742,1523258.824,49198.35512,10,sdf_meridian_v0.1
F404_0191,C_Inco718_RPM11292_T650_OR256.698_BR67.3645,191,D:\sdfdata\F404HPT\data\raw\pdf\F404_0191.pdf,D:\sdfdata\F404HPT\data\processed\meridian_samples\F404_0191.npz,D:\sdfdata\F404HPT\data\reports\figures\pdf_contour_overlay\F404_0191.png,vector,FALSE,MULTI_INTERVAL_AT_R;WIDTH_MISMATCH,Inco718,11292,650,67.3645,256.698,73.968,8455.991488,7158803.864,15.64236266,100.5919988,0.242450268,0.540196972,0.344353334,0.115449694,58.63060365,1651542.969,48242.02128,10,sdf_meridian_v0.1
F404_0192,C_Inco718_RPM11292_T650_OR255.746_BR71.7585,192,D:\sdfdata\F404HPT\data\raw\pdf\F404_0192.pdf,D:\sdfdata\F404HPT\data\processed\meridian_samples\F404_0192.npz,D:\sdfdata\F404HPT\data\reports\figures\pdf_contour_overlay\F404_0192.png,vector,FALSE,MULTI_INTERVAL_AT_R;WIDTH_MISMATCH,Inco718,11292,650,71.7585,255.746,85.168,7901.65581,6905018.756,14.04641102,100.5921853,0.231394886,0.489277601,0.399909132,0.110813267,56.55210361,1621224.388,53325.53288,10,sdf_meridian_v0.1
F404_0193,C_Inco718_RPM11292_T650_OR250.006_BR71.7065,193,D:\sdfdata\F404HPT\data\raw\pdf\F404_0193.pdf,D:\sdfdata\F404HPT\data\processed\meridian_samples\F404_0193.npz,D:\sdfdata\F404HPT\data\reports\figures\pdf_contour_overlay\F404_0193.png,vector,FALSE,MULTI_INTERVAL_AT_R;WIDTH_MISMATCH,Inco718,11292,650,71.7065,250.006,77.232,7620.06617,6631125.914,14.14701464,100.5920951,0.198242329,0.503527903,0.370429763,0.126042335,54.30892124,1542062.186,50596.32074,10,sdf_meridian_v0.1
F404_0194,C_Inco718_RPM11292_T650_OR250.762_BR69.4055,194,D:\sdfdata\F404HPT\data\raw\pdf\F404_0194.pdf,D:\sdfdata\F404HPT\data\processed\meridian_samples\F404_0194.npz,D:\sdfdata\F404HPT\data\reports\figures\pdf_contour_overlay\F404_0194.png,vector,FALSE,MULTI_INTERVAL_AT_R;WIDTH_MISMATCH,Inco718,11292,650,69.4055,250.762,87.856,7994.200924,6839451.87,14.72435492,101.0693486,0.200783537,0.51567433,0.373338076,0.110987594,56.01511082,1539317.991,48906.89027,10,sdf_meridian_v0.1
F404_0195,C_Inco718_RPM11292_T650_OR250.426_BR70.7315,195,D:\sdfdata\F404HPT\data\raw\pdf\F404_0195.pdf,D:\sdfdata\F404HPT\data\processed\meridian_samples\F404_0195.npz,D:\sdfdata\F404HPT\data\reports\figures\pdf_contour_overlay\F404_0195.png,vector,FALSE,MULTI_INTERVAL_AT_R;WIDTH_MISMATCH,Inco718,11292,650,70.7315,250.426,84.656,8108.06155,7007508.472,16.80979794,100.5921605,0.189452086,0.507445887,0.393506494,0.099047619,57.39149439,1613864.358,42724.71918,10,sdf_meridian_v0.1
F404_0196,C_Inco718_RPM11292_T650_OR256.306_BR67.2995,196,D:\sdfdata\F404HPT\data\raw\pdf\F404_0196.pdf,D:\sdfdata\F404HPT\data\processed\meridian_samples\F404_0196.npz,D:\sdfdata\F404HPT\data\reports\figures\pdf_contour_overlay\F404_0196.png,vector,FALSE,MULTI_INTERVAL_AT_R;WIDTH_MISMATCH,Inco718,11292,650,67.2995,256.306,86.576,8682.84979,7467365.002,15.3454593,105.3326671,0.24880537,0.517147738,0.370154614,0.112697648,61.15771937,1753221.002,49025.33059,10,sdf_meridian_v0.1
F404_0197,C_Inco718_RPM11292_T650_OR257.678_BR70.4455,197,D:\sdfdata\F404HPT\data\raw\pdf\F404_0197.pdf,D:\sdfdata\F404HPT\data\processed\meridian_samples\F404_0197.npz,D:\sdfdata\F404HPT\data\reports\figures\pdf_contour_overlay\F404_0197.png,vector,FALSE,MULTI_INTERVAL_AT_R;WIDTH_MISMATCH,Inco718,11292,650,70.4455,257.678,74.96,8314.672877,7325410.84,13.37981804,100.5920751,0.241898389,0.503565141,0.345466549,0.15096831,59.99511478,1777727.448,56831.26871,10,sdf_meridian_v0.1
F404_0198,C_Inco718_RPM11292_T650_OR250.958_BR71.1865,198,D:\sdfdata\F404HPT\data\raw\pdf\F404_0198.pdf,D:\sdfdata\F404HPT\data\processed\meridian_samples\F404_0198.npz,D:\sdfdata\F404HPT\data\reports\figures\pdf_contour_overlay\F404_0198.png,vector,FALSE,MULTI_INTERVAL_AT_R;WIDTH_MISMATCH,Inco718,11292,650,71.1865,250.958,80.528,7855.077827,6779529.357,14.59566859,100.1860336,0.190789334,0.494867446,0.414621084,0.09051147,55.52434544,1536053.452,49415.24718,10,sdf_meridian_v0.1
F404_0199,C_Inco718_RPM11292_T650_OR255.606_BR68.5345,199,D:\sdfdata\F404HPT\data\raw\pdf\F404_0199.pdf,D:\sdfdata\F404HPT\data\processed\meridian_samples\F404_0199.npz,D:\sdfdata\F404HPT\data\reports\figures\pdf_contour_overlay\F404_0199.png,vector,FALSE,MULTI_INTERVAL_AT_R;WIDTH_MISMATCH,Inco718,11292,650,68.5345,255.606,80.176,8086.962817,6996364.366,12.48695713,100.5921931,0.24625662,0.507450555,0.351846835,0.14070261,57.30022415,1651356.852,59919.52253,10,sdf_meridian_v0.1
F404_0200,C_Inco718_RPM11292_T650_OR249.418_BR70.1205,200,D:\sdfdata\F404HPT\data\raw\pdf\F404_0200.pdf,D:\sdfdata\F404HPT\data\processed\meridian_samples\F404_0200.npz,D:\sdfdata\F404HPT\data\reports\figures\pdf_contour_overlay\F404_0200.png,vector,FALSE,MULTI_INTERVAL_AT_R;WIDTH_MISMATCH,Inco718,11292,650,70.1205,249.418,86.032,7957.421949,6852949.867,13.92270306,100.5920905,0.186810918,0.500219858,0.391522294,0.108257849,56.12565941,1554705.81,51169.93918,10,sdf_meridian_v0.1
F404_0201,C_Inco718_RPM11292_T650_OR255.186_BR66.6625,201,D:\sdfdata\F404HPT\data\raw\pdf\F404_0201.pdf,D:\sdfdata\F404HPT\data\processed\meridian_samples\F404_0201.npz,D:\sdfdata\F404HPT\data\reports\figures\pdf_contour_overlay\F404_0201.png,vector,FALSE,MULTI_INTERVAL_AT_R;WIDTH_MISMATCH,Inco718,11292,650,66.6625,255.186,83.536,8638.529008,7385023.322,15.30624447,105.0634928,0.248666062,0.524341615,0.355944087,0.119714298,60.48334101,1718045.639,48722.31553,10,sdf_meridian_v0.1
F404_0202,C_Inco718_RPM11292_T650_OR246.702_BR69.6005,202,D:\sdfdata\F404HPT\data\raw\pdf\F404_0202.pdf,D:\sdfdata\F404HPT\data\processed\meridian_samples\F404_0202.npz,D:\sdfdata\F404HPT\data\reports\figures\pdf_contour_overlay\F404_0202.png,vector,FALSE,MULTI_INTERVAL_AT_R;WIDTH_MISMATCH,Inco718,11292,650,69.6005,246.702,81.744,7623.480383,6456595.284,14.37889099,98.69805184,0.186604547,0.528581636,0.377366917,0.094051447,52.87951538,1416666.267,48473.32669,10,sdf_meridian_v0.1
F404_0203,C_Inco718_RPM11292_T650_OR251.406_BR67.5855,203,D:\sdfdata\F404HPT\data\raw\pdf\F404_0203.pdf,D:\sdfdata\F404HPT\data\processed\meridian_samples\F404_0203.npz,D:\sdfdata\F404HPT\data\reports\figures\pdf_contour_overlay\F404_0203.png,vector,FALSE,MULTI_INTERVAL_AT_R;WIDTH_MISMATCH,Inco718,11292,650,67.5855,251.406,86.64,8212.903011,6979450.724,14.92440736,102.4425272,0.219550314,0.529733333,0.380133333,0.090133333,57.16170143,1567280.578,48499.47735,10,sdf_meridian_v0.1
F404_0204,C_Inco718_RPM11292_T650_OR244.518_BR72.4735,204,D:\sdfdata\F404HPT\data\raw\pdf\F404_0204.pdf,D:\sdfdata\F404HPT\data\processed\meridian_samples\F404_0204.npz,D:\sdfdata\F404HPT\data\reports\figures\pdf_contour_overlay\F404_0204.png,vector,FALSE,MULTI_INTERVAL_AT_R;WIDTH_MISMATCH,Inco718,11292,650,72.4735,244.518,77.552,7049.426577,5826142.064,9.990913648,100.5921545,0.210256494,0.547113186,0.374190168,0.078696646,47.7161035,1196904.586,68532.93653,10,sdf_meridian_v0.1
F404_0205,C_Inco718_RPM11292_T650_OR254.262_BR70.8355,205,D:\sdfdata\F404HPT\data\raw\pdf\F404_0205.pdf,D:\sdfdata\F404HPT\data\processed\meridian_samples\F404_0205.npz,D:\sdfdata\F404HPT\data\reports\figures\pdf_contour_overlay\F404_0205.png,vector,FALSE,MULTI_INTERVAL_AT_R;WIDTH_MISMATCH,Inco718,11292,650,70.8355,254.262,87.472,8177.733747,7109103.24,14.89241846,102.2229524,0.216557906,0.49613299,0.399857765,0.104009245,58.22355554,1642996.891,49714.21238,10,sdf_meridian_v0.1
F404_0206,C_Inco718_RPM11292_T650_OR249.866_BR67.5205,206,D:\sdfdata\F404HPT\data\raw\pdf\F404_0206.pdf,D:\sdfdata\F404HPT\data\processed\meridian_samples\F404_0206.npz,D:\sdfdata\F404HPT\data\reports\figures\pdf_contour_overlay\F404_0206.png,vector,FALSE,MULTI_INTERVAL_AT_R;WIDTH_MISMATCH,Inco718,11292,650,67.5205,249.866,79.696,8087.853507,6745401.905,14.16887115,100.5920909,0.209302347,0.534278543,0.35793228,0.107789177,55.24484161,1452064.927,50461.70898,10,sdf_meridian_v0.1
F404_0207,C_Inco718_RPM11292_T650_OR257.258_BR70.3285,207,D:\sdfdata\F404HPT\data\raw\pdf\F404_0207.pdf,D:\sdfdata\F404HPT\data\processed\meridian_samples\F404_0207.npz,D:\sdfdata\F404HPT\data\reports\figures\pdf_contour_overlay\F404_0207.png,vector,FALSE,MULTI_INTERVAL_AT_R;WIDTH_MISMATCH,Inco718,11292,650,70.3285,257.258,77.52,8282.510334,7269739.179,14.89965969,100.5920945,0.239632088,0.495501059,0.389731828,0.114767114,59.53916388,1747405.011,50867.95815,10,sdf_meridian_v0.1
F404_0208,C_Inco718_RPM11292_T650_OR255.354_BR71.9015,208,D:\sdfdata\F404HPT\data\raw\pdf\F404_0208.pdf,D:\sdfdata\F404HPT\data\processed\meridian_samples\F404_0208.npz,D:\sdfdata\F404HPT\data\reports\figures\pdf_contour_overlay\F404_0208.png,vector,FALSE,MULTI_INTERVAL_AT_R;WIDTH_MISMATCH,Inco718,11292,650,71.9015,255.354,79.792,7952.458237,6948198.335,14.37062786,100.5920819,0.221629288,0.492521849,0.398639517,0.108838634,56.90574436,1619495.762,51962.79035,10,sdf_meridian_v0.1
F404_0209,C_Inco718_RPM11292_T650_OR254.15_BR71.0695,209,D:\sdfdata\F404HPT\data\raw\pdf\F404_0209.pdf,D:\sdfdata\F404HPT\data\processed\meridian_samples\F404_0209.npz,D:\sdfdata\F404HPT\data\reports\figures\pdf_contour_overlay\F404_0209.png,vector,FALSE,MULTI_INTERVAL_AT_R;WIDTH_MISMATCH,Inco718,11292,650,71.0695,254.15,75.792,7972.689587,6928906.525,12.58285972,100.592181,0.22637125,0.513649878,0.338769258,0.147580863,56.74774444,1621885.5,58787.33188,10,sdf_meridian_v0.1
F404_0210,C_Inco718_RPM11292_T650_OR252.162_BR70.5495,210,D:\sdfdata\F404HPT\data\raw\pdf\F404_0210.pdf,D:\sdfdata\F404HPT\data\processed\meridian_samples\F404_0210.npz,D:\sdfdata\F404HPT\data\reports\figures\pdf_contour_overlay\F404_0210.png,vector,FALSE,MULTI_INTERVAL_AT_R;WIDTH_MISMATCH,Inco718,11292,650,70.5495,252.162,80.784,8016.785831,6921145.603,14.74513959,101.2120165,0.201869594,0.505913739,0.366296132,0.127790129,56.68418249,1577465.563,49384.79656,10,sdf_meridian_v0.1
F404_0211,C_Inco718_RPM11292_T650_OR252.554_BR71.7845,211,D:\sdfdata\F404HPT\data\raw\pdf\F404_0211.pdf,D:\sdfdata\F404HPT\data\processed\meridian_samples\F404_0211.npz,D:\sdfdata\F404HPT\data\reports\figures\pdf_contour_overlay\F404_0211.png,vector,FALSE,MULTI_INTERVAL_AT_R;WIDTH_MISMATCH,Inco718,11292,650,71.7845,252.554,78.192,7942.534712,6903187.889,14.67669633,100.7422155,0.197753546,0.486386689,0.383530563,0.130082748,56.53710881,1583668.028,49769.47631,10,sdf_meridian_v0.1
F404_0212,C_Inco718_RPM11292_T650_OR244.658_BR68.9505,212,D:\sdfdata\F404HPT\data\raw\pdf\F404_0212.pdf,D:\sdfdata\F404HPT\data\processed\meridian_samples\F404_0212.npz,D:\sdfdata\F404HPT\data\reports\figures\pdf_contour_overlay\F404_0212.png,vector,FALSE,MULTI_INTERVAL_AT_R;WIDTH_MISMATCH,Inco718,11292,650,68.9505,244.658,78.96,7503.940938,6300512.134,14.26571197,97.92118047,0.193743036,0.534228248,0.40668064,0.059091112,51.60119438,1362958.212,48051.64588,10,sdf_meridian_v0.1
F404_0213,C_Inco718_RPM11292_T650_OR250.678_BR67.0005,213,D:\sdfdata\F404HPT\data\raw\pdf\F404_0213.pdf,D:\sdfdata\F404HPT\data\processed\meridian_samples\F404_0213.npz,D:\sdfdata\F404HPT\data\reports\figures\pdf_contour_overlay\F404_0213.png,vector,FALSE,MULTI_INTERVAL_AT_R;WIDTH_MISMATCH,Inco718,11292,650,67.0005,250.678,86.832,8200.129808,6935742.764,14.91279718,102.3628338,0.218263884,0.529733333,0.3628,0.107466667,56.80373324,1547389.125,48256.54309,10,sdf_meridian_v0.1
F404_0214,C_Inco718_RPM11292_T650_OR249.782_BR68.1965,214,D:\sdfdata\F404HPT\data\raw\pdf\F404_0214.pdf,D:\sdfdata\F404HPT\data\processed\meridian_samples\F404_0214.npz,D:\sdfdata\F404HPT\data\reports\figures\pdf_contour_overlay\F404_0214.png,vector,FALSE,MULTI_INTERVAL_AT_R;WIDTH_MISMATCH,Inco718,11292,650,68.1965,249.782,74.544,8153.205985,6938780.723,15.81022432,100.5922216,0.197468903,0.524372166,0.384068713,0.091559121,56.82861412,1555145.109,45192.57861,10,sdf_meridian_v0.1
F404_0215,C_Inco718_RPM11292_T650_OR251.658_BR68.4825,215,D:\sdfdata\F404HPT\data\raw\pdf\F404_0215.pdf,D:\sdfdata\F404HPT\data\processed\meridian_samples\F404_0215.npz,D:\sdfdata\F404HPT\data\reports\figures\pdf_contour_overlay\F404_0215.png,vector,FALSE,MULTI_INTERVAL_AT_R;WIDTH_MISMATCH,Inco718,11292,650,68.4825,251.658,77.296,8114.596097,6842934.88,16.21746836,100.5922374,0.204533381,0.528921244,0.366115156,0.1049636,56.04363667,1510610.083,44722.00841,10,sdf_meridian_v0.1
F404_0216,C_Inco718_RPM11292_T650_OR256.95_BR67.8975,216,D:\sdfdata\F404HPT\data\raw\pdf\F404_0216.pdf,D:\sdfdata\F404HPT\data\processed\meridian_samples\F404_0216.npz,D:\sdfdata\F404HPT\data\reports\figures\pdf_contour_overlay\F404_0216.png,vector,FALSE,MULTI_INTERVAL_AT_R;WIDTH_MISMATCH,Inco718,11292,650,67.8975,256.95,80.24,8292.700496,7260738.325,12.62437284,100.5920858,0.238715223,0.493238466,0.3724589,0.134302634,59.46544688,1750223.728,59892.20581,10,sdf_meridian_v0.1
F404_0217,C_Inco718_RPM11292_T650_OR256.81_BR67.2735,217,D:\sdfdata\F404HPT\data\raw\pdf\F404_0217.pdf,D:\sdfdata\F404HPT\data\processed\meridian_samples\F404_0217.npz,D:\sdfdata\F404HPT\data\reports\figures\pdf_contour_overlay\F404_0217.png,vector,FALSE,MULTI_INTERVAL_AT_R;WIDTH_MISMATCH,Inco718,11292,650,67.2735,256.81,78.256,8464.73121,7309222.614,14.17985462,100.59208,0.233946417,0.528842817,0.33323213,0.137925052,59.86253321,1775847.489,53264.14501,10,sdf_meridian_v0.1
F404_0218,C_Inco718_RPM11292_T650_OR248.718_BR68.6255,218,D:\sdfdata\F404HPT\data\raw\pdf\F404_0218.pdf,D:\sdfdata\F404HPT\data\processed\meridian_samples\F404_0218.npz,D:\sdfdata\F404HPT\data\reports\figures\pdf_contour_overlay\F404_0218.png,vector,FALSE,MULTI_INTERVAL_AT_R;WIDTH_MISMATCH,Inco718,11292,650,68.6255,248.718,82.48,7883.154926,6682765.151,14.62173062,100.3649258,0.191520487,0.528561228,0.38093538,0.090503392,54.73184659,1479807.128,48450.52995,10,sdf_meridian_v0.1
F404_0219,C_Inco718_RPM11292_T650_OR245.05_BR68.0535,219,D:\sdfdata\F404HPT\data\raw\pdf\F404_0219.pdf,D:\sdfdata\F404HPT\data\processed\meridian_samples\F404_0219.npz,D:\sdfdata\F404HPT\data\reports\figures\pdf_contour_overlay\F404_0219.png,vector,FALSE,MULTI_INTERVAL_AT_R;WIDTH_MISMATCH,Inco718,11292,650,68.0535,245.05,72.4,8001.040129,6737978.247,14.90760558,100.591986,0.184141813,0.534692819,0.339842737,0.125464443,55.18404184,1474915.083,46130.10006,10,sdf_meridian_v0.1
F404_0220,C_Inco718_RPM11292_T650_OR254.122_BR67.6765,220,D:\sdfdata\F404HPT\data\raw\pdf\F404_0220.pdf,D:\sdfdata\F404HPT\data\processed\meridian_samples\F404_0220.npz,D:\sdfdata\F404HPT\data\reports\figures\pdf_contour_overlay\F404_0220.png,vector,FALSE,MULTI_INTERVAL_AT_R;WIDTH_MISMATCH,Inco718,11292,650,67.6765,254.122,85.104,8449.142204,7236339.739,15.13753141,103.9054306,0.246384005,0.51616202,0.352363167,0.131474812,59.26562246,1649183.881,48855.37471,10,sdf_meridian_v0.1
F404_0221,C_Inco718_RPM11292_T650_OR248.186_BR70.1335,221,D:\sdfdata\F404HPT\data\raw\pdf\F404_0221.pdf,D:\sdfdata\F404HPT\data\processed\meridian_samples\F404_0221.npz,D:\sdfdata\F404HPT\data\reports\figures\pdf_contour_overlay\F404_0221.png,vector,FALSE,MULTI_INTERVAL_AT_R;WIDTH_MISMATCH,Inco718,11292,650,70.1335,248.186,76.24,7972.347014,6810096.892,13.23202617,100.592263,0.185522486,0.515511667,0.371755658,0.112732675,55.77469354,1518283.696,53310.29488,10,sdf_meridian_v0.1
F404_0222,C_Inco718_RPM11292_T650_OR251.266_BR69.4705,222,D:\sdfdata\F404HPT\data\raw\pdf\F404_0222.pdf,D:\sdfdata\F404HPT\data\processed\meridian_samples\F404_0222.npz,D:\sdfdata\F404HPT\data\reports\figures\pdf_contour_overlay\F404_0222.png,vector,FALSE,MULTI_INTERVAL_AT_R;WIDTH_MISMATCH,Inco718,11292,650,69.4705,251.266,84.464,8032.950037,6884040.902,14.75999738,101.3140018,0.202716041,0.515695865,0.367630058,0.116674077,56.38029499,1554443.988,48985.10557,10,sdf_meridian_v0.1
F404_0223,C_Inco718_RPM11292_T650_OR249.362_BR69.7305,223,D:\sdfdata\F404HPT\data\raw\pdf\F404_0223.pdf,D:\sdfdata\F404HPT\data\processed\meridian_samples\F404_0223.npz,D:\sdfdata\F404HPT\data\reports\figures\pdf_contour_overlay\F404_0223.png,vector,FALSE,MULTI_INTERVAL_AT_R;WIDTH_MISMATCH,Inco718,11292,650,69.7305,249.362,78.288,8089.158321,6896641.827,12.14270848,100.5920454,0.199761056,0.518727977,0.353373646,0.127898377,56.48349656,1553138.454,58644.57632,10,sdf_meridian_v0.1
F404_0224,C_Inco718_RPM11292_T650_OR246.31_BR69.6265,224,D:\sdfdata\F404HPT\data\raw\pdf\F404_0224.pdf,D:\sdfdata\F404HPT\data\processed\meridian_samples\F404_0224.npz,D:\sdfdata\F404HPT\data\reports\figures\pdf_contour_overlay\F404_0224.png,vector,FALSE,MULTI_INTERVAL_AT_R;WIDTH_MISMATCH,Inco718,11292,650,69.6265,246.31,73.776,7974.657157,6654847.945,15.57784343,100.5919368,0.190952529,0.53972994,0.361031767,0.099238293,54.50320467,1425857.447,44600.49005,10,sdf_meridian_v0.1
F404_0225,C_Inco718_RPM11292_T650_OR256.25_BR70.9785,225,D:\sdfdata\F404HPT\data\raw\pdf\F404_0225.pdf,D:\sdfdata\F404HPT\data\processed\meridian_samples\F404_0225.npz,D:\sdfdata\F404HPT\data\reports\figures\pdf_contour_overlay\F404_0225.png,vector,FALSE,MULTI_INTERVAL_AT_R;WIDTH_MISMATCH,Inco718,11292,650,70.9785,256.25,81.04,8269.669361,7253736.552,13.80512803,100.5921244,0.220976448,0.500767443,0.359031706,0.140200851,59.40810236,1727354.344,54471.60678,10,sdf_meridian_v0.1
F404_0226,C_Inco718_RPM11292_T650_OR245.778_BR66.7535,226,D:\sdfdata\F404HPT\data\raw\pdf\F404_0226.pdf,D:\sdfdata\F404HPT\data\processed\meridian_samples\F404_0226.npz,D:\sdfdata\F404HPT\data\reports\figures\pdf_contour_overlay\F404_0226.png,vector,FALSE,MULTI_INTERVAL_AT_R;WIDTH_MISMATCH,Inco718,11292,650,66.7535,245.778,82.064,7789.93344,6492869.876,14.53501958,99.76973307,0.186688013,0.547227926,0.365726274,0.087045799,53.17660429,1402518.288,47594.11628,10,sdf_meridian_v0.1
F404_0227,C_Inco718_RPM11292_T650_OR257.202_BR68.1835,227,D:\sdfdata\F404HPT\data\raw\pdf\F404_0227.pdf,D:\sdfdata\F404HPT\data\processed\meridian_samples\F404_0227.npz,D:\sdfdata\F404HPT\data\reports\figures\pdf_contour_overlay\F404_0227.png,vector,FALSE,MULTI_INTERVAL_AT_R;WIDTH_MISMATCH,Inco718,11292,650,68.1835,257.202,86,8683.952371,7516787.848,15.34643358,105.3393546,0.24874497,0.507424116,0.357583987,0.134991897,61.56249248,1779591.341,49365.56311,10,sdf_meridian_v0.1
F404_0228,C_Inco718_RPM11292_T650_OR251.826_BR68.3135,228,D:\sdfdata\F404HPT\data\raw\pdf\F404_0228.pdf,D:\sdfdata\F404HPT\data\processed\meridian_samples\F404_0228.npz,D:\sdfdata\F404HPT\data\reports\figures\pdf_contour_overlay\F404_0228.png,vector,FALSE,MULTI_INTERVAL_AT_R;WIDTH_MISMATCH,Inco718,11292,650,68.3135,251.826,72.848,8088.963915,6825783.669,12.41054528,100.5920971,0.207051216,0.532093395,0.376819957,0.091086648,55.90316825,1518602.553,58518.49493,10,sdf_meridian_v0.1
F404_0229,C_Inco718_RPM11292_T650_OR255.41_BR71.5115,229,D:\sdfdata\F404HPT\data\raw\pdf\F404_0229.pdf,D:\sdfdata\F404HPT\data\processed\meridian_samples\F404_0229.npz,D:\sdfdata\F404HPT\data\reports\figures\pdf_contour_overlay\F404_0229.png,vector,FALSE,MULTI_INTERVAL_AT_R;WIDTH_MISMATCH,Inco718,11292,650,71.5115,255.41,85.296,8219.874403,7189624.151,14.93074019,102.4859964,0.220243736,0.47657986,0.415963026,0.107457115,58.88302179,1677190.824,50035.39497,10,sdf_meridian_v0.1
F404_0230,C_Inco718_RPM11292_T650_OR251.742_BR68.2355,230,D:\sdfdata\F404HPT\data\raw\pdf\F404_0230.pdf,D:\sdfdata\F404HPT\data\processed\meridian_samples\F404_0230.npz,D:\sdfdata\F404HPT\data\reports\figures\pdf_contour_overlay\F404_0230.png,vector,FALSE,MULTI_INTERVAL_AT_R;WIDTH_MISMATCH,Inco718,11292,650,68.2355,251.742,77.36,7909.790232,6918504.838,14.71170846,100.5920956,0.202365776,0.481368856,0.391049789,0.127581355,56.66255462,1590568.666,49332.27263,10,sdf_meridian_v0.1
F404_0231,C_Inco718_RPM11292_T650_OR245.862_BR71.5505,231,D:\sdfdata\F404HPT\data\raw\pdf\F404_0231.pdf,D:\sdfdata\F404HPT\data\processed\meridian_samples\F404_0231.npz,D:\sdfdata\F404HPT\data\reports\figures\pdf_contour_overlay\F404_0231.png,vector,FALSE,MULTI_INTERVAL_AT_R;WIDTH_MISMATCH,Inco718,11292,650,71.5505,245.862,86.48,7385.176656,6297595.171,14.15237057,97.14319451,0.200057643,0.514290826,0.402021738,0.083687436,51.57730445,1383646.22,48914.3746,10,sdf_meridian_v0.1
F404_0232,C_Inco718_RPM11292_T650_OR244.154_BR66.8445,232,D:\sdfdata\F404HPT\data\raw\pdf\F404_0232.pdf,D:\sdfdata\F404HPT\data\processed\meridian_samples\F404_0232.npz,D:\sdfdata\F404HPT\data\reports\figures\pdf_contour_overlay\F404_0232.png,vector,FALSE,MULTI_INTERVAL_AT_R;WIDTH_MISMATCH,Inco718,11292,650,66.8445,244.154,84.592,8260.640292,6794345.594,15.66839249,100.5920351,0.187435279,0.536243442,0.385183631,0.078572928,55.64569041,1398114.828,43569.85576,10,sdf_meridian_v0.1
F404_0233,C_Inco718_RPM11292_T650_OR250.482_BR69.0545,233,D:\sdfdata\F404HPT\data\raw\pdf\F404_0233.pdf,D:\sdfdata\F404HPT\data\processed\meridian_samples\F404_0233.npz,D:\sdfdata\F404HPT\data\reports\figures\pdf_contour_overlay\F404_0233.png,vector,FALSE,MULTI_INTERVAL_AT_R;WIDTH_MISMATCH,Inco718,11292,650,69.0545,250.482,77.072,7765.230892,6666354.945,14.00310519,100.5920507,0.196318912,0.504364916,0.377622378,0.118012706,54.597447,1494743.616,51311.12895,10,sdf_meridian_v0.1
F404_0234,C_Inco718_RPM11292_T650_OR255.438_BR71.8495,234,D:\sdfdata\F404HPT\data\raw\pdf\F404_0234.pdf,D:\sdfdata\F404HPT\data\processed\meridian_samples\F404_0234.npz,D:\sdfdata\F404HPT\data\reports\figures\pdf_contour_overlay\F404_0234.png,vector,FALSE,MULTI_INTERVAL_AT_R;WIDTH_MISMATCH,Inco718,11292,650,71.8495,255.438,81.712,8002.469959,7098372.15,16.4044116,100.5921809,0.221615704,0.491939095,0.346887595,0.161173309,58.13566791,1731906.17,45550.50849,10,sdf_meridian_v0.1
F404_0235,C_Inco718_RPM11292_T650_OR257.314_BR67.3515,235,D:\sdfdata\F404HPT\data\raw\pdf\F404_0235.pdf,D:\sdfdata\F404HPT\data\processed\meridian_samples\F404_0235.npz,D:\sdfdata\F404HPT\data\reports\figures\pdf_contour_overlay\F404_0235.png,vector,FALSE,MULTI_INTERVAL_AT_R;WIDTH_MISMATCH,Inco718,11292,650,67.3515,257.314,73.264,8714.348261,7548773.827,16.18216226,100.5921845,0.236307776,0.504638219,0.370551526,0.124810255,61.82445764,1813485.788,46856.85732,10,sdf_meridian_v0.1
F404_0236,C_Inco718_RPM11292_T650_OR245.134_BR70.4975,236,D:\sdfdata\F404HPT\data\raw\pdf\F404_0236.pdf,D:\sdfdata\F404HPT\data\processed\meridian_samples\F404_0236.npz,D:\sdfdata\F404HPT\data\reports\figures\pdf_contour_overlay\F404_0236.png,vector,FALSE,MULTI_INTERVAL_AT_R;WIDTH_MISMATCH,Inco718,11292,650,70.4975,245.134,86.064,7696.723374,6557050.4,13.37089802,100.5920323,0.203873306,0.504568438,0.378381975,0.117049588,53.70224278,1434882.374,51467.06516,10,sdf_meridian_v0.1
F404_0237,C_Inco718_RPM11292_T650_OR245.022_BR68.2875,237,D:\sdfdata\F404HPT\data\raw\pdf\F404_0237.pdf,D:\sdfdata\F404HPT\data\processed\meridian_samples\F404_0237.npz,D:\sdfdata\F404HPT\data\reports\figures\pdf_contour_overlay\F404_0237.png,vector,FALSE,MULTI_INTERVAL_AT_R;WIDTH_MISMATCH,Inco718,11292,650,68.2875,245.022,77.744,8073.915747,6718267.394,14.79286424,100.5922514,0.197204449,0.537020403,0.359681766,0.103297831,55.02260996,1426341.804,46477.28667,10,sdf_meridian_v0.1
F404_0238,C_Inco718_RPM11292_T650_OR257.566_BR71.5375,238,D:\sdfdata\F404HPT\data\raw\pdf\F404_0238.pdf,D:\sdfdata\F404HPT\data\processed\meridian_samples\F404_0238.npz,D:\sdfdata\F404HPT\data\reports\figures\pdf_contour_overlay\F404_0238.png,vector,FALSE,MULTI_INTERVAL_AT_R;WIDTH_MISMATCH,Inco718,11292,650,71.5375,257.566,76.752,7818.184091,6844417.101,14.47443776,100.5920914,0.223031355,0.504562808,0.354688518,0.140748673,56.05577605,1628846.161,52487.78433,10,sdf_meridian_v0.1
F404_0239,C_Inco718_RPM11292_T650_OR251.042_BR69.4185,239,D:\sdfdata\F404HPT\data\raw\pdf\F404_0239.pdf,D:\sdfdata\F404HPT\data\processed\meridian_samples\F404_0239.npz,D:\sdfdata\F404HPT\data\reports\figures\pdf_contour_overlay\F404_0239.png,vector,FALSE,MULTI_INTERVAL_AT_R;WIDTH_MISMATCH,Inco718,11292,650,69.4185,251.042,73.872,8185.449439,6965318.103,14.24928022,100.5921662,0.205961447,0.512044794,0.406745084,0.081210122,57.04595527,1529262.844,50650.38161,10,sdf_meridian_v0.1
F404_0240,C_Inco718_RPM11292_T650_OR246.898_BR71.2515,240,D:\sdfdata\F404HPT\data\raw\pdf\F404_0240.pdf,D:\sdfdata\F404HPT\data\processed\meridian_samples\F404_0240.npz,D:\sdfdata\F404HPT\data\reports\figures\pdf_contour_overlay\F404_0240.png,vector,FALSE,MULTI_INTERVAL_AT_R;WIDTH_MISMATCH,Inco718,11292,650,71.2515,246.898,87.536,7498.731588,6403493.97,14.26075937,97.88718538,0.193962184,0.513446015,0.403112875,0.08344111,52.44461562,1416691.2,48952.55552,10,sdf_meridian_v0.1
F404_0241,C_Inco718_RPM11292_T650_OR248.858_BR69.1455,241,D:\sdfdata\F404HPT\data\raw\pdf\F404_0241.pdf,D:\sdfdata\F404HPT\data\processed\meridian_samples\F404_0241.npz,D:\sdfdata\F404HPT\data\reports\figures\pdf_contour_overlay\F404_0241.png,vector,FALSE,MULTI_INTERVAL_AT_R;WIDTH_MISMATCH,Inco718,11292,650,69.1455,248.858,78,7805.097345,6654359.714,12.42358214,100.5921652,0.193518343,0.509890307,0.373943535,0.116166157,54.49920606,1481296.413,57087.26725,10,sdf_meridian_v0.1
F404_0242,C_Inco718_RPM11292_T650_OR244.882_BR69.0025,242,D:\sdfdata\F404HPT\data\raw\pdf\F404_0242.pdf,D:\sdfdata\F404HPT\data\processed\meridian_samples\F404_0242.npz,D:\sdfdata\F404HPT\data\reports\figures\pdf_contour_overlay\F404_0242.png,vector,FALSE,MULTI_INTERVAL_AT_R;WIDTH_MISMATCH,Inco718,11292,650,69.0025,244.882,77.136,7518.639338,6318300.93,14.27967667,98.01703547,0.192898235,0.535048921,0.377876067,0.087075012,51.74688462,1367460.908,48092.59703,10,sdf_meridian_v0.1
F404_0243,C_Inco718_RPM11292_T650_OR249.558_BR69.8735,243,D:\sdfdata\F404HPT\data\raw\pdf\F404_0243.pdf,D:\sdfdata\F404HPT\data\processed\meridian_samples\F404_0243.npz,D:\sdfdata\F404HPT\data\reports\figures\pdf_contour_overlay\F404_0243.png,vector,FALSE,MULTI_INTERVAL_AT_R;WIDTH_MISMATCH,Inco718,11292,650,69.8735,249.558,72.56,8115.276132,6982282.432,15.02580231,100.5922896,0.188189598,0.505599032,0.382852696,0.111548273,57.18489312,1590596.978,47466.60813,10,sdf_meridian_v0.1
F404_0244,C_Inco718_RPM11292_T650_OR254.962_BR68.4305,244,D:\sdfdata\F404HPT\data\raw\pdf\F404_0244.pdf,D:\sdfdata\F404HPT\data\processed\meridian_samples\F404_0244.npz,D:\sdfdata\F404HPT\data\reports\figures\pdf_contour_overlay\F404_0244.png,vector,FALSE,MULTI_INTERVAL_AT_R;WIDTH_MISMATCH,Inco718,11292,650,68.4305,254.962,87.28,8265.732456,7113420.018,16.11677794,100.5920585,0.245981991,0.511892679,0.37319624,0.114911081,58.25890995,1663391.19,46190.80901,10,sdf_meridian_v0.1
F404_0245,C_Inco718_RPM11292_T650_OR256.334_BR66.8185,245,D:\sdfdata\F404HPT\data\raw\pdf\F404_0245.pdf,D:\sdfdata\F404HPT\data\processed\meridian_samples\F404_0245.npz,D:\sdfdata\F404HPT\data\reports\figures\pdf_contour_overlay\F404_0245.png,vector,FALSE,MULTI_INTERVAL_AT_R;WIDTH_MISMATCH,Inco718,11292,650,66.8185,256.334,76.4,8729.679095,7491533.147,15.38678506,105.616331,0.246616743,0.517147738,0.373571022,0.10928124,61.35565647,1756288.748,48904.34185,10,sdf_meridian_v0.1
F404_0246,C_Inco718_RPM11292_T650_OR255.802_BR71.1345,246,D:\sdfdata\F404HPT\data\raw\pdf\F404_0246.pdf,D:\sdfdata\F404HPT\data\processed\meridian_samples\F404_0246.npz,D:\sdfdata\F404HPT\data\reports\figures\pdf_contour_overlay\F404_0246.png,vector,FALSE,MULTI_INTERVAL_AT_R;WIDTH_MISMATCH,Inco718,11292,650,71.1345,255.802,75.28,8116.442843,7131701.226,13.72490253,100.5921003,0.215060172,0.503287136,0.362473348,0.134239517,58.40863304,1717639.683,54598.59653,10,sdf_meridian_v0.1
F404_0247,C_Inco718_RPM11292_T650_OR252.498_BR71.4205,247,D:\sdfdata\F404HPT\data\raw\pdf\F404_0247.pdf,D:\sdfdata\F404HPT\data\processed\meridian_samples\F404_0247.npz,D:\sdfdata\F404HPT\data\reports\figures\pdf_contour_overlay\F404_0247.png,vector,FALSE,MULTI_INTERVAL_AT_R;WIDTH_MISMATCH,Inco718,11292,650,71.4205,252.498,84.24,7507.693172,6473293.939,12.21740456,100.5922219,0.196033973,0.51354924,0.364271551,0.122179209,53.01627736,1469729.987,59761.2684,10,sdf_meridian_v0.1
F404_0248,C_Inco718_RPM11292_T650_OR255.718_BR70.4195,248,D:\sdfdata\F404HPT\data\raw\pdf\F404_0248.pdf,D:\sdfdata\F404HPT\data\processed\meridian_samples\F404_0248.npz,D:\sdfdata\F404HPT\data\reports\figures\pdf_contour_overlay\F404_0248.png,vector,FALSE,MULTI_INTERVAL_AT_R;WIDTH_MISMATCH,Inco718,11292,650,70.4195,255.718,85.2,8345.504879,7269271.587,15.04440635,103.2662115,0.230518307,0.48653453,0.374722247,0.138743223,59.5353343,1691886.464,49777.19495,10,sdf_meridian_v0.1
F404_0249,C_Inco718_RPM11292_T650_OR253.17_BR68.7945,249,D:\sdfdata\F404HPT\data\raw\pdf\F404_0249.pdf,D:\sdfdata\F404HPT\data\processed\meridian_samples\F404_0249.npz,D:\sdfdata\F404HPT\data\reports\figures\pdf_contour_overlay\F404_0249.png,vector,FALSE,MULTI_INTERVAL_AT_R;WIDTH_MISMATCH,Inco718,11292,650,68.7945,253.17,85.744,8262.57149,7095031.761,14.96946788,102.7518268,0.223104936,0.515822222,0.356488889,0.127688889,58.10831012,1617028.981,49034.41487,10,sdf_meridian_v0.1
F404_0250,C_Inco718_RPM11292_T650_OR257.034_BR69.6915,250,D:\sdfdata\F404HPT\data\raw\pdf\F404_0250.pdf,D:\sdfdata\F404HPT\data\processed\meridian_samples\F404_0250.npz,D:\sdfdata\F404HPT\data\reports\figures\pdf_contour_overlay\F404_0250.png,vector,FALSE,MULTI_INTERVAL_AT_R;WIDTH_MISMATCH,Inco718,11292,650,69.6915,257.034,80.976,8356.466045,7240208.896,12.16418792,100.5922287,0.240902483,0.512222904,0.358100412,0.129676684,59.29731086,1712194.564,62198.6424,10,sdf_meridian_v0.1
F404_0251,C_Inco718_RPM11292_T650_OR251.154_BR72.8245,251,D:\sdfdata\F404HPT\data\raw\pdf\F404_0251.pdf,D:\sdfdata\F404HPT\data\processed\meridian_samples\F404_0251.npz,D:\sdfdata\F404HPT\data\reports\figures\pdf_contour_overlay\F404_0251.png,vector,FALSE,MULTI_INTERVAL_AT_R;WIDTH_MISMATCH,Inco718,11292,650,72.8245,251.154,76.784,7729.567459,6724976.025,14.47859245,99.38241198,0.183764278,0.484954014,0.393383338,0.121662648,55.07755365,1534804.125,49892.6684,10,sdf_meridian_v0.1
F404_0252,C_Inco718_RPM11292_T650_OR249.278_BR72.6425,252,D:\sdfdata\F404HPT\data\raw\pdf\F404_0252.pdf,D:\sdfdata\F404HPT\data\processed\meridian_samples\F404_0252.npz,D:\sdfdata\F404HPT\data\reports\figures\pdf_contour_overlay\F404_0252.png,vector,FALSE,MULTI_INTERVAL_AT_R;WIDTH_MISMATCH,Inco718,11292,650,72.6425,249.278,80.752,7583.414455,6559433.662,14.3410564,98.43835165,0.188881746,0.49481819,0.390288573,0.114893237,53.7217617,1478238.885,49621.47119,10,sdf_meridian_v0.1
F404_0253,C_Inco718_RPM11292_T650_OR253.142_BR72.8765,253,D:\sdfdata\F404HPT\data\raw\pdf\F404_0253.pdf,D:\sdfdata\F404HPT\data\processed\meridian_samples\F404_0253.npz,D:\sdfdata\F404HPT\data\reports\figures\pdf_contour_overlay\F404_0253.png,vector,FALSE,MULTI_INTERVAL_AT_R;WIDTH_MISMATCH,Inco718,11292,650,72.8765,253.142,79.952,7873.705466,6919055.54,12.63602637,100.5920782,0.195349605,0.497830463,0.348288973,0.153880564,56.66706487,1642244.475,58076.54435,10,sdf_meridian_v0.1
F404_0254,C_Inco718_RPM11292_T650_OR246.03_BR67.5465,254,D:\sdfdata\F404HPT\data\raw\pdf\F404_0254.pdf,D:\sdfdata\F404HPT\data\processed\meridian_samples\F404_0254.npz,D:\sdfdata\F404HPT\data\reports\figures\pdf_contour_overlay\F404_0254.png,vector,FALSE,MULTI_INTERVAL_AT_R;WIDTH_MISMATCH,Inco718,11292,650,67.5465,246.03,87.728,8128.765617,6912160.454,14.43192042,100.5920106,0.17830566,0.517881647,0.360591767,0.121526587,56.61059412,1532068.389,48032.46604,10,sdf_meridian_v0.1
F404_0255,C_Inco718_RPM11292_T650_OR249.054_BR66.6365,255,D:\sdfdata\F404HPT\data\raw\pdf\F404_0255.pdf,D:\sdfdata\F404HPT\data\processed\meridian_samples\F404_0255.npz,D:\sdfdata\F404HPT\data\reports\figures\pdf_contour_overlay\F404_0255.png,vector,FALSE,MULTI_INTERVAL_AT_R;WIDTH_MISMATCH,Inco718,11292,650,66.6365,249.054,75.696,8238.608272,6804842.442,13.68195361,100.5921093,0.205265353,0.546257414,0.348586519,0.105156067,55.7316596,1469255.632,51918.46044,10,sdf_meridian_v0.1
F404_0256,C_Inco718_RPM11292_T650_OR251.238_BR68.5605,256,D:\sdfdata\F404HPT\data\raw\pdf\F404_0256.pdf,D:\sdfdata\F404HPT\data\processed\meridian_samples\F404_0256.npz,D:\sdfdata\F404HPT\data\reports\figures\pdf_contour_overlay\F404_0256.png,vector,FALSE,MULTI_INTERVAL_AT_R;WIDTH_MISMATCH,Inco718,11292,650,68.5605,251.238,72.336,8345.267771,6990909.992,15.54852478,100.5921108,0.204041739,0.530261466,0.376125161,0.093613373,57.25555284,1523544.323,46490.51333,10,sdf_meridian_v0.1
F404_0257,C_Inco718_RPM11292_T650_OR254.486_BR70.0165,257,D:\sdfdata\F404HPT\data\raw\pdf\F404_0257.pdf,D:\sdfdata\F404HPT\data\processed\meridian_samples\F404_0257.npz,D:\sdfdata\F404HPT\data\reports\figures\pdf_contour_overlay\F404_0257.png,vector,FALSE,MULTI_INTERVAL_AT_R;WIDTH_MISMATCH,Inco718,11292,650,70.0165,254.486,80.336,8270.998637,7167571.513,14.97709975,102.8042127,0.223611961,0.496289054,0.378249856,0.125461091,58.70241069,1653669.29,49520.26334,10,sdf_meridian_v0.1
F404_0258,C_Inco718_RPM11292_T650_OR246.366_BR71.6805,258,D:\sdfdata\F404HPT\data\raw\pdf\F404_0258.pdf,D:\sdfdata\F404HPT\data\processed\meridian_samples\F404_0258.npz,D:\sdfdata\F404HPT\data\reports\figures\pdf_contour_overlay\F404_0258.png,vector,FALSE,MULTI_INTERVAL_AT_R;WIDTH_MISMATCH,Inco718,11292,650,71.6805,246.366,79.056,7675.248211,6566064.727,12.72652136,100.5922147,0.195097923,0.508166808,0.40424585,0.087587343,53.77607011,1438431.946,54617.86388,10,sdf_meridian_v0.1
F404_0259,C_Inco718_RPM11292_T650_OR247.206_BR67.0915,259,D:\sdfdata\F404HPT\data\raw\pdf\F404_0259.pdf,D:\sdfdata\F404HPT\data\processed\meridian_samples\F404_0259.npz,D:\sdfdata\F404HPT\data\reports\figures\pdf_contour_overlay\F404_0259.png,vector,FALSE,MULTI_INTERVAL_AT_R;WIDTH_MISMATCH,Inco718,11292,650,67.0915,247.206,74.224,7976.514095,6706910.436,14.1102666,100.592269,0.2043946,0.535922587,0.342479675,0.121597738,54.92959647,1474224.527,49598.1722,10,sdf_meridian_v0.1
F404_0260,C_Inco718_RPM11292_T650_OR245.554_BR69.3925,260,D:\sdfdata\F404HPT\data\raw\pdf\F404_0260.pdf,D:\sdfdata\F404HPT\data\processed\meridian_samples\F404_0260.npz,D:\sdfdata\F404HPT\data\reports\figures\pdf_contour_overlay\F404_0260.png,vector,FALSE,MULTI_INTERVAL_AT_R;WIDTH_MISMATCH,Inco718,11292,650,69.3925,245.554,81.36,7878.573746,6644341.472,16.49172192,100.5919997,0.202313755,0.518925999,0.39659463,0.084479371,54.41715665,1435191.931,41870.76537,10,sdf_meridian_v0.1
F404_0261,C_Inco718_RPM11292_T650_OR257.986_BR71.6155,261,D:\sdfdata\F404HPT\data\raw\pdf\F404_0261.pdf,D:\sdfdata\F404HPT\data\processed\meridian_samples\F404_0261.npz,D:\sdfdata\F404HPT\data\reports\figures\pdf_contour_overlay\F404_0261.png,vector,FALSE,MULTI_INTERVAL_AT_R;WIDTH_MISMATCH,Inco718,11292,650,71.6155,257.986,76.208,8442.346028,7437998.171,15.13144216,103.8636334,0.245548498,0.467315902,0.414532195,0.118151903,60.91720502,1758523.539,50372.65392,10,sdf_meridian_v0.1
F404_0262,C_Inco718_RPM11292_T650_OR249.39_BR67.5335,262,D:\sdfdata\F404HPT\data\raw\pdf\F404_0262.pdf,D:\sdfdata\F404HPT\data\processed\meridian_samples\F404_0262.npz,D:\sdfdata\F404HPT\data\reports\figures\pdf_contour_overlay\F404_0262.png,vector,FALSE,MULTI_INTERVAL_AT_R;WIDTH_MISMATCH,Inco718,11292,650,67.5335,249.39,72.816,8289.372581,6976176.496,15.36842648,100.5920632,0.202888992,0.528105304,0.370106762,0.101787935,57.1348855,1552452.085,46345.92379,10,sdf_meridian_v0.1
F404_0263,C_Inco718_RPM11292_T650_OR257.454_BR69.2495,263,D:\sdfdata\F404HPT\data\raw\pdf\F404_0263.pdf,D:\sdfdata\F404HPT\data\processed\meridian_samples\F404_0263.npz,D:\sdfdata\F404HPT\data\reports\figures\pdf_contour_overlay\F404_0263.png,vector,FALSE,MULTI_INTERVAL_AT_R;WIDTH_MISMATCH,Inco718,11292,650,69.2495,257.454,87.792,8609.319288,7493641.008,15.28034482,104.8857152,0.250702139,0.497830565,0.389402638,0.112766797,61.37291986,1782214.617,49676.27347,10,sdf_meridian_v0.1
F404_0264,C_Inco718_RPM11292_T650_OR252.246_BR67.2475,264,D:\sdfdata\F404HPT\data\raw\pdf\F404_0264.pdf,D:\sdfdata\F404HPT\data\processed\meridian_samples\F404_0264.npz,D:\sdfdata\F404HPT\data\reports\figures\pdf_contour_overlay\F404_0264.png,vector,FALSE,MULTI_INTERVAL_AT_R;WIDTH_MISMATCH,Inco718,11292,650,67.2475,252.246,84.08,8318.503854,7074190.604,15.02004932,103.0990226,0.22835796,0.522998978,0.353762055,0.123238967,57.93762105,1594587.376,48513.21921,10,sdf_meridian_v0.1
F404_0265,C_Inco718_RPM11292_T650_OR255.046_BR72.8895,265,D:\sdfdata\F404HPT\data\raw\pdf\F404_0265.pdf,D:\sdfdata\F404HPT\data\processed\meridian_samples\F404_0265.npz,D:\sdfdata\F404HPT\data\reports\figures\pdf_contour_overlay\F404_0265.png,vector,FALSE,MULTI_INTERVAL_AT_R;WIDTH_MISMATCH,Inco718,11292,650,72.8895,255.046,84.912,7883.722174,6927022.151,16.7811372,100.59214,0.211575586,0.489129944,0.410576271,0.100293785,56.73231142,1634487.051,44391.36731,10,sdf_meridian_v0.1
F404_0266,C_Inco718_RPM11292_T650_OR248.13_BR68.3915,266,D:\sdfdata\F404HPT\data\raw\pdf\F404_0266.pdf,D:\sdfdata\F404HPT\data\processed\meridian_samples\F404_0266.npz,D:\sdfdata\F404HPT\data\reports\figures\pdf_contour_overlay\F404_0266.png,vector,FALSE,MULTI_INTERVAL_AT_R;WIDTH_MISMATCH,Inco718,11292,650,68.3915,248.13,77.936,8113.128746,6849465.51,13.35823254,100.5921061,0.195522027,0.525997582,0.350060459,0.123941959,56.09712253,1525875.447,52782.80045,10,sdf_meridian_v0.1
F404_0267,C_Inco718_RPM11292_T650_OR247.626_BR72.4995,267,D:\sdfdata\F404HPT\data\raw\pdf\F404_0267.pdf,D:\sdfdata\F404HPT\data\processed\meridian_samples\F404_0267.npz,D:\sdfdata\F404HPT\data\reports\figures\pdf_contour_overlay\F404_0267.png,vector,FALSE,MULTI_INTERVAL_AT_R;WIDTH_MISMATCH,Inco718,11292,650,72.4995,247.626,80.624,7586.164896,6456651.827,15.07010051,100.5920277,0.200348982,0.512684846,0.413512414,0.07380274,52.87997847,1385365.198,46597.13472,10,sdf_meridian_v0.1
F404_0268,C_Inco718_RPM11292_T650_OR248.69_BR68.8075,268,D:\sdfdata\F404HPT\data\raw\pdf\F404_0268.pdf,D:\sdfdata\F404HPT\data\processed\meridian_samples\F404_0268.npz,D:\sdfdata\F404HPT\data\reports\figures\pdf_contour_overlay\F404_0268.png,vector,FALSE,MULTI_INTERVAL_AT_R;WIDTH_MISMATCH,Inco718,11292,650,68.8075,248.69,74.896,8239.891747,6947362.155,12.01077332,100.5921434,0.189570118,0.535267228,0.346392105,0.118340667,56.89889605,1538626.378,58969.65006,10,sdf_meridian_v0.1
F404_0269,C_Inco718_RPM11292_T650_OR245.75_BR71.6935,269,D:\sdfdata\F404HPT\data\raw\pdf\F404_0269.pdf,D:\sdfdata\F404HPT\data\processed\meridian_samples\F404_0269.npz,D:\sdfdata\F404HPT\data\reports\figures\pdf_contour_overlay\F404_0269.png,vector,FALSE,MULTI_INTERVAL_AT_R;WIDTH_MISMATCH,Inco718,11292,650,71.6935,245.75,81.872,7611.697193,6515516.792,16.49984857,100.5922166,0.208814825,0.509476876,0.412076885,0.078446238,53.36208253,1445353.469,41916.97863,10,sdf_meridian_v0.1
F404_0270,C_Inco718_RPM11292_T650_OR255.886_BR71.8105,270,D:\sdfdata\F404HPT\data\raw\pdf\F404_0270.pdf,D:\sdfdata\F404HPT\data\processed\meridian_samples\F404_0270.npz,D:\sdfdata\F404HPT\data\reports\figures\pdf_contour_overlay\F404_0270.png,vector,FALSE,MULTI_INTERVAL_AT_R;WIDTH_MISMATCH,Inco718,11292,650,71.8105,255.886,86.608,8235.70507,7222314.446,14.94511084,102.5846379,0.221832672,0.47660312,0.400124428,0.123272453,59.15075531,1691404.932,50173.77607,10,sdf_meridian_v0.1
F404_0271,C_Inco718_RPM11292_T650_OR247.094_BR70.0945,271,D:\sdfdata\F404HPT\data\raw\pdf\F404_0271.pdf,D:\sdfdata\F404HPT\data\processed\meridian_samples\F404_0271.npz,D:\sdfdata\F404HPT\data\reports\figures\pdf_contour_overlay\F404_0271.png,vector,FALSE,MULTI_INTERVAL_AT_R;WIDTH_MISMATCH,Inco718,11292,650,70.0945,247.094,76.112,7423.42974,6371632.732,15.65451153,100.5920871,0.18326746,0.500186289,0.417147914,0.082665797,52.18367207,1400999.316,44665.04292,10,sdf_meridian_v0.1
F404_0272,C_Inco718_RPM11292_T650_OR255.382_BR68.2485,272,D:\sdfdata\F404HPT\data\raw\pdf\F404_0272.pdf,D:\sdfdata\F404HPT\data\processed\meridian_samples\F404_0272.npz,D:\sdfdata\F404HPT\data\reports\figures\pdf_contour_overlay\F404_0272.png,vector,FALSE,MULTI_INTERVAL_AT_R;WIDTH_MISMATCH,Inco718,11292,650,68.2485,255.382,85.456,8511.613383,7333978.765,15.19339021,104.2888507,0.249420592,0.505498404,0.37455658,0.119945016,60.06528608,1689905.583,49159.64661,10,sdf_meridian_v0.1
F404_0273,C_Inco718_RPM11292_T650_OR253.842_BR70.2115,273,D:\sdfdata\F404HPT\data\raw\pdf\F404_0273.pdf,D:\sdfdata\F404HPT\data\processed\meridian_samples\F404_0273.npz,D:\sdfdata\F404HPT\data\reports\figures\pdf_contour_overlay\F404_0273.png,vector,FALSE,MULTI_INTERVAL_AT_R;WIDTH_MISMATCH,Inco718,11292,650,70.2115,253.842,74.064,8033.131741,7002331.591,15.89108831,100.5921915,0.23085821,0.501272378,0.345060047,0.153667574,57.34909573,1669189.813,46436.14914,10,sdf_meridian_v0.1
F404_0274,C_Inco718_RPM11292_T650_OR248.158_BR69.9255,274,D:\sdfdata\F404HPT\data\raw\pdf\F404_0274.pdf,D:\sdfdata\F404HPT\data\processed\meridian_samples\F404_0274.npz,D:\sdfdata\F404HPT\data\reports\figures\pdf_contour_overlay\F404_0274.png,vector,FALSE,MULTI_INTERVAL_AT_R;WIDTH_MISMATCH,Inco718,11292,650,69.9255,248.158,74.128,7905.512932,6607331.17,16.15904644,100.5921108,0.181314217,0.541802341,0.380841327,0.077356332,54.11404229,1421523.876,43643.9157,10,sdf_meridian_v0.1
F404_0275,C_Inco718_RPM11292_T650_OR244.938_BR67.3125,275,D:\sdfdata\F404HPT\data\raw\pdf\F404_0275.pdf,D:\sdfdata\F404HPT\data\processed\meridian_samples\F404_0275.npz,D:\sdfdata\F404HPT\data\reports\figures\pdf_contour_overlay\F404_0275.png,vector,FALSE,MULTI_INTERVAL_AT_R;WIDTH_MISMATCH,Inco718,11292,650,67.3125,244.938,72.016,8065.716616,6700406.259,14.95074898,100.5921847,0.195349111,0.53231351,0.36129254,0.10639395,54.87632726,1434196.606,45954.94615,10,sdf_meridian_v0.1
F404_0276,C_Inco718_RPM11292_T650_OR252.106_BR71.7195,276,D:\sdfdata\F404HPT\data\raw\pdf\F404_0276.pdf,D:\sdfdata\F404HPT\data\processed\meridian_samples\F404_0276.npz,D:\sdfdata\F404HPT\data\reports\figures\pdf_contour_overlay\F404_0276.png,vector,FALSE,MULTI_INTERVAL_AT_R;WIDTH_MISMATCH,Inco718,11292,650,71.7195,252.106,84.848,7908.914348,6863730.858,14.64560051,100.5287709,0.19319258,0.494824201,0.38140282,0.123772979,56.21395573,1569219.608,49698.35987,10,sdf_meridian_v0.1
F404_0277,C_Inco718_RPM11292_T650_OR255.326_BR71.0435,277,D:\sdfdata\F404HPT\data\raw\pdf\F404_0277.pdf,D:\sdfdata\F404HPT\data\processed\meridian_samples\F404_0277.npz,D:\sdfdata\F404HPT\data\reports\figures\pdf_contour_overlay\F404_0277.png,vector,FALSE,MULTI_INTERVAL_AT_R;WIDTH_MISMATCH,Inco718,11292,650,71.0435,255.326,86.896,8254.23822,7202740.198,14.9619172,102.6999982,0.222484205,0.486445649,0.396986934,0.116567416,58.99044223,1676342.12,49898.29575,10,sdf_meridian_v0.1
F404_0278,C_Inco718_RPM11292_T650_OR253.506_BR67.8325,278,D:\sdfdata\F404HPT\data\raw\pdf\F404_0278.pdf,D:\sdfdata\F404HPT\data\processed\meridian_samples\F404_0278.npz,D:\sdfdata\F404HPT\data\reports\figures\pdf_contour_overlay\F404_0278.png,vector,FALSE,MULTI_INTERVAL_AT_R;WIDTH_MISMATCH,Inco718,11292,650,67.8325,253.506,74.192,8429.289697,7100241.663,15.45415361,100.5920341,0.233763402,0.525178618,0.350865111,0.123956271,58.15097922,1589845.806,47622.71348,10,sdf_meridian_v0.1
F404_0279,C_Inco718_RPM11292_T650_OR245.722_BR70.9135,279,D:\sdfdata\F404HPT\data\raw\pdf\F404_0279.pdf,D:\sdfdata\F404HPT\data\processed\meridian_samples\F404_0279.npz,D:\sdfdata\F404HPT\data\reports\figures\pdf_contour_overlay\F404_0279.png,vector,FALSE,MULTI_INTERVAL_AT_R;WIDTH_MISMATCH,Inco718,11292,650,70.9135,245.722,80.464,7675.662971,6464084.214,13.02851695,100.5921459,0.197396432,0.533627098,0.361775048,0.104597855,52.94084972,1409309.24,53073.28598,10,sdf_meridian_v0.1
F404_0280,C_Inco718_RPM11292_T650_OR247.514_BR69.8865,280,D:\sdfdata\F404HPT\data\raw\pdf\F404_0280.pdf,D:\sdfdata\F404HPT\data\processed\meridian_samples\F404_0280.npz,D:\sdfdata\F404HPT\data\reports\figures\pdf_contour_overlay\F404_0280.png,vector,FALSE,MULTI_INTERVAL_AT_R;WIDTH_MISMATCH,Inco718,11292,650,69.8865,247.514,84.56,7877.211063,6589287.319,14.8033183,100.5921186,0.179169172,0.536815219,0.386295579,0.076889202,53.96626314,1415317.165,47393.99699,10,sdf_meridian_v0.1
F404_0281,C_Inco718_RPM11292_T650_OR245.33_BR70.1985,281,D:\sdfdata\F404HPT\data\raw\pdf\F404_0281.pdf,D:\sdfdata\F404HPT\data\processed\meridian_samples\F404_0281.npz,D:\sdfdata\F404HPT\data\reports\figures\pdf_contour_overlay\F404_0281.png,vector,FALSE,MULTI_INTERVAL_AT_R;WIDTH_MISMATCH,Inco718,11292,650,70.1985,245.33,75.312,7021.466308,5988592.368,10.37067127,100.5920628,0.187552207,0.501294135,0.404746789,0.093959076,49.04657149,1291922.216,66462.59991,10,sdf_meridian_v0.1
F404_0282,C_Inco718_RPM11292_T650_OR246.338_BR70.5235,282,D:\sdfdata\F404HPT\data\raw\pdf\F404_0282.pdf,D:\sdfdata\F404HPT\data\processed\meridian_samples\F404_0282.npz,D:\sdfdata\F404HPT\data\reports\figures\pdf_contour_overlay\F404_0282.png,vector,FALSE,MULTI_INTERVAL_AT_R;WIDTH_MISMATCH,Inco718,11292,650,70.5235,246.338,79.088,7513.083019,6384302.618,14.27439931,97.9808112,0.193262354,0.521779922,0.363311442,0.114908636,52.28743844,1402181.217,48684.17976,10,sdf_meridian_v0.1
F404_0283,C_Inco718_RPM11292_T650_OR248.298_BR69.8215,283,D:\sdfdata\F404HPT\data\raw\pdf\F404_0283.pdf,D:\sdfdata\F404HPT\data\processed\meridian_samples\F404_0283.npz,D:\sdfdata\F404HPT\data\reports\figures\pdf_contour_overlay\F404_0283.png,vector,FALSE,MULTI_INTERVAL_AT_R;WIDTH_MISMATCH,Inco718,11292,650,69.8215,248.298,87.12,7742.315936,6592614.847,14.4905274,99.46433457,0.184176657,0.521698366,0.358871328,0.119430306,53.9935156,1462342.039,48724.246,10,sdf_meridian_v0.1
F404_0284,C_Inco718_RPM11292_T650_OR256.502_BR67.6505,284,D:\sdfdata\F404HPT\data\raw\pdf\F404_0284.pdf,D:\sdfdata\F404HPT\data\processed\meridian_samples\F404_0284.npz,D:\sdfdata\F404HPT\data\reports\figures\pdf_contour_overlay\F404_0284.png,vector,FALSE,MULTI_INTERVAL_AT_R;WIDTH_MISMATCH,Inco718,11292,650,67.6505,256.502,84.72,8363.41364,7188681.904,15.59204303,100.5921302,0.234580429,0.510573092,0.35300556,0.136421348,58.87530479,1702812.92,48323.83174,10,sdf_meridian_v0.1
F404_0285,C_Inco718_RPM11292_T650_OR244.63_BR70.3935,285,D:\sdfdata\F404HPT\data\raw\pdf\F404_0285.pdf,D:\sdfdata\F404HPT\data\processed\meridian_samples\F404_0285.npz,D:\sdfdata\F404HPT\data\reports\figures\pdf_contour_overlay\F404_0285.png,vector,FALSE,MULTI_INTERVAL_AT_R;WIDTH_MISMATCH,Inco718,11292,650,70.3935,244.63,79.824,7328.790017,6135027.412,14.19491059,100.5922646,0.198655957,0.52005764,0.423093014,0.056849347,50.2458745,1273851.157,48280.26509,10,sdf_meridian_v0.1
F404_0286,C_Inco718_RPM11292_T650_OR248.046_BR70.0295,286,D:\sdfdata\F404HPT\data\raw\pdf\F404_0286.pdf,D:\sdfdata\F404HPT\data\processed\meridian_samples\F404_0286.npz,D:\sdfdata\F404HPT\data\reports\figures\pdf_contour_overlay\F404_0286.png,vector,FALSE,MULTI_INTERVAL_AT_R;WIDTH_MISMATCH,Inco718,11292,650,70.0295,248.046,77.488,7884.402553,6595536.506,11.42140036,100.5922536,0.191360429,0.531410143,0.376700831,0.091889026,54.01744398,1411213.287,61691.87606,10,sdf_meridian_v0.1
F404_0287,C_Inco718_RPM11292_T650_OR252.386_BR71.4985,287,D:\sdfdata\F404HPT\data\raw\pdf\F404_0287.pdf,D:\sdfdata\F404HPT\data\processed\meridian_samples\F404_0287.npz,D:\sdfdata\F404HPT\data\reports\figures\pdf_contour_overlay\F404_0287.png,vector,FALSE,MULTI_INTERVAL_AT_R;WIDTH_MISMATCH,Inco718,11292,650,71.4985,252.386,82.256,7952.907314,6900082.395,14.68627676,100.8079765,0.197156488,0.496108171,0.40328248,0.100609349,56.51167481,1580000.144,49670.86119,10,sdf_meridian_v0.1
F404_0288,C_Inco718_RPM11292_T650_OR250.202_BR69.3015,288,D:\sdfdata\F404HPT\data\raw\pdf\F404_0288.pdf,D:\sdfdata\F404HPT\data\processed\meridian_samples\F404_0288.npz,D:\sdfdata\F404HPT\data\reports\figures\pdf_contour_overlay\F404_0288.png,vector,FALSE,MULTI_INTERVAL_AT_R;WIDTH_MISMATCH,Inco718,11292,650,69.3015,250.202,73.648,8116.816771,6814435.542,14.38874504,100.5920784,0.197336152,0.524721798,0.368448614,0.106829588,55.81022709,1487591.878,49824.33526,10,sdf_meridian_v0.1
F404_0289,C_Inco718_RPM11292_T650_OR252.078_BR72.6945,289,D:\sdfdata\F404HPT\data\raw\pdf\F404_0289.pdf,D:\sdfdata\F404HPT\data\processed\meridian_samples\F404_0289.npz,D:\sdfdata\F404HPT\data\reports\figures\pdf_contour_overlay\F404_0289.png,vector,FALSE,MULTI_INTERVAL_AT_R;WIDTH_MISMATCH,Inco718,11292,650,72.6945,252.078,86.416,7821.207261,6817383.894,14.56416683,99.96980252,0.18854805,0.485070297,0.397812988,0.117116715,55.83437409,1563762.839,49965.14138,10,sdf_meridian_v0.1
F404_0290,C_Inco718_RPM11292_T650_OR248.578_BR69.2885,290,D:\sdfdata\F404HPT\data\raw\pdf\F404_0290.pdf,D:\sdfdata\F404HPT\data\processed\meridian_samples\F404_0290.npz,D:\sdfdata\F404HPT\data\reports\figures\pdf_contour_overlay\F404_0290.png,vector,FALSE,MULTI_INTERVAL_AT_R;WIDTH_MISMATCH,Inco718,11292,650,69.2885,248.578,77.008,7813.012518,6641339.648,14.55653496,99.91741665,0.18780576,0.521760479,0.398160961,0.080078561,54.39257171,1472856.271,48612.75653,10,sdf_meridian_v0.1
F404_0291,C_Inco718_RPM11292_T650_OR250.23_BR71.3555,291,D:\sdfdata\F404HPT\data\raw\pdf\F404_0291.pdf,D:\sdfdata\F404HPT\data\processed\meridian_samples\F404_0291.npz,D:\sdfdata\F404HPT\data\reports\figures\pdf_contour_overlay\F404_0291.png,vector,FALSE,MULTI_INTERVAL_AT_R;WIDTH_MISMATCH,Inco718,11292,650,71.3555,250.23,85.84,7776.884941,6704166.245,14.52284106,99.68613859,0.186168258,0.504597804,0.390947237,0.104454959,54.90712155,1513473.017,49375.33373,10,sdf_meridian_v0.1
F404_0292,C_Inco718_RPM11292_T650_OR247.29_BR72.5255,292,D:\sdfdata\F404HPT\data\raw\pdf\F404_0292.pdf,D:\sdfdata\F404HPT\data\processed\meridian_samples\F404_0292.npz,D:\sdfdata\F404HPT\data\reports\figures\pdf_contour_overlay\F404_0292.png,vector,FALSE,MULTI_INTERVAL_AT_R;WIDTH_MISMATCH,Inco718,11292,650,72.5255,247.29,80.432,7423.611666,6383625.988,14.18914969,97.39564984,0.198793116,0.503703043,0.412822343,0.083474614,52.28189684,1422225.447,49355.96134,10,sdf_meridian_v0.1
F404_0293,C_Inco718_RPM11292_T650_OR250.706_BR71.3685,293,D:\sdfdata\F404HPT\data\raw\pdf\F404_0293.pdf,D:\sdfdata\F404HPT\data\processed\meridian_samples\F404_0293.npz,D:\sdfdata\F404HPT\data\reports\figures\pdf_contour_overlay\F404_0293.png,vector,FALSE,MULTI_INTERVAL_AT_R;WIDTH_MISMATCH,Inco718,11292,650,71.3685,250.706,82.992,7817.196531,6747927.217,14.56043208,99.94416688,0.188019124,0.49484444,0.404186939,0.10096862,55.26552391,1527571.934,49435.40191,10,sdf_meridian_v0.1
F404_0294,C_Inco718_RPM11292_T650_OR245.526_BR72.4345,294,D:\sdfdata\F404HPT\data\raw\pdf\F404_0294.pdf,D:\sdfdata\F404HPT\data\processed\meridian_samples\F404_0294.npz,D:\sdfdata\F404HPT\data\reports\figures\pdf_contour_overlay\F404_0294.png,vector,FALSE,MULTI_INTERVAL_AT_R;WIDTH_MISMATCH,Inco718,11292,650,72.4345,245.526,72.656,7782.53838,6708416.495,12.34005685,100.5921284,0.224113874,0.498372466,0.378672801,0.122954733,54.94193109,1501760.101,55944.92464,10,sdf_meridian_v0.1
F404_0295,C_Inco718_RPM11292_T650_OR253.982_BR71.4075,295,D:\sdfdata\F404HPT\data\raw\pdf\F404_0295.pdf,D:\sdfdata\F404HPT\data\processed\meridian_samples\F404_0295.npz,D:\sdfdata\F404HPT\data\reports\figures\pdf_contour_overlay\F404_0295.png,vector,FALSE,MULTI_INTERVAL_AT_R;WIDTH_MISMATCH,Inco718,11292,650,71.4075,253.982,85.872,8101.940471,7056366.743,14.82324448,101.7481358,0.209064769,0.486306242,0.383691979,0.130001778,57.79164362,1631228.548,49836.26455,10,sdf_meridian_v0.1
F404_0296,C_Inco718_RPM11292_T650_OR248.242_BR68.6905,296,D:\sdfdata\F404HPT\data\raw\pdf\F404_0296.pdf,D:\sdfdata\F404HPT\data\processed\meridian_samples\F404_0296.npz,D:\sdfdata\F404HPT\data\reports\figures\pdf_contour_overlay\F404_0296.png,vector,FALSE,MULTI_INTERVAL_AT_R;WIDTH_MISMATCH,Inco718,11292,650,68.6905,248.242,79.632,7987.556126,6744535.192,14.92670523,100.5920905,0.180024698,0.526838268,0.349775982,0.123385751,55.23774322,1485819.601,47279.12641,10,sdf_meridian_v0.1
F404_0297,C_Inco718_RPM11292_T650_OR253.926_BR68.7685,297,D:\sdfdata\F404HPT\data\raw\pdf\F404_0297.pdf,D:\sdfdata\F404HPT\data\processed\meridian_samples\F404_0297.npz,D:\sdfdata\F404HPT\data\reports\figures\pdf_contour_overlay\F404_0297.png,vector,FALSE,MULTI_INTERVAL_AT_R;WIDTH_MISMATCH,Inco718,11292,650,68.7685,253.926,83.568,8332.808948,7169054.684,15.03295855,103.1876327,0.229154586,0.515865256,0.356457204,0.12767754,58.71455786,1641185.842,49119.3668,10,sdf_meridian_v0.1
F404_0298,C_Inco718_RPM11292_T650_OR253.002_BR70.2895,298,D:\sdfdata\F404HPT\data\raw\pdf\F404_0298.pdf,D:\sdfdata\F404HPT\data\processed\meridian_samples\F404_0298.npz,D:\sdfdata\F404HPT\data\reports\figures\pdf_contour_overlay\F404_0298.png,vector,FALSE,MULTI_INTERVAL_AT_R;WIDTH_MISMATCH,Inco718,11292,650,70.2895,253.002,74.352,7897.05035,6768266.636,14.46155459,100.5921521,0.210319772,0.516731659,0.369003355,0.114264986,55.43210375,1521864.909,50689.24283,10,sdf_meridian_v0.1
F404_0299,C_Inco718_RPM11292_T650_OR255.858_BR67.7025,299,D:\sdfdata\F404HPT\data\raw\pdf\F404_0299.pdf,D:\sdfdata\F404HPT\data\processed\meridian_samples\F404_0299.npz,D:\sdfdata\F404HPT\data\reports\figures\pdf_contour_overlay\F404_0299.png,vector,FALSE,MULTI_INTERVAL_AT_R;WIDTH_MISMATCH,Inco718,11292,650,67.7025,255.858,78.512,8604.836912,7405124.517,15.27636651,104.8584077,0.251318002,0.517268583,0.347650771,0.135080645,60.64796979,1735285.499,49075.05656,10,sdf_meridian_v0.1
F404_0300,C_Inco718_RPM11292_T650_OR245.274_BR72.2395,300,D:\sdfdata\F404HPT\data\raw\pdf\F404_0300.pdf,D:\sdfdata\F404HPT\data\processed\meridian_samples\F404_0300.npz,D:\sdfdata\F404HPT\data\reports\figures\pdf_contour_overlay\F404_0300.png,vector,FALSE,MULTI_INTERVAL_AT_R;WIDTH_MISMATCH,Inco718,11292,650,72.2395,245.274,77.168,7655.834315,6480955.447,12.08351069,100.5920105,0.205966787,0.508049932,0.41383265,0.078117419,53.07902511,1384403.872,57015.47851,10,sdf_meridian_v0.1
F404_0301,C_Inco718_RPM11292_T650_OR244.686_BR68.5085,301,D:\sdfdata\F404HPT\data\raw\pdf\F404_0301.pdf,D:\sdfdata\F404HPT\data\processed\meridian_samples\F404_0301.npz,D:\sdfdata\F404HPT\data\reports\figures\pdf_contour_overlay\F404_0301.png,vector,FALSE,MULTI_INTERVAL_AT_R;WIDTH_MISMATCH,Inco718,11292,650,68.5085,244.686,81.264,7909.40333,6446587.629,13.51865719,100.5920711,0.198607875,0.548744332,0.368242065,0.083013603,52.79755268,1306045.398,50718.63585,10,sdf_meridian_v0.1
F404_0302,C_Inco718_RPM11292_T650_OR247.402_BR69.7045,302,D:\sdfdata\F404HPT\data\raw\pdf\F404_0302.pdf,D:\sdfdata\F404HPT\data\processed\meridian_samples\F404_0302.npz,D:\sdfdata\F404HPT\data\reports\figures\pdf_contour_overlay\F404_0302.png,vector,FALSE,MULTI_INTERVAL_AT_R;WIDTH_MISMATCH,Inco718,11292,650,69.7045,247.402,86.736,7674.877346,6515720.194,14.4272803,99.03020057,0.182995155,0.521725539,0.384227214,0.094047247,53.36374839,1436523.044,48585.29226,10,sdf_meridian_v0.1
F404_0303,C_Inco718_RPM11292_T650_OR252.19_BR67.7935,303,D:\sdfdata\F404HPT\data\raw\pdf\F404_0303.pdf,D:\sdfdata\F404HPT\data\processed\meridian_samples\F404_0303.npz,D:\sdfdata\F404HPT\data\reports\figures\pdf_contour_overlay\F404_0303.png,vector,FALSE,MULTI_INTERVAL_AT_R;WIDTH_MISMATCH,Inco718,11292,650,67.7935,252.19,83.248,8058.70872,6939607.953,15.83618906,100.5920639,0.231940518,0.510204993,0.361707829,0.128087178,56.83538913,1586618.63,45992.59583,10,sdf_meridian_v0.1
F404_0304,C_Inco718_RPM11292_T650_OR248.074_BR71.2125,304,D:\sdfdata\F404HPT\data\raw\pdf\F404_0304.pdf,D:\sdfdata\F404HPT\data\processed\meridian_samples\F404_0304.npz,D:\sdfdata\F404HPT\data\reports\figures\pdf_contour_overlay\F404_0304.png,vector,FALSE,MULTI_INTERVAL_AT_R;WIDTH_MISMATCH,Inco718,11292,650,71.2125,248.074,87.216,7602.832387,6511892.665,14.35940536,98.56430067,0.18725218,0.514450351,0.387993032,0.097556618,53.33240093,1449255.118,49080.49337,10,sdf_meridian_v0.1
F404_0305,C_Inco718_RPM11292_T650_OR253.31_BR71.9925,305,D:\sdfdata\F404HPT\data\raw\pdf\F404_0305.pdf,D:\sdfdata\F404HPT\data\processed\meridian_samples\F404_0305.npz,D:\sdfdata\F404HPT\data\reports\figures\pdf_contour_overlay\F404_0305.png,vector,FALSE,MULTI_INTERVAL_AT_R;WIDTH_MISMATCH,Inco718,11292,650,71.9925,253.31,73.936,7730.454738,6689159.383,14.72542343,100.5920877,0.193265723,0.505705513,0.385500206,0.108794281,54.78421535,1534165.199,49902.20714,10,sdf_meridian_v0.1
F404_0306,C_Inco718_RPM11292_T650_OR247.766_BR71.3425,306,D:\sdfdata\F404HPT\data\raw\pdf\F404_0306.pdf,D:\sdfdata\F404HPT\data\processed\meridian_samples\F404_0306.npz,D:\sdfdata\F404HPT\data\reports\figures\pdf_contour_overlay\F404_0306.png,vector,FALSE,MULTI_INTERVAL_AT_R;WIDTH_MISMATCH,Inco718,11292,650,71.3425,247.766,72.048,7875.228862,6716257.302,13.44165247,100.5921361,0.182318277,0.513013759,0.384497415,0.102488827,55.0061473,1474789.085,52301.43841,10,sdf_meridian_v0.1
F404_0307,C_Inco718_RPM11292_T650_OR251.182_BR68.7815,307,D:\sdfdata\F404HPT\data\raw\pdf\F404_0307.pdf,D:\sdfdata\F404HPT\data\processed\meridian_samples\F404_0307.npz,D:\sdfdata\F404HPT\data\reports\figures\pdf_contour_overlay\F404_0307.png,vector,FALSE,MULTI_INTERVAL_AT_R;WIDTH_MISMATCH,Inco718,11292,650,68.7815,251.182,74.736,8263.938713,6952447.364,14.74438744,100.5920725,0.204335464,0.528974868,0.373477848,0.097547284,56.94054391,1525535.472,49004.18497,10,sdf_meridian_v0.1
F404_0308,C_Inco718_RPM11292_T650_OR257.846_BR72.1745,308,D:\sdfdata\F404HPT\data\raw\pdf\F404_0308.pdf,D:\sdfdata\F404HPT\data\processed\meridian_samples\F404_0308.npz,D:\sdfdata\F404HPT\data\reports\figures\pdf_contour_overlay\F404_0308.png,vector,FALSE,MULTI_INTERVAL_AT_R;WIDTH_MISMATCH,Inco718,11292,650,72.1745,257.846,77.04,8111.862129,7282632.023,12.43860661,100.5920973,0.236605895,0.480584477,0.351579606,0.167835918,59.64475627,1813829.759,61211.3476,10,sdf_meridian_v0.1
F404_0309,C_Inco718_RPM11292_T650_OR246.45_BR68.8985,309,D:\sdfdata\F404HPT\data\raw\pdf\F404_0309.pdf,D:\sdfdata\F404HPT\data\processed\meridian_samples\F404_0309.npz,D:\sdfdata\F404HPT\data\reports\figures\pdf_contour_overlay\F404_0309.png,vector,FALSE,MULTI_INTERVAL_AT_R;WIDTH_MISMATCH,Inco718,11292,650,68.8985,246.45,77.872,7963.227897,6700193.022,13.48464944,100.5922319,0.195043832,0.52001917,0.373676644,0.106304187,54.87458085,1447432.264,51582.31878,10,sdf_meridian_v0.1
F404_0310,C_Inco718_RPM11292_T650_OR244.35_BR72.6555,310,D:\sdfdata\F404HPT\data\raw\pdf\F404_0310.pdf,D:\sdfdata\F404HPT\data\processed\meridian_samples\F404_0310.npz,D:\sdfdata\F404HPT\data\reports\figures\pdf_contour_overlay\F404_0310.png,vector,FALSE,MULTI_INTERVAL_AT_R;WIDTH_MISMATCH,Inco718,11292,650,72.6555,244.35,81.168,7165.088759,6116295.508,13.93989604,95.68474949,0.213094233,0.514321518,0.426423201,0.059255281,50.09246021,1336958.222,49051.01837,10,sdf_meridian_v0.1
F404_0311,C_Inco718_RPM11292_T650_OR257.37_BR67.6245,311,D:\sdfdata\F404HPT\data\raw\pdf\F404_0311.pdf,D:\sdfdata\F404HPT\data\processed\meridian_samples\F404_0311.npz,D:\sdfdata\F404HPT\data\reports\figures\pdf_contour_overlay\F404_0311.png,vector,FALSE,MULTI_INTERVAL_AT_R;WIDTH_MISMATCH,Inco718,11292,650,67.6245,257.37,73.84,8070.997286,6924170.841,14.96130951,100.5919755,0.236106061,0.526059226,0.362824601,0.111116173,56.70895919,1641931.451,50702.4697,10,sdf_meridian_v0.1
F404_0312,C_Inco718_RPM11292_T650_OR249.922_BR66.5715,312,D:\sdfdata\F404HPT\data\raw\pdf\F404_0312.pdf,D:\sdfdata\F404HPT\data\processed\meridian_samples\F404_0312.npz,D:\sdfdata\F404HPT\data\reports\figures\pdf_contour_overlay\F404_0312.png,vector,FALSE,MULTI_INTERVAL_AT_R;WIDTH_MISMATCH,Inco718,11292,650,66.5715,249.922,83.28,8170.95851,6882864.799,14.88624801,102.1805979,0.215913116,0.536092097,0.347275313,0.11663259,56.3706627,1526183.415,48051.46153,10,sdf_meridian_v0.1
F404_0313,C_Inco718_RPM11292_T650_OR254.402_BR67.3255,313,D:\sdfdata\F404HPT\data\raw\pdf\F404_0313.pdf,D:\sdfdata\F404HPT\data\processed\meridian_samples\F404_0313.npz,D:\sdfdata\F404HPT\data\reports\figures\pdf_contour_overlay\F404_0313.png,vector,FALSE,MULTI_INTERVAL_AT_R;WIDTH_MISMATCH,Inco718,11292,650,67.3255,254.402,72.752,8233.72061,7002932.587,13.81368456,100.5922259,0.23783322,0.533635274,0.338528485,0.127836242,57.35401789,1623336.703,53655.51709,10,sdf_meridian_v0.1
F404_0314,C_Inco718_RPM11292_T650_OR251.714_BR70.5625,314,D:\sdfdata\F404HPT\data\raw\pdf\F404_0314.pdf,D:\sdfdata\F404HPT\data\processed\meridian_samples\F404_0314.npz,D:\sdfdata\F404HPT\data\reports\figures\pdf_contour_overlay\F404_0314.png,vector,FALSE,MULTI_INTERVAL_AT_R;WIDTH_MISMATCH,Inco718,11292,650,70.5625,251.714,75.344,8087.570625,6926530.685,13.76702649,100.5921756,0.205599947,0.528398858,0.354755107,0.116846036,56.72828631,1566313.481,52705.68607,10,sdf_meridian_v0.1
F404_0315,C_Inco718_RPM11292_T650_OR251.49_BR69.5485,315,D:\sdfdata\F404HPT\data\raw\pdf\F404_0315.pdf,D:\sdfdata\F404HPT\data\processed\meridian_samples\F404_0315.npz,D:\sdfdata\F404HPT\data\reports\figures\pdf_contour_overlay\F404_0315.png,vector,FALSE,MULTI_INTERVAL_AT_R;WIDTH_MISMATCH,Inco718,11292,650,69.5485,251.49,79.248,7792.897159,6634934.091,15.02521695,100.5920525,0.200933952,0.517524644,0.3778295,0.104645856,54.34011021,1478914.276,48206.27423,10,sdf_meridian_v0.1
F404_0316,C_Inco718_RPM11292_T650_OR246.114_BR72.2785,316,D:\sdfdata\F404HPT\data\raw\pdf\F404_0316.pdf,D:\sdfdata\F404HPT\data\processed\meridian_samples\F404_0316.npz,D:\sdfdata\F404HPT\data\reports\figures\pdf_contour_overlay\F404_0316.png,vector,FALSE,MULTI_INTERVAL_AT_R;WIDTH_MISMATCH,Inco718,11292,650,72.2785,246.114,86.288,7344.89768,6288758.243,14.11372408,96.87792136,0.200998887,0.50456335,0.425688976,0.069747674,51.50493001,1387491.941,49148.91012,10,sdf_meridian_v0.1
F404_0317,C_Inco718_RPM11292_T650_OR255.13_BR69.7175,317,D:\sdfdata\F404HPT\data\raw\pdf\F404_0317.pdf,D:\sdfdata\F404HPT\data\processed\meridian_samples\F404_0317.npz,D:\sdfdata\F404HPT\data\reports\figures\pdf_contour_overlay\F404_0317.png,vector,FALSE,MULTI_INTERVAL_AT_R;WIDTH_MISMATCH,Inco718,11292,650,69.7175,255.13,83.184,8050.056868,6904434.177,16.53045531,100.5920642,0.245227265,0.521145176,0.38160505,0.097249775,56.54731591,1594614.234,45094.24488,10,sdf_meridian_v0.1
F404_0318,C_Inco718_RPM11292_T650_OR255.634_BR71.8755,318,D:\sdfdata\F404HPT\data\raw\pdf\F404_0318.pdf,D:\sdfdata\F404HPT\data\processed\meridian_samples\F404_0318.npz,D:\sdfdata\F404HPT\data\reports\figures\pdf_contour_overlay\F404_0318.png,vector,FALSE,MULTI_INTERVAL_AT_R;WIDTH_MISMATCH,Inco718,11292,650,71.8755,255.634,86.128,8402.79418,7519894.243,15.06222088,100.5919664,0.213778038,0.473477239,0.368540286,0.157982475,61.58793385,1851004.909,49685.66373,10,sdf_meridian_v0.1
F404_0319,C_Inco718_RPM11292_T650_OR256.67_BR67.0655,319,D:\sdfdata\F404HPT\data\raw\pdf\F404_0319.pdf,D:\sdfdata\F404HPT\data\processed\meridian_samples\F404_0319.npz,D:\sdfdata\F404HPT\data\reports\figures\pdf_contour_overlay\F404_0319.png,vector,FALSE,MULTI_INTERVAL_AT_R;WIDTH_MISMATCH,Inco718,11292,650,67.0655,256.67,78.576,8737.880259,7513930.546,15.39401098,105.6659304,0.246252952,0.517168886,0.367685704,0.11514541,61.53909117,1766557.743,49009.61668,10,sdf_meridian_v0.1
F404_0320,C_Inco718_RPM11292_T650_OR254.626_BR70.3675,320,D:\sdfdata\F404HPT\data\raw\pdf\F404_0320.pdf,D:\sdfdata\F404HPT\data\processed\meridian_samples\F404_0320.npz,D:\sdfdata\F404HPT\data\reports\figures\pdf_contour_overlay\F404_0320.png,vector,FALSE,MULTI_INTERVAL_AT_R;WIDTH_MISMATCH,Inco718,11292,650,70.3675,254.626,77.264,8252.088382,7165355.955,14.95996863,102.6866231,0.222282919,0.496222558,0.365034219,0.138743223,58.68426528,1656693.241,49631.53291,10,sdf_meridian_v0.1
F404_0321,C_Inco718_RPM11292_T650_OR255.69_BR72.1615,321,D:\sdfdata\F404HPT\data\raw\pdf\F404_0321.pdf,D:\sdfdata\F404HPT\data\processed\meridian_samples\F404_0321.npz,D:\sdfdata\F404HPT\data\reports\figures\pdf_contour_overlay\F404_0321.png,vector,FALSE,MULTI_INTERVAL_AT_R;WIDTH_MISMATCH,Inco718,11292,650,72.1615,255.69,73.296,7802.107486,6878267.864,14.8969595,100.5921657,0.211757018,0.490837937,0.367357274,0.141804788,56.33301381,1623212.617,50258.87068,10,sdf_meridian_v0.1
F404_0322,C_Inco718_RPM11292_T650_OR256.726_BR71.3815,322,D:\sdfdata\F404HPT\data\raw\pdf\F404_0322.pdf,D:\sdfdata\F404HPT\data\processed\meridian_samples\F404_0322.npz,D:\sdfdata\F404HPT\data\reports\figures\pdf_contour_overlay\F404_0322.png,vector,FALSE,MULTI_INTERVAL_AT_R;WIDTH_MISMATCH,Inco718,11292,650,71.3815,256.726,87.632,8349.648905,7324238.378,15.0481411,103.2918472,0.230965522,0.476757622,0.402230913,0.121011466,59.98551232,1720772.871,50157.94447,10,sdf_meridian_v0.1
F404_0323,C_Inco718_RPM11292_T650_OR245.246_BR70.9525,323,D:\sdfdata\F404HPT\data\raw\pdf\F404_0323.pdf,D:\sdfdata\F404HPT\data\processed\meridian_samples\F404_0323.npz,D:\sdfdata\F404HPT\data\reports\figures\pdf_contour_overlay\F404_0323.png,vector,FALSE,MULTI_INTERVAL_AT_R;WIDTH_MISMATCH,Inco718,11292,650,70.9525,245.246,75.888,7530.088113,6336678.985,16.60279797,100.592178,0.195558155,0.530057856,0.386819743,0.083122401,51.89740089,1368115.024,41486.37216,10,sdf_meridian_v0.1
F404_0324,C_Inco718_RPM11292_T650_OR257.818_BR68.5215,324,D:\sdfdata\F404HPT\data\raw\pdf\F404_0324.pdf,D:\sdfdata\F404HPT\data\processed\meridian_samples\F404_0324.npz,D:\sdfdata\F404HPT\data\reports\figures\pdf_contour_overlay\F404_0324.png,vector,FALSE,MULTI_INTERVAL_AT_R;WIDTH_MISMATCH,Inco718,11292,650,68.5215,257.818,73.712,8380.434454,7123546.891,12.83129842,100.5920209,0.233169753,0.52695082,0.359956284,0.113092896,58.34184904,1652281.193,59325.13581,10,sdf_meridian_v0.1
F404_0325,C_Inco718_RPM11292_T650_OR257.538_BR70.2245,325,D:\sdfdata\F404HPT\data\raw\pdf\F404_0325.pdf,D:\sdfdata\F404HPT\data\processed\meridian_samples\F404_0325.npz,D:\sdfdata\F404HPT\data\reports\figures\pdf_contour_overlay\F404_0325.png,vector,FALSE,MULTI_INTERVAL_AT_R;WIDTH_MISMATCH,Inco718,11292,650,70.2245,257.538,81.968,8299.713783,7309107.889,12.1438208,100.5920005,0.237653829,0.502206337,0.349792604,0.148001059,59.86159361,1795866.572,62547.53,10,sdf_meridian_v0.1
F404_0326,C_Inco718_RPM11292_T650_OR257.286_BR72.3695,326,D:\sdfdata\F404HPT\data\raw\pdf\F404_0326.pdf,D:\sdfdata\F404HPT\data\processed\meridian_samples\F404_0326.npz,D:\sdfdata\F404HPT\data\reports\figures\pdf_contour_overlay\F404_0326.png,vector,FALSE,MULTI_INTERVAL_AT_R;WIDTH_MISMATCH,Inco718,11292,650,72.3695,257.286,75.632,7677.122691,6655458.744,8.645298537,100.592067,0.235082541,0.512251329,0.359168509,0.128580163,54.50820712,1575035.687,87686.99597,10,sdf_meridian_v0.1
F404_0327,C_Inco718_RPM11292_T650_OR244.714_BR67.6635,327,D:\sdfdata\F404HPT\data\raw\pdf\F404_0327.pdf,D:\sdfdata\F404HPT\data\processed\meridian_samples\F404_0327.npz,D:\sdfdata\F404HPT\data\reports\figures\pdf_contour_overlay\F404_0327.png,vector,FALSE,MULTI_INTERVAL_AT_R;WIDTH_MISMATCH,Inco718,11292,650,67.6635,244.714,74.8,8332.845795,6908934.433,14.94217797,100.5922007,0.192049682,0.533125907,0.366189587,0.100684505,56.584173,1460786.422,45897.24353,10,sdf_meridian_v0.1
F404_0328,C_Inco718_RPM11292_T650_OR249.53_BR68.0925,328,D:\sdfdata\F404HPT\data\raw\pdf\F404_0328.pdf,D:\sdfdata\F404HPT\data\processed\meridian_samples\F404_0328.npz,D:\sdfdata\F404HPT\data\reports\figures\pdf_contour_overlay\F404_0328.png,vector,FALSE,MULTI_INTERVAL_AT_R;WIDTH_MISMATCH,Inco718,11292,650,68.0925,249.53,77.2,7960.318126,6748661.329,11.01171601,100.5921185,0.202054103,0.511683803,0.378021098,0.110295099,55.27153628,1501505.326,64755.01485,10,sdf_meridian_v0.1
F404_0329,C_Inco718_RPM11292_T650_OR253.338_BR68.0275,329,D:\sdfdata\F404HPT\data\raw\pdf\F404_0329.pdf,D:\sdfdata\F404HPT\data\processed\meridian_samples\F404_0329.npz,D:\sdfdata\F404HPT\data\reports\figures\pdf_contour_overlay\F404_0329.png,vector,FALSE,MULTI_INTERVAL_AT_R;WIDTH_MISMATCH,Inco718,11292,650,68.0275,253.338,78.224,8479.240456,7247002.997,13.20683721,100.59223,0.239113434,0.507267504,0.382369335,0.110363161,59.35295455,1636210.111,55652.50628,10,sdf_meridian_v0.1
F404_0330,C_Inco718_RPM11292_T650_OR247.122_BR67.9235,330,D:\sdfdata\F404HPT\data\raw\pdf\F404_0330.pdf,D:\sdfdata\F404HPT\data\processed\meridian_samples\F404_0330.npz,D:\sdfdata\F404HPT\data\reports\figures\pdf_contour_overlay\F404_0330.png,vector,FALSE,MULTI_INTERVAL_AT_R;WIDTH_MISMATCH,Inco718,11292,650,67.9235,247.122,79.984,7805.083401,6566016.159,14.54914666,99.86670267,0.187416277,0.534972995,0.360576708,0.104450297,53.77567234,1436051.764,48069.34177,10,sdf_meridian_v0.1
F404_0331,C_Inco718_RPM11292_T650_OR255.578_BR68.2225,331,D:\sdfdata\F404HPT\data\raw\pdf\F404_0331.pdf,D:\sdfdata\F404HPT\data\processed\meridian_samples\F404_0331.npz,D:\sdfdata\F404HPT\data\reports\figures\pdf_contour_overlay\F404_0331.png,vector,FALSE,MULTI_INTERVAL_AT_R;WIDTH_MISMATCH,Inco718,11292,650,68.2225,255.578,83.632,8531.820337,7354377.007,15.21141442,104.4125705,0.250417593,0.505519351,0.387285543,0.107195106,60.23234769,1696618.657,49176.79407,10,sdf_meridian_v0.1
F404_0332,C_Inco718_RPM11292_T650_OR252.582_BR68.8595,332,D:\sdfdata\F404HPT\data\raw\pdf\F404_0332.pdf,D:\sdfdata\F404HPT\data\processed\meridian_samples\F404_0332.npz,D:\sdfdata\F404HPT\data\reports\figures\pdf_contour_overlay\F404_0332.png,vector,FALSE,MULTI_INTERVAL_AT_R;WIDTH_MISMATCH,Inco718,11292,650,68.8595,252.582,73.392,8312.294432,7041187.738,13.00610586,100.5921504,0.214207983,0.518597007,0.372502379,0.108900614,57.66732758,1552969.519,56174.65163,10,sdf_meridian_v0.1
F404_0333,C_Inco718_RPM11292_T650_OR257.118_BR69.1845,333,D:\sdfdata\F404HPT\data\raw\pdf\F404_0333.pdf,D:\sdfdata\F404HPT\data\processed\meridian_samples\F404_0333.npz,D:\sdfdata\F404HPT\data\reports\figures\pdf_contour_overlay\F404_0333.png,vector,FALSE,MULTI_INTERVAL_AT_R;WIDTH_MISMATCH,Inco718,11292,650,69.1845,257.118,76.72,8275.031166,7228303.46,12.62641124,100.5920916,0.248112345,0.499067827,0.380948153,0.11998402,59.19980534,1720578.787,59960.8677,10,sdf_meridian_v0.1
F404_0334,C_Inco718_RPM11292_T650_OR244.546_BR66.8055,334,D:\sdfdata\F404HPT\data\raw\pdf\F404_0334.pdf,D:\sdfdata\F404HPT\data\processed\meridian_samples\F404_0334.npz,D:\sdfdata\F404HPT\data\reports\figures\pdf_contour_overlay\F404_0334.png,vector,FALSE,MULTI_INTERVAL_AT_R;WIDTH_MISMATCH,Inco718,11292,650,66.8055,244.546,78.928,7758.958236,6423996.246,15.02918881,100.5921815,0.178110982,0.536109246,0.377747929,0.086142825,52.61252925,1339392.475,45568.89139,10,sdf_meridian_v0.1
F404_0335,C_Inco718_RPM11292_T650_OR254.682_BR68.0405,335,D:\sdfdata\F404HPT\data\raw\pdf\F404_0335.pdf,D:\sdfdata\F404HPT\data\processed\meridian_samples\F404_0335.npz,D:\sdfdata\F404HPT\data\reports\figures\pdf_contour_overlay\F404_0335.png,vector,FALSE,MULTI_INTERVAL_AT_R;WIDTH_MISMATCH,Inco718,11292,650,68.0405,254.682,83.792,8466.915787,7274764.92,15.15344468,104.0146608,0.247136569,0.51543511,0.348975428,0.135589462,59.5803247,1667904.946,49019.40238,10,sdf_meridian_v0.1
F404_0336,C_Inco718_RPM11292_T650_OR246.87_BR69.9515,336,D:\sdfdata\F404HPT\data\raw\pdf\F404_0336.pdf,D:\sdfdata\F404HPT\data\processed\meridian_samples\F404_0336.npz,D:\sdfdata\F404HPT\data\reports\figures\pdf_contour_overlay\F404_0336.png,vector,FALSE,MULTI_INTERVAL_AT_R;WIDTH_MISMATCH,Inco718,11292,650,69.9515,246.87,78.128,7607.733751,6456816.895,14.3640332,98.59606657,0.187453114,0.521842058,0.398025728,0.080132214,52.88133037,1419778.185,48589.57614,10,sdf_meridian_v0.1
F404_0337,C_Inco718_RPM11292_T650_OR255.158_BR71.1085,337,D:\sdfdata\F404HPT\data\raw\pdf\F404_0337.pdf,D:\sdfdata\F404HPT\data\processed\meridian_samples\F404_0337.npz,D:\sdfdata\F404HPT\data\reports\figures\pdf_contour_overlay\F404_0337.png,vector,FALSE,MULTI_INTERVAL_AT_R;WIDTH_MISMATCH,Inco718,11292,650,71.1085,255.158,79.024,8043.682927,6984866.515,14.34556245,100.5921367,0.2207888,0.506706608,0.381784852,0.11150854,57.20605676,1648929.511,51973.70475,10,sdf_meridian_v0.1
F404_0338,C_Inco718_RPM11292_T650_OR250.09_BR67.9105,338,D:\sdfdata\F404HPT\data\raw\pdf\F404_0338.pdf,D:\sdfdata\F404HPT\data\processed\meridian_samples\F404_0338.npz,D:\sdfdata\F404HPT\data\reports\figures\pdf_contour_overlay\F404_0338.png,vector,FALSE,MULTI_INTERVAL_AT_R;WIDTH_MISMATCH,Inco718,11292,650,67.9105,250.09,85.68,8188.416255,6923024.534,16.59605014,100.5921783,0.213262252,0.525384682,0.371250978,0.10336434,56.69957094,1531700.978,43158.94217,10,sdf_meridian_v0.1
F404_0339,C_Inco718_RPM11292_T650_OR250.622_BR68.0665,339,D:\sdfdata\F404HPT\data\raw\pdf\F404_0339.pdf,D:\sdfdata\F404HPT\data\processed\meridian_samples\F404_0339.npz,D:\sdfdata\F404HPT\data\reports\figures\pdf_contour_overlay\F404_0339.png,vector,FALSE,MULTI_INTERVAL_AT_R;WIDTH_MISMATCH,Inco718,11292,650,68.0665,250.622,83.92,8100.254268,6884500.651,14.82170187,101.7375471,0.208933842,0.52289703,0.383469678,0.093633292,56.38406033,1540973.771,48531.44093,10,sdf_meridian_v0.1
F404_0340,C_Inco718_RPM11292_T650_OR246.842_BR72.7725,340,D:\sdfdata\F404HPT\data\raw\pdf\F404_0340.pdf,D:\sdfdata\F404HPT\data\processed\meridian_samples\F404_0340.npz,D:\sdfdata\F404HPT\data\reports\figures\pdf_contour_overlay\F404_0340.png,vector,FALSE,MULTI_INTERVAL_AT_R;WIDTH_MISMATCH,Inco718,11292,650,72.7725,246.842,81.2,7740.727058,6667528.308,12.88663404,100.5919823,0.216347014,0.514322116,0.38001933,0.105658554,54.60705684,1497015.614,54147.88456,10,sdf_meridian_v0.1
F404_0341,C_Inco718_RPM11292_T650_OR245.918_BR72.9545,341,D:\sdfdata\F404HPT\data\raw\pdf\F404_0341.pdf,D:\sdfdata\F404HPT\data\processed\meridian_samples\F404_0341.npz,D:\sdfdata\F404HPT\data\reports\figures\pdf_contour_overlay\F404_0341.png,vector,FALSE,MULTI_INTERVAL_AT_R;WIDTH_MISMATCH,Inco718,11292,650,72.9545,245.918,78.672,7346.373111,6249149.067,12.16190627,100.5921624,0.202503489,0.52567698,0.361224771,0.113098248,51.18053086,1366666.143,56945.82129,10,sdf_meridian_v0.1
F404_0342,C_Inco718_RPM11292_T650_OR249.726_BR72.4865,342,D:\sdfdata\F404HPT\data\raw\pdf\F404_0342.pdf,D:\sdfdata\F404HPT\data\processed\meridian_samples\F404_0342.npz,D:\sdfdata\F404HPT\data\reports\figures\pdf_contour_overlay\F404_0342.png,vector,FALSE,MULTI_INTERVAL_AT_R;WIDTH_MISMATCH,Inco718,11292,650,72.4865,249.726,74.032,7587.337328,6427796.699,15.33974827,100.5919499,0.181636535,0.535709396,0.349472916,0.114817688,52.64365497,1415798.005,46557.76948,10,sdf_meridian_v0.1
F404_0343,C_Inco718_RPM11292_T650_OR255.662_BR68.3265,343,D:\sdfdata\F404HPT\data\raw\pdf\F404_0343.pdf,D:\sdfdata\F404HPT\data\processed\meridian_samples\F404_0343.npz,D:\sdfdata\F404HPT\data\reports\figures\pdf_contour_overlay\F404_0343.png,vector,FALSE,MULTI_INTERVAL_AT_R;WIDTH_MISMATCH,Inco718,11292,650,68.3265,255.662,80.688,8529.998908,7357986.301,15.20979062,104.4014245,0.250312251,0.505519351,0.39074345,0.103737199,60.2619078,1698919.337,49214.37853,10,sdf_meridian_v0.1
F404_0344,C_Inco718_RPM11292_T650_OR253.758_BR68.4175,344,D:\sdfdata\F404HPT\data\raw\pdf\F404_0344.pdf,D:\sdfdata\F404HPT\data\processed\meridian_samples\F404_0344.npz,D:\sdfdata\F404HPT\data\reports\figures\pdf_contour_overlay\F404_0344.png,vector,FALSE,MULTI_INTERVAL_AT_R;WIDTH_MISMATCH,Inco718,11292,650,68.4175,253.758,73.904,8466.662472,7291912.101,15.90546309,100.592046,0.21976077,0.506760226,0.389098066,0.104141708,59.7207601,1690616.279,46363.48188,10,sdf_meridian_v0.1
F404_0345,C_Inco718_RPM11292_T650_OR255.214_BR70.8225,345,D:\sdfdata\F404HPT\data\raw\pdf\F404_0345.pdf,D:\sdfdata\F404HPT\data\processed\meridian_samples\F404_0345.npz,D:\sdfdata\F404HPT\data\reports\figures\pdf_contour_overlay\F404_0345.png,vector,FALSE,MULTI_INTERVAL_AT_R;WIDTH_MISMATCH,Inco718,11292,650,70.8225,255.214,72.496,8146.249112,7205902.307,16.12290053,100.592223,0.240985456,0.489173663,0.367034909,0.143791427,59.01633989,1760988.736,46264.58711,10,sdf_meridian_v0.1
F404_0347,C_Inco718_RPM11292_T650_OR257.594_BR72.0315,347,D:\sdfdata\F404HPT\data\raw\pdf\F404_0347.pdf,D:\sdfdata\F404HPT\data\processed\meridian_samples\F404_0347.npz,D:\sdfdata\F404HPT\data\reports\figures\pdf_contour_overlay\F404_0347.png,vector,FALSE,MULTI_INTERVAL_AT_R;WIDTH_MISMATCH,Inco718,11292,650,72.0315,257.594,79.376,8007.369813,7057630.279,13.97804746,100.5921018,0.237828432,0.503132661,0.355488968,0.141378371,57.80199199,1715447.134,54363.55539,10,sdf_meridian_v0.1
F404_0348,C_Inco718_RPM11292_T650_OR250.93_BR71.1735,348,D:\sdfdata\F404HPT\data\raw\pdf\F404_0348.pdf,D:\sdfdata\F404HPT\data\processed\meridian_samples\F404_0348.npz,D:\sdfdata\F404HPT\data\reports\figures\pdf_contour_overlay\F404_0348.png,vector,FALSE,MULTI_INTERVAL_AT_R;WIDTH_MISMATCH,Inco718,11292,650,71.1735,250.93,80.304,7853.767038,6777484.062,14.59445074,100.1776741,0.190714895,0.504686245,0.390877444,0.104436312,55.50759447,1535259.436,49408.34363,10,sdf_meridian_v0.1
F404_0349,C_Inco718_RPM11292_T650_OR244.77_BR69.6655,349,D:\sdfdata\F404HPT\data\raw\pdf\F404_0349.pdf,D:\sdfdata\F404HPT\data\processed\meridian_samples\F404_0349.npz,D:\sdfdata\F404HPT\data\reports\figures\pdf_contour_overlay\F404_0349.png,vector,FALSE,MULTI_INTERVAL_AT_R;WIDTH_MISMATCH,Inco718,11292,650,69.6655,244.77,83.696,7452.524669,6280427.949,14.21675433,97.58513066,0.196721241,0.52776415,0.381829535,0.090406316,51.43670491,1363218.831,48261.27527,10,sdf_meridian_v0.1
F404_0350,C_Inco718_RPM11292_T650_OR255.914_BR68.8205,350,D:\sdfdata\F404HPT\data\raw\pdf\F404_0350.pdf,D:\sdfdata\F404HPT\data\processed\meridian_samples\F404_0350.npz,D:\sdfdata\F404HPT\data\reports\figures\pdf_contour_overlay\F404_0350.png,vector,FALSE,MULTI_INTERVAL_AT_R;WIDTH_MISMATCH,Inco718,11292,650,68.8205,255.914,80.88,8507.975038,7360634.184,15.19014261,104.2665588,0.24921563,0.505543237,0.367849224,0.126607539,60.28359396,1704613.701,49375.22816,10,sdf_meridian_v0.1
F404_0351,C_Inco718_RPM11292_T650_OR248.746_BR70.7185,351,D:\sdfdata\F404HPT\data\raw\pdf\F404_0351.pdf,D:\sdfdata\F404HPT\data\processed\meridian_samples\F404_0351.npz,D:\sdfdata\F404HPT\data\reports\figures\pdf_contour_overlay\F404_0351.png,vector,FALSE,MULTI_INTERVAL_AT_R;WIDTH_MISMATCH,Inco718,11292,650,70.7185,248.746,76.048,7737.578351,6587826.925,13.89574935,100.5920903,0.179360777,0.526443496,0.364142889,0.109413615,53.95430252,1483439.863,50993.29981,10,sdf_meridian_v0.1
F404_0352,C_Inco718_RPM11292_T650_OR256.978_BR67.7675,352,D:\sdfdata\F404HPT\data\raw\pdf\F404_0352.pdf,D:\sdfdata\F404HPT\data\processed\meridian_samples\F404_0352.npz,D:\sdfdata\F404HPT\data\reports\figures\pdf_contour_overlay\F404_0352.png,vector,FALSE,MULTI_INTERVAL_AT_R;WIDTH_MISMATCH,Inco718,11292,650,67.7675,256.978,73.328,8673.372842,7645623.269,14.80129069,100.5920622,0.239580366,0.493942847,0.342746191,0.163310962,62.61765458,1906281.392,51094.62055,10,sdf_meridian_v0.1
F404_0353,C_Inco718_RPM11292_T650_OR248.662_BR66.9875,353,D:\sdfdata\F404HPT\data\raw\pdf\F404_0353.pdf,D:\sdfdata\F404HPT\data\processed\meridian_samples\F404_0353.npz,D:\sdfdata\F404HPT\data\reports\figures\pdf_contour_overlay\F404_0353.png,vector,FALSE,MULTI_INTERVAL_AT_R;WIDTH_MISMATCH,Inco718,11292,650,66.9875,248.662,73.36,8052.468431,6660492.966,12.61822996,100.5920816,0.200633098,0.544921789,0.35369024,0.101387971,54.54943739,1417720.341,56118.14196,10,sdf_meridian_v0.1
F404_0354,C_Inco718_RPM11292_T650_OR250.51_BR70.6405,354,D:\sdfdata\F404HPT\data\raw\pdf\F404_0354.pdf,D:\sdfdata\F404HPT\data\processed\meridian_samples\F404_0354.npz,D:\sdfdata\F404HPT\data\reports\figures\pdf_contour_overlay\F404_0354.png,vector,FALSE,MULTI_INTERVAL_AT_R;WIDTH_MISMATCH,Inco718,11292,650,70.6405,250.51,85.36,7863.64434,6761728.166,14.60362522,100.2406486,0.191010618,0.50470835,0.387378944,0.107912706,55.37855368,1524837.49,49212.14915,10,sdf_meridian_v0.1
F404_0355,C_Inco718_RPM11292_T650_OR250.818_BR72.4215,355,D:\sdfdata\F404HPT\data\raw\pdf\F404_0355.pdf,D:\sdfdata\F404HPT\data\processed\meridian_samples\F404_0355.npz,D:\sdfdata\F404HPT\data\reports\figures\pdf_contour_overlay\F404_0355.png,vector,FALSE,MULTI_INTERVAL_AT_R;WIDTH_MISMATCH,Inco718,11292,650,72.4215,250.818,78.352,7385.621194,6345383.642,15.83401896,100.5920873,0.192285003,0.519988659,0.367829128,0.112182213,51.96869203,1428525.757,45499.76116,10,sdf_meridian_v0.1
F404_0356,C_Inco718_RPM11292_T650_OR257.65_BR70.2505,356,D:\sdfdata\F404HPT\data\raw\pdf\F404_0356.pdf,D:\sdfdata\F404HPT\data\processed\meridian_samples\F404_0356.npz,D:\sdfdata\F404HPT\data\reports\figures\pdf_contour_overlay\F404_0356.png,vector,FALSE,MULTI_INTERVAL_AT_R;WIDTH_MISMATCH,Inco718,11292,650,70.2505,257.65,87.888,8194.526684,7155505.096,14.22092634,100.5921482,0.239460536,0.503021621,0.376650701,0.120327678,58.60358674,1699204.544,53458.31718,10,sdf_meridian_v0.1
F404_0357,C_Inco718_RPM11292_T650_OR252.806_BR67.9625,357,D:\sdfdata\F404HPT\data\raw\pdf\F404_0357.pdf,D:\sdfdata\F404HPT\data\processed\meridian_samples\F404_0357.npz,D:\sdfdata\F404HPT\data\reports\figures\pdf_contour_overlay\F404_0357.png,vector,FALSE,MULTI_INTERVAL_AT_R;WIDTH_MISMATCH,Inco718,11292,650,67.9625,252.806,75.664,8372.438899,7186401.294,14.97536165,100.5920806,0.221888115,0.511445107,0.360628833,0.12792606,58.8566266,1635417.958,48874.27316,10,sdf_meridian_v0.1
F404_0358,C_Inco718_RPM11292_T650_OR251.854_BR71.0955,358,D:\sdfdata\F404HPT\data\raw\pdf\F404_0358.pdf,D:\sdfdata\F404HPT\data\processed\meridian_samples\F404_0358.npz,D:\sdfdata\F404HPT\data\reports\figures\pdf_contour_overlay\F404_0358.png,vector,FALSE,MULTI_INTERVAL_AT_R;WIDTH_MISMATCH,Inco718,11292,650,71.0955,251.854,76.08,7710.054707,6606326.727,12.38195313,100.5919763,0.201871795,0.509325024,0.404069101,0.086605875,54.1058159,1470418.157,58666.66849,10,sdf_meridian_v0.1
F404_0359,C_Inco718_RPM11292_T650_OR251.938_BR70.6795,359,D:\sdfdata\F404HPT\data\raw\pdf\F404_0359.pdf,D:\sdfdata\F404HPT\data\processed\meridian_samples\F404_0359.npz,D:\sdfdata\F404HPT\data\reports\figures\pdf_contour_overlay\F404_0359.png,vector,FALSE,MULTI_INTERVAL_AT_R;WIDTH_MISMATCH,Inco718,11292,650,70.6795,251.938,79.504,7821.585801,6726602.024,15.8919661,100.5920399,0.197908441,0.505902652,0.405830004,0.088267345,55.09087057,1506894.168,45739.6252,10,sdf_meridian_v0.1
F404_0360,C_Inco718_RPM11292_T650_OR244.434_BR70.7965,360,D:\sdfdata\F404HPT\data\raw\pdf\F404_0360.pdf,D:\sdfdata\F404HPT\data\processed\meridian_samples\F404_0360.npz,D:\sdfdata\F404HPT\data\reports\figures\pdf_contour_overlay\F404_0360.png,vector,FALSE,MULTI_INTERVAL_AT_R;WIDTH_MISMATCH,Inco718,11292,650,70.7965,244.434,76.304,7515.544645,6232508.392,13.09621831,100.5920704,0.206409046,0.550415613,0.376897362,0.072687026,51.04424373,1293599.358,52246.86065,10,sdf_meridian_v0.1
F404_0361,C_Inco718_RPM11292_T650_OR248.634_BR71.9145,361,D:\sdfdata\F404HPT\data\raw\pdf\F404_0361.pdf,D:\sdfdata\F404HPT\data\processed\meridian_samples\F404_0361.npz,D:\sdfdata\F404HPT\data\reports\figures\pdf_contour_overlay\F404_0361.png,vector,FALSE,MULTI_INTERVAL_AT_R;WIDTH_MISMATCH,Inco718,11292,650,71.9145,248.634,82.416,7590.62884,6532427.905,14.34787636,98.48516456,0.187715172,0.504623219,0.378121231,0.11725555,53.50058454,1462657.283,49341.94726,10,sdf_meridian_v0.1
F404_0362,C_Inco718_RPM11292_T650_OR246.422_BR69.7565,362,D:\sdfdata\F404HPT\data\raw\pdf\F404_0362.pdf,D:\sdfdata\F404HPT\data\processed\meridian_samples\F404_0362.npz,D:\sdfdata\F404HPT\data\reports\figures\pdf_contour_overlay\F404_0362.png,vector,FALSE,MULTI_INTERVAL_AT_R;WIDTH_MISMATCH,Inco718,11292,650,69.7565,246.422,84.016,7585.990627,6424629.514,14.3434921,98.45507055,0.18877854,0.528633968,0.38778701,0.083579023,52.61771572,1407547.885,48482.71525,10,sdf_meridian_v0.1
F404_0363,C_Inco718_RPM11292_T650_OR252.694_BR71.6415,363,D:\sdfdata\F404HPT\data\raw\pdf\F404_0363.pdf,D:\sdfdata\F404HPT\data\processed\meridian_samples\F404_0363.npz,D:\sdfdata\F404HPT\data\reports\figures\pdf_contour_overlay\F404_0363.png,vector,FALSE,MULTI_INTERVAL_AT_R;WIDTH_MISMATCH,Inco718,11292,650,71.6415,252.694,82.224,7967.422725,6922875.543,14.69967313,100.8999304,0.198441964,0.48636869,0.413030909,0.1006004,56.6983507,1589016.429,49746.78964,10,sdf_meridian_v0.1
F404_0364,C_Inco718_RPM11292_T650_OR247.822_BR70.3545,364,D:\sdfdata\F404HPT\data\raw\pdf\F404_0364.pdf,D:\sdfdata\F404HPT\data\processed\meridian_samples\F404_0364.npz,D:\sdfdata\F404HPT\data\reports\figures\pdf_contour_overlay\F404_0364.png,vector,FALSE,MULTI_INTERVAL_AT_R;WIDTH_MISMATCH,Inco718,11292,650,70.3545,247.822,84.368,7787.581714,6601292.481,14.48957182,100.5922099,0.191196639,0.528720278,0.375189242,0.09609048,54.06458542,1455550.588,48540.81231,10,sdf_meridian_v0.1
F404_0365,C_Inco718_RPM11292_T650_OR249.586_BR71.7715,365,D:\sdfdata\F404HPT\data\raw\pdf\F404_0365.pdf,D:\sdfdata\F404HPT\data\processed\meridian_samples\F404_0365.npz,D:\sdfdata\F404HPT\data\reports\figures\pdf_contour_overlay\F404_0365.png,vector,FALSE,MULTI_INTERVAL_AT_R;WIDTH_MISMATCH,Inco718,11292,650,71.7715,249.586,75.088,7874.702634,6767035.934,16.08864811,100.5921343,0.206753228,0.518093557,0.364430715,0.117475728,55.4220243,1517685.518,44340.8246,10,sdf_meridian_v0.1
F404_0366,C_Inco718_RPM11292_T650_OR251.126_BR70.9915,366,D:\sdfdata\F404HPT\data\raw\pdf\F404_0366.pdf,D:\sdfdata\F404HPT\data\processed\meridian_samples\F404_0366.npz,D:\sdfdata\F404HPT\data\reports\figures\pdf_contour_overlay\F404_0366.png,vector,FALSE,MULTI_INTERVAL_AT_R;WIDTH_MISMATCH,Inco718,11292,650,70.9915,251.126,72.432,7973.40915,6875086.725,16.21503096,100.5922085,0.197326799,0.513948971,0.348503576,0.137547453,56.30696028,1582298.224,44539.81951,10,sdf_meridian_v0.1
F404_0367,C_Inco718_RPM11292_T650_OR247.066_BR69.6135,367,D:\sdfdata\F404HPT\data\raw\pdf\F404_0367.pdf,D:\sdfdata\F404HPT\data\processed\meridian_samples\F404_0367.npz,D:\sdfdata\F404HPT\data\reports\figures\pdf_contour_overlay\F404_0367.png,vector,FALSE,MULTI_INTERVAL_AT_R;WIDTH_MISMATCH,Inco718,11292,650,69.6135,247.066,74.384,7653.728498,6489052.229,14.40738872,98.89366292,0.183586604,0.521725539,0.391193677,0.087080784,53.14533775,1427253.388,48520.31045,10,sdf_meridian_v0.1
F404_0368,C_Inco718_RPM11292_T650_OR249.138_BR67.8195,368,D:\sdfdata\F404HPT\data\raw\pdf\F404_0368.pdf,D:\sdfdata\F404HPT\data\processed\meridian_samples\F404_0368.npz,D:\sdfdata\F404HPT\data\reports\figures\pdf_contour_overlay\F404_0368.png,vector,FALSE,MULTI_INTERVAL_AT_R;WIDTH_MISMATCH,Inco718,11292,650,67.8195,249.138,77.84,8093.294189,6822823.19,12.91604306,100.5920553,0.204939949,0.520327696,0.393235784,0.08643652,55.87892193,1483888.87,55034.28644,10,sdf_meridian_v0.1
F404_0369,C_Inco718_RPM11292_T650_OR254.71_BR72.9285,369,D:\sdfdata\F404HPT\data\raw\pdf\F404_0369.pdf,D:\sdfdata\F404HPT\data\processed\meridian_samples\F404_0369.npz,D:\sdfdata\F404HPT\data\reports\figures\pdf_contour_overlay\F404_0369.png,vector,FALSE,MULTI_INTERVAL_AT_R;WIDTH_MISMATCH,Inco718,11292,650,72.9285,254.71,87.376,8031.712856,7057227.666,14.75886072,101.3061996,0.202646976,0.466785238,0.405424633,0.127790129,57.79869458,1647373.995,50341.02268,10,sdf_meridian_v0.1
F404_0370,C_Inco718_RPM11292_T650_OR247.85_BR68.8465,370,D:\sdfdata\F404HPT\data\raw\pdf\F404_0370.pdf,D:\sdfdata\F404HPT\data\processed\meridian_samples\F404_0370.npz,D:\sdfdata\F404HPT\data\reports\figures\pdf_contour_overlay\F404_0370.png,vector,FALSE,MULTI_INTERVAL_AT_R;WIDTH_MISMATCH,Inco718,11292,650,68.8465,247.85,79.28,8088.61685,6842420.484,12.75876078,100.592014,0.186665372,0.521213169,0.354834529,0.123952303,56.03942376,1507823.843,55138.15479,10,sdf_meridian_v0.1
F404_0371,C_Inco718_RPM11292_T650_OR249.306_BR68.4955,371,D:\sdfdata\F404HPT\data\raw\pdf\F404_0371.pdf,D:\sdfdata\F404HPT\data\processed\meridian_samples\F404_0371.npz,D:\sdfdata\F404HPT\data\reports\figures\pdf_contour_overlay\F404_0371.png,vector,FALSE,MULTI_INTERVAL_AT_R;WIDTH_MISMATCH,Inco718,11292,650,68.4955,249.306,87.44,8040.077868,6740399.035,16.33687217,100.5920552,0.190227514,0.536947331,0.370265986,0.092786683,55.2038681,1457220.402,43569.18411,10,sdf_meridian_v0.1
F404_0372,C_Inco718_RPM11292_T650_OR245.498_BR66.7275,372,D:\sdfdata\F404HPT\data\raw\pdf\F404_0372.pdf,D:\sdfdata\F404HPT\data\processed\meridian_samples\F404_0372.npz,D:\sdfdata\F404HPT\data\reports\figures\pdf_contour_overlay\F404_0372.png,vector,FALSE,MULTI_INTERVAL_AT_R;WIDTH_MISMATCH,Inco718,11292,650,66.7275,245.498,76.816,7767.844402,6468626.322,14.51439729,99.62817975,0.185699128,0.5471875,0.372723214,0.080089286,52.97804958,1394692.756,47553.20436,10,sdf_meridian_v0.1
F404_0373,C_Inco718_RPM11292_T650_OR256.222_BR71.1215,373,D:\sdfdata\F404HPT\data\raw\pdf\F404_0373.pdf,D:\sdfdata\F404HPT\data\processed\meridian_samples\F404_0373.npz,D:\sdfdata\F404HPT\data\reports\figures\pdf_contour_overlay\F404_0373.png,vector,FALSE,MULTI_INTERVAL_AT_R;WIDTH_MISMATCH,Inco718,11292,650,71.1215,256.222,76.624,8088.919307,7245793.642,14.64178971,100.5919856,0.214080231,0.480102064,0.354760732,0.165137204,59.34304993,1782461.591,51347.76502,10,sdf_meridian_v0.1
F404_0374,C_Inco718_RPM11292_T650_OR247.234_BR69.0415,374,D:\sdfdata\F404HPT\data\raw\pdf\F404_0374.pdf,D:\sdfdata\F404HPT\data\processed\meridian_samples\F404_0374.npz,D:\sdfdata\F404HPT\data\reports\figures\pdf_contour_overlay\F404_0374.png,vector,FALSE,MULTI_INTERVAL_AT_R;WIDTH_MISMATCH,Inco718,11292,650,69.0415,247.234,73.008,8098.371823,6829004.429,14.86925395,100.5920339,0.185465643,0.515466575,0.385031792,0.099501633,55.92954627,1481824.746,47077.14191,10,sdf_meridian_v0.1
F404_0375,C_Inco718_RPM11292_T650_OR244.966_BR71.0175,375,D:\sdfdata\F404HPT\data\raw\pdf\F404_0375.pdf,D:\sdfdata\F404HPT\data\processed\meridian_samples\F404_0375.npz,D:\sdfdata\F404HPT\data\reports\figures\pdf_contour_overlay\F404_0375.png,vector,FALSE,MULTI_INTERVAL_AT_R;WIDTH_MISMATCH,Inco718,11292,650,71.0175,244.966,76.144,7433.378885,6145577.878,8.107654365,100.5919838,0.200559156,0.533205357,0.378993555,0.087801088,50.33228282,1266322.347,84761.62458,10,sdf_meridian_v0.1
F404_0376,C_Inco718_RPM11292_T650_OR253.086_BR71.9795,376,D:\sdfdata\F404HPT\data\raw\pdf\F404_0376.pdf,D:\sdfdata\F404HPT\data\processed\meridian_samples\F404_0376.npz,D:\sdfdata\F404HPT\data\reports\figures\pdf_contour_overlay\F404_0376.png,vector,FALSE,MULTI_INTERVAL_AT_R;WIDTH_MISMATCH,Inco718,11292,650,71.9795,253.086,75.408,7554.750574,6608518.176,13.02944024,100.5920661,0.205600926,0.507457087,0.373323328,0.119219585,54.12376386,1547999.088,56298.05124,10,sdf_meridian_v0.1
F404_0377,C_Inco718_RPM11292_T650_OR256.082_BR66.7795,377,D:\sdfdata\F404HPT\data\raw\pdf\F404_0377.pdf,D:\sdfdata\F404HPT\data\processed\meridian_samples\F404_0377.npz,D:\sdfdata\F404HPT\data\reports\figures\pdf_contour_overlay\F404_0377.png,vector,FALSE,MULTI_INTERVAL_AT_R;WIDTH_MISMATCH,Inco718,11292,650,66.7795,256.082,84.272,8402.623737,7135634.747,16.06723928,100.5920224,0.236875498,0.531069995,0.341420841,0.127509164,58.44084858,1641522.158,46741.18529,10,sdf_meridian_v0.1
F404_0378,C_Inco718_RPM11292_T650_OR253.786_BR69.1585,378,D:\sdfdata\F404HPT\data\raw\pdf\F404_0378.pdf,D:\sdfdata\F404HPT\data\processed\meridian_samples\F404_0378.npz,D:\sdfdata\F404HPT\data\reports\figures\pdf_contour_overlay\F404_0378.png,vector,FALSE,MULTI_INTERVAL_AT_R;WIDTH_MISMATCH,Inco718,11292,650,69.1585,253.786,74.416,8108.23675,7092483.049,14.7465159,100.5922183,0.232371544,0.48916243,0.403443047,0.107394523,58.08743617,1661862.2,50018.28246,10,sdf_meridian_v0.1
F404_0379,C_Inco718_RPM11292_T650_OR248.802_BR67.2605,379,D:\sdfdata\F404HPT\data\raw\pdf\F404_0379.pdf,D:\sdfdata\F404HPT\data\processed\meridian_samples\F404_0379.npz,D:\sdfdata\F404HPT\data\reports\figures\pdf_contour_overlay\F404_0379.png,vector,FALSE,MULTI_INTERVAL_AT_R;WIDTH_MISMATCH,Inco718,11292,650,67.2605,248.802,77.712,8190.498397,6765785.817,13.67564225,100.5922755,0.193363208,0.53912855,0.372989378,0.087882072,55.41178584,1428137.636,51837.36049,10,sdf_meridian_v0.1
F404_0380,C_Inco718_RPM11292_T650_OR250.79_BR72.0575,380,D:\sdfdata\F404HPT\data\raw\pdf\F404_0380.pdf,D:\sdfdata\F404HPT\data\processed\meridian_samples\F404_0380.npz,D:\sdfdata\F404HPT\data\reports\figures\pdf_contour_overlay\F404_0380.png,vector,FALSE,MULTI_INTERVAL_AT_R;WIDTH_MISMATCH,Inco718,11292,650,72.0575,250.79,75.568,7895.595987,6807029.167,16.77433771,100.5919763,0.180987552,0.504223982,0.400238843,0.095537175,55.74956887,1538190.976,42939.59315,10,sdf_meridian_v0.1
F404_0381,C_Inco718_RPM11292_T650_OR252.05_BR72.9675,381,D:\sdfdata\F404HPT\data\raw\pdf\F404_0381.pdf,D:\sdfdata\F404HPT\data\processed\meridian_samples\F404_0381.npz,D:\sdfdata\F404HPT\data\reports\figures\pdf_contour_overlay\F404_0381.png,vector,FALSE,MULTI_INTERVAL_AT_R;WIDTH_MISMATCH,Inco718,11292,650,72.9675,252.05,87.248,7662.670595,6577187.001,14.36956987,100.5921997,0.18706564,0.508592322,0.373354662,0.118053016,53.86716154,1486307.891,50630.53447,10,sdf_meridian_v0.1
F404_0382,C_Inco718_RPM11292_T650_OR249.67_BR72.0965,382,D:\sdfdata\F404HPT\data\raw\pdf\F404_0382.pdf,D:\sdfdata\F404HPT\data\processed\meridian_samples\F404_0382.npz,D:\sdfdata\F404HPT\data\reports\figures\pdf_contour_overlay\F404_0382.png,vector,FALSE,MULTI_INTERVAL_AT_R;WIDTH_MISMATCH,Inco718,11292,650,72.0965,249.67,73.072,7883.407261,6769744.316,11.87080133,100.5921044,0.195797861,0.506846299,0.381323471,0.111830229,55.44420595,1519830.891,60136.14195,10,sdf_meridian_v0.1
F404_0383,C_Inco718_RPM11292_T650_OR249.502_BR69.3275,383,D:\sdfdata\F404HPT\data\raw\pdf\F404_0383.pdf,D:\sdfdata\F404HPT\data\processed\meridian_samples\F404_0383.npz,D:\sdfdata\F404HPT\data\reports\figures\pdf_contour_overlay\F404_0383.png,vector,FALSE,MULTI_INTERVAL_AT_R;WIDTH_MISMATCH,Inco718,11292,650,69.3275,249.502,86.672,7890.335302,6725151.291,14.62838821,100.4106241,0.192009832,0.521799277,0.35664242,0.121558302,55.07898907,1500171.542,48734.26966,10,sdf_meridian_v0.1
F404_0384,C_Inco718_RPM11292_T650_OR248.774_BR68.2745,384,D:\sdfdata\F404HPT\data\raw\pdf\F404_0384.pdf,D:\sdfdata\F404HPT\data\processed\meridian_samples\F404_0384.npz,D:\sdfdata\F404HPT\data\reports\figures\pdf_contour_overlay\F404_0384.png,vector,FALSE,MULTI_INTERVAL_AT_R;WIDTH_MISMATCH,Inco718,11292,650,68.2745,248.774,79.92,8013.797724,6783574.194,14.83683111,100.5921387,0.189886008,0.528702236,0.36661384,0.104683923,55.55747265,1503393.448,47769.61068,10,sdf_meridian_v0.1
F404_0385,C_Inco718_RPM11292_T650_OR255.018_BR72.1095,385,D:\sdfdata\F404HPT\data\raw\pdf\F404_0385.pdf,D:\sdfdata\F404HPT\data\processed\meridian_samples\F404_0385.npz,D:\sdfdata\F404HPT\data\reports\figures\pdf_contour_overlay\F404_0385.png,vector,FALSE,MULTI_INTERVAL_AT_R;WIDTH_MISMATCH,Inco718,11292,650,72.1095,255.018,73.744,8057.648153,7072516.374,16.12657052,100.5920726,0.205327761,0.497804391,0.383943225,0.118252384,57.9239091,1692925.971,46183.04112,10,sdf_meridian_v0.1
F404_0386,C_Inco718_RPM11292_T650_OR256.418_BR71.4855,386,D:\sdfdata\F404HPT\data\raw\pdf\F404_0386.pdf,D:\sdfdata\F404HPT\data\processed\meridian_samples\F404_0386.npz,D:\sdfdata\F404HPT\data\reports\figures\pdf_contour_overlay\F404_0386.png,vector,FALSE,MULTI_INTERVAL_AT_R;WIDTH_MISMATCH,Inco718,11292,650,71.4855,256.418,81.232,8132.557275,7104138.716,14.2456624,100.592135,0.2352917,0.494884797,0.38991193,0.115203274,58.18289609,1651905.286,52856.35923,10,sdf_meridian_v0.1
F404_0387,C_Inco718_RPM11292_T650_OR247.374_BR72.7855,387,D:\sdfdata\F404HPT\data\raw\pdf\F404_0387.pdf,D:\sdfdata\F404HPT\data\processed\meridian_samples\F404_0387.npz,D:\sdfdata\F404HPT\data\reports\figures\pdf_contour_overlay\F404_0387.png,vector,FALSE,MULTI_INTERVAL_AT_R;WIDTH_MISMATCH,Inco718,11292,650,72.7855,247.374,87.088,7408.667009,6379862.077,14.17486023,97.29756565,0.19887332,0.494811236,0.428475577,0.076713187,52.25107041,1421310.342,49439.28651,10,sdf_meridian_v0.1
F404_0388,C_Inco718_RPM11292_T650_OR254.094_BR71.9665,388,D:\sdfdata\F404HPT\data\raw\pdf\F404_0388.pdf,D:\sdfdata\F404HPT\data\processed\meridian_samples\F404_0388.npz,D:\sdfdata\F404HPT\data\reports\figures\pdf_contour_overlay\F404_0388.png,vector,FALSE,MULTI_INTERVAL_AT_R;WIDTH_MISMATCH,Inco718,11292,650,71.9665,254.094,75.024,7721.352034,6728084.009,15.25938665,100.5921001,0.207188292,0.498937546,0.397958241,0.103104213,55.10300803,1551912.53,48454.55609,10,sdf_meridian_v0.1
F404_0389,C_Inco718_RPM11292_T650_OR256.362_BR70.2765,389,D:\sdfdata\F404HPT\data\raw\pdf\F404_0389.pdf,D:\sdfdata\F404HPT\data\processed\meridian_samples\F404_0389.npz,D:\sdfdata\F404HPT\data\reports\figures\pdf_contour_overlay\F404_0389.png,vector,FALSE,MULTI_INTERVAL_AT_R;WIDTH_MISMATCH,Inco718,11292,650,70.2765,256.362,82.096,8035.701859,7085438.898,13.8494073,100.592201,0.247610119,0.493136988,0.372147987,0.134715026,58.02974458,1687802.321,54344.92465,10,sdf_meridian_v0.1
F404_0390,C_Inco718_RPM11292_T650_OR250.538_BR72.3175,390,D:\sdfdata\F404HPT\data\raw\pdf\F404_0390.pdf,D:\sdfdata\F404HPT\data\processed\meridian_samples\F404_0390.npz,D:\sdfdata\F404HPT\data\reports\figures\pdf_contour_overlay\F404_0390.png,vector,FALSE,MULTI_INTERVAL_AT_R;WIDTH_MISMATCH,Inco718,11292,650,72.3175,250.538,82.8,7720.121289,6690218.213,14.46974273,99.32166666,0.183492518,0.494776319,0.397267613,0.107956068,54.79288717,1518379.569,49678.59214,10,sdf_meridian_v0.1
F404_0391,C_Inco718_RPM11292_T650_OR254.99_BR70.3025,391,D:\sdfdata\F404HPT\data\raw\pdf\F404_0391.pdf,D:\sdfdata\F404HPT\data\processed\meridian_samples\F404_0391.npz,D:\sdfdata\F404HPT\data\reports\figures\pdf_contour_overlay\F404_0391.png,vector,FALSE,MULTI_INTERVAL_AT_R;WIDTH_MISMATCH,Inco718,11292,650,70.3025,254.99,72.112,7907.798865,6819982.957,14.84058755,100.5922334,0.206481871,0.524001097,0.348084484,0.127914419,55.85566042,1577290.719,50173.92534,10,sdf_meridian_v0.1
F404_0392,C_Inco718_RPM11292_T650_OR246.002_BR69.8085,392,D:\sdfdata\F404HPT\data\raw\pdf\F404_0392.pdf,D:\sdfdata\F404HPT\data\processed\meridian_samples\F404_0392.npz,D:\sdfdata\F404HPT\data\reports\figures\pdf_contour_overlay\F404_0392.png,vector,FALSE,MULTI_INTERVAL_AT_R;WIDTH_MISMATCH,Inco718,11292,650,69.8085,246.002,78.448,7819.600204,6605925.729,16.53597832,100.5921424,0.190184183,0.520257746,0.37487863,0.104863624,54.10253172,1421882.816,41911.2157,10,sdf_meridian_v0.1
F404_0393,C_Inco718_RPM11292_T650_OR245.974_BR67.4165,393,D:\sdfdata\F404HPT\data\raw\pdf\F404_0393.pdf,D:\sdfdata\F404HPT\data\processed\meridian_samples\F404_0393.npz,D:\sdfdata\F404HPT\data\reports\figures\pdf_contour_overlay\F404_0393.png,vector,FALSE,MULTI_INTERVAL_AT_R;WIDTH_MISMATCH,Inco718,11292,650,67.4165,245.974,85.072,7749.345095,6482951.199,14.49710379,99.50947559,0.184285944,0.54116439,0.389186535,0.069649076,53.09537032,1405175.512,47794.73254,10,sdf_meridian_v0.1
F404_0394,C_Inco718_RPM11292_T650_OR247.962_BR72.6295,394,D:\sdfdata\F404HPT\data\raw\pdf\F404_0394.pdf,D:\sdfdata\F404HPT\data\processed\meridian_samples\F404_0394.npz,D:\sdfdata\F404HPT\data\reports\figures\pdf_contour_overlay\F404_0394.png,vector,FALSE,MULTI_INTERVAL_AT_R;WIDTH_MISMATCH,Inco718,11292,650,72.6295,247.962,78.48,7757.345774,6562180.303,12.47774108,100.5922175,0.188905479,0.508911241,0.41913711,0.07195165,53.74425668,1402217.801,56430.92491,10,sdf_meridian_v0.1
F404_0395,C_Inco718_RPM11292_T650_OR251.91_BR69.0805,395,D:\sdfdata\F404HPT\data\raw\pdf\F404_0395.pdf,D:\sdfdata\F404HPT\data\processed\meridian_samples\F404_0395.npz,D:\sdfdata\F404HPT\data\reports\figures\pdf_contour_overlay\F404_0395.png,vector,FALSE,MULTI_INTERVAL_AT_R;WIDTH_MISMATCH,Inco718,11292,650,69.0805,251.91,84.528,8053.405679,6756205.836,13.80229081,100.5920849,0.202221474,0.530386985,0.37014052,0.099472494,55.3333258,1472162.012,52652.92699,10,sdf_meridian_v0.1
F404_0396,C_Inco718_RPM11292_T650_OR254.85_BR69.3665,396,D:\sdfdata\F404HPT\data\raw\pdf\F404_0396.pdf,D:\sdfdata\F404HPT\data\processed\meridian_samples\F404_0396.npz,D:\sdfdata\F404HPT\data\reports\figures\pdf_contour_overlay\F404_0396.png,vector,FALSE,MULTI_INTERVAL_AT_R;WIDTH_MISMATCH,Inco718,11292,650,69.3665,254.85,81.296,8161.934145,7110395.439,13.15410653,100.5921139,0.217087436,0.494764862,0.393655723,0.111579414,58.23413865,1653352.257,56544.55596,10,sdf_meridian_v0.1
F404_0397,C_Inco718_RPM11292_T650_OR250.286_BR71.4465,397,D:\sdfdata\F404HPT\data\raw\pdf\F404_0397.pdf,D:\sdfdata\F404HPT\data\processed\meridian_samples\F404_0397.npz,D:\sdfdata\F404HPT\data\reports\figures\pdf_contour_overlay\F404_0397.png,vector,FALSE,MULTI_INTERVAL_AT_R;WIDTH_MISMATCH,Inco718,11292,650,71.4465,250.286,80.208,7849.028686,6763989.323,13.19421559,100.5920373,0.194827317,0.51289718,0.354828633,0.132274188,55.39707255,1534796.929,54371.63789,10,sdf_meridian_v0.1
F404_0398,C_Inco718_RPM11292_T650_OR245.806_BR72.3305,398,D:\sdfdata\F404HPT\data\raw\pdf\F404_0398.pdf,D:\sdfdata\F404HPT\data\processed\meridian_samples\F404_0398.npz,D:\sdfdata\F404HPT\data\reports\figures\pdf_contour_overlay\F404_0398.png,vector,FALSE,MULTI_INTERVAL_AT_R;WIDTH_MISMATCH,Inco718,11292,650,72.3305,245.806,76.592,7073.601065,6042249.574,6.55987969,100.5920269,0.207685393,0.512791087,0.368144217,0.119064697,49.48602401,1348939.443,105480.447,10,sdf_meridian_v0.1
F404_0399,C_Inco718_RPM11292_T650_OR257.426_BR69.6525,399,D:\sdfdata\F404HPT\data\raw\pdf\F404_0399.pdf,D:\sdfdata\F404HPT\data\processed\meridian_samples\F404_0399.npz,D:\sdfdata\F404HPT\data\reports\figures\pdf_contour_overlay\F404_0399.png,vector,FALSE,MULTI_INTERVAL_AT_R;WIDTH_MISMATCH,Inco718,11292,650,69.6525,257.426,83.824,8569.932687,7472515.515,15.24535189,104.6455204,0.25453871,0.48581686,0.401028278,0.113154862,61.19990206,1752203.322,49779.46682,10,sdf_meridian_v0.1
F404_0400,C_Inco718_RPM11292_T650_OR253.45_BR66.6755,400,D:\sdfdata\F404HPT\data\raw\pdf\F404_0400.pdf,D:\sdfdata\F404HPT\data\processed\meridian_samples\F404_0400.npz,D:\sdfdata\F404HPT\data\reports\figures\pdf_contour_overlay\F404_0400.png,vector,FALSE,MULTI_INTERVAL_AT_R;WIDTH_MISMATCH,Inco718,11292,650,66.6755,253.45,82.16,8478.987069,7215024.411,15.16424296,104.0887812,0.247782231,0.529359588,0.350629768,0.120010644,59.09104993,1634135.53,48511.72678,10,sdf_meridian_v0.1
F404_0401,C_Inco718_RPM11292_T650_OR253.87_BR70.9655,401,D:\sdfdata\F404HPT\data\raw\pdf\F404_0401.pdf,D:\sdfdata\F404HPT\data\processed\meridian_samples\F404_0401.npz,D:\sdfdata\F404HPT\data\reports\figures\pdf_contour_overlay\F404_0401.png,vector,FALSE,MULTI_INTERVAL_AT_R;WIDTH_MISMATCH,Inco718,11292,650,70.9655,253.87,73.04,8316.879719,7349617.165,12.94507273,100.592201,0.2027877,0.497762286,0.339487047,0.162750667,60.19336458,1780373.953,57016.57795,10,sdf_meridian_v0.1
F404_0402,C_Inco718_RPM11292_T650_OR253.73_BR70.5755,402,D:\sdfdata\F404HPT\data\raw\pdf\F404_0402.pdf,D:\sdfdata\F404HPT\data\processed\meridian_samples\F404_0402.npz,D:\sdfdata\F404HPT\data\reports\figures\pdf_contour_overlay\F404_0402.png,vector,FALSE,MULTI_INTERVAL_AT_R;WIDTH_MISMATCH,Inco718,11292,650,70.5755,253.73,85.52,7695.293372,6654746.307,14.0110566,100.5919415,0.226041379,0.520462385,0.36683136,0.112706255,54.50237225,1535648.834,52620.57969,10,sdf_meridian_v0.1
F404_0403,C_Inco718_RPM11292_T650_OR246.394_BR70.5885,403,D:\sdfdata\F404HPT\data\raw\pdf\F404_0403.pdf,D:\sdfdata\F404HPT\data\processed\meridian_samples\F404_0403.npz,D:\sdfdata\F404HPT\data\reports\figures\pdf_contour_overlay\F404_0403.png,vector,FALSE,MULTI_INTERVAL_AT_R;WIDTH_MISMATCH,Inco718,11292,650,70.5885,246.394,86.992,7512.313845,6386560.709,14.2736686,97.97579553,0.193314319,0.521779922,0.366751553,0.111468525,52.30593221,1403503.877,48708.81044,10,sdf_meridian_v0.1
F404_0404,C_Inco718_RPM11292_T650_OR252.722_BR66.8965,404,D:\sdfdata\F404HPT\data\raw\pdf\F404_0404.pdf,D:\sdfdata\F404HPT\data\processed\meridian_samples\F404_0404.npz,D:\sdfdata\F404HPT\data\reports\figures\pdf_contour_overlay\F404_0404.png,vector,FALSE,MULTI_INTERVAL_AT_R;WIDTH_MISMATCH,Inco718,11292,650,66.8965,252.722,86.384,8393.042612,7135123.695,15.08719354,103.5599068,0.236512916,0.529665348,0.369805786,0.100528865,58.43666306,1611055.826,48479.76597,10,sdf_meridian_v0.1
F404_0405,C_Inco718_RPM11292_T650_OR247.57_BR68.3005,405,D:\sdfdata\F404HPT\data\raw\pdf\F404_0405.pdf,D:\sdfdata\F404HPT\data\processed\meridian_samples\F404_0405.npz,D:\sdfdata\F404HPT\data\reports\figures\pdf_contour_overlay\F404_0405.png,vector,FALSE,MULTI_INTERVAL_AT_R;WIDTH_MISMATCH,Inco718,11292,650,68.3005,247.57,87.92,7811.26951,6591005.993,14.55491116,99.90627072,0.187720171,0.528545284,0.352095701,0.119359014,53.98033908,1447471.577,48224.67963,10,sdf_meridian_v0.1
F404_0406,C_Inco718_RPM11292_T650_OR250.398_BR72.4605,406,D:\sdfdata\F404HPT\data\raw\pdf\F404_0406.pdf,D:\sdfdata\F404HPT\data\processed\meridian_samples\F404_0406.npz,D:\sdfdata\F404HPT\data\reports\figures\pdf_contour_overlay\F404_0406.png,vector,FALSE,MULTI_INTERVAL_AT_R;WIDTH_MISMATCH,Inco718,11292,650,72.4605,250.398,85.328,8037.000158,7054269.002,14.01168115,100.5920668,0.188115382,0.492859616,0.38813398,0.119006405,57.77446313,1647880.158,51245.33568,10,sdf_meridian_v0.1
F404_0407,C_Inco718_RPM11292_T650_OR257.93_BR72.9805,407,D:\sdfdata\F404HPT\data\raw\pdf\F404_0407.pdf,D:\sdfdata\F404HPT\data\processed\meridian_samples\F404_0407.npz,D:\sdfdata\F404HPT\data\reports\figures\pdf_contour_overlay\F404_0407.png,vector,FALSE,MULTI_INTERVAL_AT_R;WIDTH_MISMATCH,Inco718,11292,650,72.9805,257.93,77.456,8314.097843,7368987.683,15.016071,103.071715,0.227912005,0.457179681,0.399182259,0.143638061,60.35200913,1753634.298,50737.642,10,sdf_meridian_v0.1
F404_0408,C_Inco718_RPM11292_T650_OR245.414_BR68.6775,408,D:\sdfdata\F404HPT\data\raw\pdf\F404_0408.pdf,D:\sdfdata\F404HPT\data\processed\meridian_samples\F404_0408.npz,D:\sdfdata\F404HPT\data\reports\figures\pdf_contour_overlay\F404_0408.png,vector,FALSE,MULTI_INTERVAL_AT_R;WIDTH_MISMATCH,Inco718,11292,650,68.6775,245.414,75.216,7592.089311,6379570.287,14.3492566,98.4946386,0.187656661,0.535042659,0.384821548,0.080135793,52.24868065,1383702.72,48067.56729,10,sdf_meridian_v0.1
F404_0409,C_Inco718_RPM11292_T650_OR255.522_BR70.8745,409,D:\sdfdata\F404HPT\data\raw\pdf\F404_0409.pdf,D:\sdfdata\F404HPT\data\processed\meridian_samples\F404_0409.npz,D:\sdfdata\F404HPT\data\reports\figures\pdf_contour_overlay\F404_0409.png,vector,FALSE,MULTI_INTERVAL_AT_R;WIDTH_MISMATCH,Inco718,11292,650,70.8745,255.522,79.12,7834.003221,6818864.099,15.49878111,100.5921593,0.229757548,0.499470168,0.391061967,0.109467865,55.84649697,1586305.207,48243.84662,10,sdf_meridian_v0.1
F404_0410,C_Inco718_RPM11292_T650_OR245.358_BR66.5845,410,D:\sdfdata\F404HPT\data\raw\pdf\F404_0410.pdf,D:\sdfdata\F404HPT\data\processed\meridian_samples\F404_0410.npz,D:\sdfdata\F404HPT\data\reports\figures\pdf_contour_overlay\F404_0410.png,vector,FALSE,MULTI_INTERVAL_AT_R;WIDTH_MISMATCH,Inco718,11292,650,66.5845,245.358,75.44,7768.105113,6461917.721,14.51464086,99.62985164,0.185707742,0.5471875,0.3553125,0.0975,52.92310614,1391314.187,47498.18646,10,sdf_meridian_v0.1
F404_0411,C_Inco718_RPM11292_T650_OR256.39_BR68.5475,411,D:\sdfdata\F404HPT\data\raw\pdf\F404_0411.pdf,D:\sdfdata\F404HPT\data\processed\meridian_samples\F404_0411.npz,D:\sdfdata\F404HPT\data\reports\figures\pdf_contour_overlay\F404_0411.png,vector,FALSE,MULTI_INTERVAL_AT_R;WIDTH_MISMATCH,Inco718,11292,650,68.5475,256.39,74.672,8536.866807,7474948.991,13.15819216,100.5921005,0.238971048,0.498297634,0.349739258,0.151963108,61.21983224,1795521.75,57212.22223,10,sdf_meridian_v0.1
F404_0412,C_Inco718_RPM11292_T650_OR245.694_BR70.0035,412,D:\sdfdata\F404HPT\data\raw\pdf\F404_0412.pdf,D:\sdfdata\F404HPT\data\processed\meridian_samples\F404_0412.npz,D:\sdfdata\F404HPT\data\reports\figures\pdf_contour_overlay\F404_0412.png,vector,FALSE,MULTI_INTERVAL_AT_R;WIDTH_MISMATCH,Inco718,11292,650,70.0035,245.694,82.576,7819.889659,6607501.774,14.72266657,100.5921775,0.191864669,0.533002285,0.368737915,0.0982598,54.11543953,1441247.063,46955.39537,10,sdf_meridian_v0.1
F404_0413,C_Inco718_RPM11292_T650_OR256.894_BR71.1475,413,D:\sdfdata\F404HPT\data\raw\pdf\F404_0413.pdf,D:\sdfdata\F404HPT\data\processed\meridian_samples\F404_0413.npz,D:\sdfdata\F404HPT\data\reports\figures\pdf_contour_overlay\F404_0413.png,vector,FALSE,MULTI_INTERVAL_AT_R;WIDTH_MISMATCH,Inco718,11292,650,71.1475,256.894,75.728,7986.424837,6909635.315,14.69543055,100.5922117,0.235069075,0.517074728,0.35891123,0.124014043,56.58991323,1603193.471,51429.04785,10,sdf_meridian_v0.1
F404_0414,C_Inco718_RPM11292_T650_OR249.222_BR70.4325,414,D:\sdfdata\F404HPT\data\raw\pdf\F404_0414.pdf,D:\sdfdata\F404HPT\data\processed\meridian_samples\F404_0414.npz,D:\sdfdata\F404HPT\data\reports\figures\pdf_contour_overlay\F404_0414.png,vector,FALSE,MULTI_INTERVAL_AT_R;WIDTH_MISMATCH,Inco718,11292,650,70.4325,249.222,85.968,7879.77841,6648632.777,15.42653549,100.5920904,0.178192043,0.525362801,0.378378378,0.09625882,54.45230244,1441985.143,46109.16183,10,sdf_meridian_v0.1
F404_0415,C_Inco718_RPM11292_T650_OR257.09_BR68.0145,415,D:\sdfdata\F404HPT\data\raw\pdf\F404_0415.pdf,D:\sdfdata\F404HPT\data\processed\meridian_samples\F404_0415.npz,D:\sdfdata\F404HPT\data\reports\figures\pdf_contour_overlay\F404_0415.png,vector,FALSE,MULTI_INTERVAL_AT_R;WIDTH_MISMATCH,Inco718,11292,650,68.0145,257.09,84.144,8361.67747,7136550.816,15.13178837,100.5921228,0.245583815,0.525152139,0.376866162,0.0979817,58.44835119,1646810.922,50022.22283,10,sdf_meridian_v0.1
F404_0416,C_Inco718_RPM11292_T650_OR248.326_BR72.4475,416,D:\sdfdata\F404HPT\data\raw\pdf\F404_0416.pdf,D:\sdfdata\F404HPT\data\processed\meridian_samples\F404_0416.npz,D:\sdfdata\F404HPT\data\reports\figures\pdf_contour_overlay\F404_0416.png,vector,FALSE,MULTI_INTERVAL_AT_R;WIDTH_MISMATCH,Inco718,11292,650,72.4475,248.326,82.864,7518.55384,6480955.101,14.27959548,98.01647818,0.19290368,0.494705804,0.385828531,0.119465666,53.07902228,1451268.185,49455.13117,10,sdf_meridian_v0.1
F404_0417,C_Inco718_RPM11292_T650_OR246.058_BR70.8095,417,D:\sdfdata\F404HPT\data\raw\pdf\F404_0417.pdf,D:\sdfdata\F404HPT\data\processed\meridian_samples\F404_0417.npz,D:\sdfdata\F404HPT\data\reports\figures\pdf_contour_overlay\F404_0417.png,vector,FALSE,MULTI_INTERVAL_AT_R;WIDTH_MISMATCH,Inco718,11292,650,70.8095,246.058,87.952,7464.787115,6346904.671,14.22844571,97.66538136,0.195922615,0.520872358,0.371331728,0.107795915,51.98114925,1394644.807,48730.44698,10,sdf_meridian_v0.1
F404_0418,C_Inco718_RPM11292_T650_OR249.11_BR66.6495,418,D:\sdfdata\F404HPT\data\raw\pdf\F404_0418.pdf,D:\sdfdata\F404HPT\data\processed\meridian_samples\F404_0418.npz,D:\sdfdata\F404HPT\data\reports\figures\pdf_contour_overlay\F404_0418.png,vector,FALSE,MULTI_INTERVAL_AT_R;WIDTH_MISMATCH,Inco718,11292,650,66.6495,249.11,79.6,8091.825884,6803515.529,14.81398881,101.684604,0.208299923,0.536057265,0.387648942,0.076293793,55.72079219,1501265.181,47972.59238,10,sdf_meridian_v0.1
F404_0419,C_Inco718_RPM11292_T650_OR255.97_BR72.5905,419,D:\sdfdata\F404HPT\data\raw\pdf\F404_0419.pdf,D:\sdfdata\F404HPT\data\processed\meridian_samples\F404_0419.npz,D:\sdfdata\F404HPT\data\reports\figures\pdf_contour_overlay\F404_0419.png,vector,FALSE,MULTI_INTERVAL_AT_R;WIDTH_MISMATCH,Inco718,11292,650,72.5905,255.97,83.12,8173.543466,7194701.586,14.88860252,102.1967595,0.216157289,0.466797049,0.414347942,0.118855009,58.92460599,1690420.656,50397.27768,10,sdf_meridian_v0.1
F404_0420,C_Inco718_RPM11292_T650_OR247.654_BR67.5595,420,D:\sdfdata\F404HPT\data\raw\pdf\F404_0420.pdf,D:\sdfdata\F404HPT\data\processed\meridian_samples\F404_0420.npz,D:\sdfdata\F404HPT\data\reports\figures\pdf_contour_overlay\F404_0420.png,vector,FALSE,MULTI_INTERVAL_AT_R;WIDTH_MISMATCH,Inco718,11292,650,67.5595,247.654,82.672,7871.408968,6519240.874,14.79992866,100.5921325,0.191958844,0.541132884,0.382984422,0.075882694,53.39258276,1379834.39,47458.49354,10,sdf_meridian_v0.1
F404_0421,C_Inco718_RPM11292_T650_OR257.23_BR69.9125,421,D:\sdfdata\F404HPT\data\raw\pdf\F404_0421.pdf,D:\sdfdata\F404HPT\data\processed\meridian_samples\F404_0421.npz,D:\sdfdata\F404HPT\data\reports\figures\pdf_contour_overlay\F404_0421.png,vector,FALSE,MULTI_INTERVAL_AT_R;WIDTH_MISMATCH,Inco718,11292,650,69.9125,257.23,86.096,8528.359789,7441203.567,15.20832919,104.3913932,0.251463824,0.485834626,0.374772778,0.139392596,60.94345721,1743813.992,49824.69027,10,sdf_meridian_v0.1
F404_0422,C_Inco718_RPM11292_T650_OR251.518_BR71.6285,422,D:\sdfdata\F404HPT\data\raw\pdf\F404_0422.pdf,D:\sdfdata\F404HPT\data\processed\meridian_samples\F404_0422.npz,D:\sdfdata\F404HPT\data\reports\figures\pdf_contour_overlay\F404_0422.png,vector,FALSE,MULTI_INTERVAL_AT_R;WIDTH_MISMATCH,Inco718,11292,650,71.6285,251.518,83.952,7793.06906,6707875.287,15.69171819,100.5921123,0.179275502,0.505659526,0.399323563,0.095016911,54.9374986,1504850.681,46169.00537,10,sdf_meridian_v0.1
F404_0423,C_Inco718_RPM11292_T650_OR247.906_BR71.1605,423,D:\sdfdata\F404HPT\data\raw\pdf\F404_0423.pdf,D:\sdfdata\F404HPT\data\processed\meridian_samples\F404_0423.npz,D:\sdfdata\F404HPT\data\reports\figures\pdf_contour_overlay\F404_0423.png,vector,FALSE,MULTI_INTERVAL_AT_R;WIDTH_MISMATCH,Inco718,11292,650,71.1605,247.906,74.64,7780.729536,6605154.14,15.60683736,100.592087,0.194225042,0.527297766,0.392652481,0.080049753,54.09621241,1452471.871,45096.41807,10,sdf_meridian_v0.1
F404_0424,C_Inco718_RPM11292_T650_OR250.986_BR69.5225,424,D:\sdfdata\F404HPT\data\raw\pdf\F404_0424.pdf,D:\sdfdata\F404HPT\data\processed\meridian_samples\F404_0424.npz,D:\sdfdata\F404HPT\data\reports\figures\pdf_contour_overlay\F404_0424.png,vector,FALSE,MULTI_INTERVAL_AT_R;WIDTH_MISMATCH,Inco718,11292,650,69.5225,250.986,78.768,8078.40556,6884662.473,14.16284487,100.5922556,0.198184438,0.521849884,0.378540999,0.099609118,56.38538565,1552445.994,50936.76658,10,sdf_meridian_v0.1
F404_0425,C_Inco718_RPM11292_T650_OR253.422_BR67.9885,425,D:\sdfdata\F404HPT\data\raw\pdf\F404_0425.pdf,D:\sdfdata\F404HPT\data\processed\meridian_samples\F404_0425.npz,D:\sdfdata\F404HPT\data\reports\figures\pdf_contour_overlay\F404_0425.png,vector,FALSE,MULTI_INTERVAL_AT_R;WIDTH_MISMATCH,Inco718,11292,650,67.9885,253.422,86.16,8357.669614,7154818.617,15.05536702,103.3414465,0.231845833,0.515865256,0.363123278,0.121011466,58.59796447,1628493.275,48851.75356,10,sdf_meridian_v0.1
F404_0426,C_Inco718_RPM11292_T650_OR247.15_BR72.2655,426,D:\sdfdata\F404HPT\data\raw\pdf\F404_0426.pdf,D:\sdfdata\F404HPT\data\processed\meridian_samples\F404_0426.npz,D:\sdfdata\F404HPT\data\reports\figures\pdf_contour_overlay\F404_0426.png,vector,FALSE,MULTI_INTERVAL_AT_R;WIDTH_MISMATCH,Inco718,11292,650,72.2655,247.15,72.624,7724.139977,6551978.905,12.31578189,100.5920308,0.192379639,0.51280237,0.391854243,0.095343387,53.66070723,1422876.116,56799.18671,10,sdf_meridian_v0.1
F404_0427,C_Inco718_RPM11292_T650_OR256.11_BR66.8315,427,D:\sdfdata\F404HPT\data\raw\pdf\F404_0427.pdf,D:\sdfdata\F404HPT\data\processed\meridian_samples\F404_0427.npz,D:\sdfdata\F404HPT\data\reports\figures\pdf_contour_overlay\F404_0427.png,vector,FALSE,MULTI_INTERVAL_AT_R;WIDTH_MISMATCH,Inco718,11292,650,66.8315,256.11,78.64,8465.030118,7227175.175,15.64182063,100.5922039,0.242306698,0.523846654,0.354429283,0.121724063,59.19056469,1697126.104,48022.9293,10,sdf_meridian_v0.1
F404_0428,C_Inco718_RPM11292_T650_OR253.562_BR66.6105,428,D:\sdfdata\F404HPT\data\raw\pdf\F404_0428.pdf,D:\sdfdata\F404HPT\data\processed\meridian_samples\F404_0428.npz,D:\sdfdata\F404HPT\data\reports\figures\pdf_contour_overlay\F404_0428.png,vector,FALSE,MULTI_INTERVAL_AT_R;WIDTH_MISMATCH,Inco718,11292,650,66.6105,253.562,72.464,8205.662665,6963935.232,16.6718593,100.5921632,0.234990247,0.516169376,0.399410398,0.084420225,57.03462955,1543157.756,44163.87556,10,sdf_meridian_v0.1
F404_0429,C_Inco718_RPM11292_T650_OR244.91_BR69.4965,429,D:\sdfdata\F404HPT\data\raw\pdf\F404_0429.pdf,D:\sdfdata\F404HPT\data\processed\meridian_samples\F404_0429.npz,D:\sdfdata\F404HPT\data\reports\figures\pdf_contour_overlay\F404_0429.png,vector,FALSE,MULTI_INTERVAL_AT_R;WIDTH_MISMATCH,Inco718,11292,650,69.4965,244.91,82.928,7478.850228,6300016.763,14.24184208,97.75733529,0.195114574,0.534252074,0.378824369,0.086923557,51.59713729,1367764.708,48231.3866,10,sdf_meridian_v0.1
F404_0430,C_Inco718_RPM11292_T650_OR244.21_BR72.5645,430,D:\sdfdata\F404HPT\data\raw\pdf\F404_0430.pdf,D:\sdfdata\F404HPT\data\processed\meridian_samples\F404_0430.npz,D:\sdfdata\F404HPT\data\reports\figures\pdf_contour_overlay\F404_0430.png,vector,FALSE,MULTI_INTERVAL_AT_R;WIDTH_MISMATCH,Inco718,11292,650,72.5645,244.21,81.424,7441.737062,6157351.633,13.72677092,100.5921497,0.217359291,0.532822708,0.407298941,0.059878351,50.42870987,1246218.819,49755.53244,10,sdf_meridian_v0.1
F404_0431,C_Inco718_RPM11292_T650_OR252.862_BR72.9935,431,D:\sdfdata\F404HPT\data\raw\pdf\F404_0431.pdf,D:\sdfdata\F404HPT\data\processed\meridian_samples\F404_0431.npz,D:\sdfdata\F404HPT\data\reports\figures\pdf_contour_overlay\F404_0431.png,vector,FALSE,MULTI_INTERVAL_AT_R;WIDTH_MISMATCH,Inco718,11292,650,72.9935,252.862,75.92,7689.348369,6603627.416,13.08782731,100.5922055,0.190324214,0.51203691,0.3828514,0.10511169,54.08370854,1487816.546,55947.72842,10,sdf_meridian_v0.1
F404_0432,C_Inco718_RPM11292_T650_OR244.07_BR67.0265,432,D:\sdfdata\F404HPT\data\raw\pdf\F404_0432.pdf,D:\sdfdata\F404HPT\data\processed\meridian_samples\F404_0432.npz,D:\sdfdata\F404HPT\data\reports\figures\pdf_contour_overlay\F404_0432.png,vector,FALSE,MULTI_INTERVAL_AT_R;WIDTH_MISMATCH,Inco718,11292,650,67.0265,244.07,82.192,7618.487885,6328131.756,14.37418196,98.66572864,0.187425901,0.547411675,0.396846666,0.055741659,51.82739908,1352886.206,47460.08817,10,sdf_meridian_v0.1
F404_0433,C_Inco718_RPM11292_T650_OR244.826_BR67.4815,433,D:\sdfdata\F404HPT\data\raw\pdf\F404_0433.pdf,D:\sdfdata\F404HPT\data\processed\meridian_samples\F404_0433.npz,D:\sdfdata\F404HPT\data\reports\figures\pdf_contour_overlay\F404_0433.png,vector,FALSE,MULTI_INTERVAL_AT_R;WIDTH_MISMATCH,Inco718,11292,650,67.4815,244.826,76.688,7958.845056,6522673.045,13.06369798,100.5920777,0.197609372,0.543987121,0.36347024,0.092542638,53.42069224,1349919.192,52545.05117,10,sdf_meridian_v0.1
F404_0434,C_Inco718_RPM11292_T650_OR248.41_BR71.8885,434,D:\sdfdata\F404HPT\data\raw\pdf\F404_0434.pdf,D:\sdfdata\F404HPT\data\processed\meridian_samples\F404_0434.npz,D:\sdfdata\F404HPT\data\reports\figures\pdf_contour_overlay\F404_0434.png,vector,FALSE,MULTI_INTERVAL_AT_R;WIDTH_MISMATCH,Inco718,11292,650,71.8885,248.41,78.416,7959.199991,6891549.091,15.42316583,100.5920949,0.177444057,0.496771398,0.382578548,0.120650054,56.44178705,1563347.355,45819.19958,10,sdf_meridian_v0.1
F404_0435,C_Inco718_RPM11292_T650_OR252.61_BR69.4575,435,D:\sdfdata\F404HPT\data\raw\pdf\F404_0435.pdf,D:\sdfdata\F404HPT\data\processed\meridian_samples\F404_0435.npz,D:\sdfdata\F404HPT\data\reports\figures\pdf_contour_overlay\F404_0435.png,vector,FALSE,MULTI_INTERVAL_AT_R;WIDTH_MISMATCH,Inco718,11292,650,69.4575,252.61,77.968,7931.30847,6863684.524,13.0889581,100.5920056,0.209552706,0.498419294,0.364239906,0.1373408,56.21357625,1581735.919,55831.44611,10,sdf_meridian_v0.1
F404_0436,C_Inco718_RPM11292_T650_OR256.53_BR70.5105,436,D:\sdfdata\F404HPT\data\raw\pdf\F404_0436.pdf,D:\sdfdata\F404HPT\data\processed\meridian_samples\F404_0436.npz,D:\sdfdata\F404HPT\data\reports\figures\pdf_contour_overlay\F404_0436.png,vector,FALSE,MULTI_INTERVAL_AT_R;WIDTH_MISMATCH,Inco718,11292,650,70.5105,256.53,84.432,8410.576268,7344785.945,15.10294443,103.6680223,0.238503531,0.486556153,0.381316386,0.132127461,60.15379689,1718290.406,49899.65864,10,sdf_meridian_v0.1
F404_0437,C_Inco718_RPM11292_T650_OR247.738_BR71.5245,437,D:\sdfdata\F404HPT\data\raw\pdf\F404_0437.pdf,D:\sdfdata\F404HPT\data\processed\meridian_samples\F404_0437.npz,D:\sdfdata\F404HPT\data\reports\figures\pdf_contour_overlay\F404_0437.png,vector,FALSE,MULTI_INTERVAL_AT_R;WIDTH_MISMATCH,Inco718,11292,650,71.5245,247.738,80.016,7641.393156,6447682.384,12.79556055,100.592282,0.195236564,0.522606263,0.387194297,0.09019944,52.80651872,1400424.136,54929.90081,10,sdf_meridian_v0.1
F404_0438,C_Inco718_RPM11292_T650_OR244.322_BR67.2215,438,D:\sdfdata\F404HPT\data\raw\pdf\F404_0438.pdf,D:\sdfdata\F404HPT\data\processed\meridian_samples\F404_0438.npz,D:\sdfdata\F404HPT\data\reports\figures\pdf_contour_overlay\F404_0438.png,vector,FALSE,MULTI_INTERVAL_AT_R;WIDTH_MISMATCH,Inco718,11292,650,67.2215,244.322,78.8,7623.394292,6342552.544,14.3788098,98.69749454,0.186607357,0.547338335,0.341193283,0.111468382,51.94550533,1359308.633,47542.83632,10,sdf_meridian_v0.1
F404_0439,C_Inco718_RPM11292_T650_OR250.034_BR68.1705,439,D:\sdfdata\F404HPT\data\raw\pdf\F404_0439.pdf,D:\sdfdata\F404HPT\data\processed\meridian_samples\F404_0439.npz,D:\sdfdata\F404HPT\data\reports\figures\pdf_contour_overlay\F404_0439.png,vector,FALSE,MULTI_INTERVAL_AT_R;WIDTH_MISMATCH,Inco718,11292,650,68.1705,250.034,81.776,7995.509958,6744977.866,12.81220113,100.5920325,0.195456357,0.531095579,0.380002671,0.08890175,55.24136872,1483793.75,55880.1118,10,sdf_meridian_v0.1
F404_0440,C_Inco718_RPM11292_T650_OR252.134_BR69.2755,440,D:\sdfdata\F404HPT\data\raw\pdf\F404_0440.pdf,D:\sdfdata\F404HPT\data\processed\meridian_samples\F404_0440.npz,D:\sdfdata\F404HPT\data\reports\figures\pdf_contour_overlay\F404_0440.png,vector,FALSE,MULTI_INTERVAL_AT_R;WIDTH_MISMATCH,Inco718,11292,650,69.2755,252.134,72.592,8312.848032,7140399.57,14.50135744,100.5921246,0.197632863,0.51641251,0.346084259,0.137503231,58.47987248,1642726.27,50203.85272,10,sdf_meridian_v0.1
F404_0441,C_Inco718_RPM11292_T650_OR252.218_BR70.7445,441,D:\sdfdata\F404HPT\data\raw\pdf\F404_0441.pdf,D:\sdfdata\F404HPT\data\processed\meridian_samples\F404_0441.npz,D:\sdfdata\F404HPT\data\reports\figures\pdf_contour_overlay\F404_0441.png,vector,FALSE,MULTI_INTERVAL_AT_R;WIDTH_MISMATCH,Inco718,11292,650,70.7445,252.218,72.72,8005.396511,6813528.758,14.46331073,100.5919322,0.194097097,0.510524913,0.37778666,0.111688427,55.80280053,1511418.879,50369.46236,10,sdf_meridian_v0.1
F404_0442,C_Inco718_RPM11292_T650_OR252.974_BR70.4585,442,D:\sdfdata\F404HPT\data\raw\pdf\F404_0442.pdf,D:\sdfdata\F404HPT\data\processed\meridian_samples\F404_0442.npz,D:\sdfdata\F404HPT\data\reports\figures\pdf_contour_overlay\F404_0442.png,vector,FALSE,MULTI_INTERVAL_AT_R;WIDTH_MISMATCH,Inco718,11292,650,70.4585,252.974,73.808,8198.715436,7174179.059,14.223399,100.5920695,0.210708623,0.493696748,0.349765258,0.156537993,58.75652649,1724254.65,51526.57303,10,sdf_meridian_v0.1
F404_0443,C_Inco718_RPM11292_T650_OR255.27_BR71.4595,443,D:\sdfdata\F404HPT\data\raw\pdf\F404_0443.pdf,D:\sdfdata\F404HPT\data\processed\meridian_samples\F404_0443.npz,D:\sdfdata\F404HPT\data\reports\figures\pdf_contour_overlay\F404_0443.png,vector,FALSE,MULTI_INTERVAL_AT_R;WIDTH_MISMATCH,Inco718,11292,650,71.4595,255.27,74.704,7651.969307,6751305.795,15.32249665,100.592044,0.205772702,0.487256513,0.374841586,0.137901901,55.29319446,1606486.329,48702.68428,10,sdf_meridian_v0.1
F404_0444,C_Inco718_RPM11292_T650_OR245.61_BR72.4085,444,D:\sdfdata\F404HPT\data\raw\pdf\F404_0444.pdf,D:\sdfdata\F404HPT\data\processed\meridian_samples\F404_0444.npz,D:\sdfdata\F404HPT\data\reports\figures\pdf_contour_overlay\F404_0444.png,vector,FALSE,MULTI_INTERVAL_AT_R;WIDTH_MISMATCH,Inco718,11292,650,72.4085,245.61,72.784,7659.481276,6588777.224,15.20346635,100.5920897,0.210361435,0.504205028,0.384826487,0.110968484,53.96208547,1450175.867,45439.37505,10,sdf_meridian_v0.1
F404_0445,C_Inco718_RPM11292_T650_OR249.978_BR66.7405,445,D:\sdfdata\F404HPT\data\raw\pdf\F404_0445.pdf,D:\sdfdata\F404HPT\data\processed\meridian_samples\F404_0445.npz,D:\sdfdata\F404HPT\data\reports\figures\pdf_contour_overlay\F404_0445.png,vector,FALSE,MULTI_INTERVAL_AT_R;WIDTH_MISMATCH,Inco718,11292,650,66.7405,249.978,87.184,8031.212234,6782930.148,15.6880242,100.5921886,0.218671087,0.538571556,0.336819523,0.124608921,55.55219792,1515213.503,45616.10549,10,sdf_meridian_v0.1
F404_0446,C_Inco718_RPM11292_T650_OR255.494_BR67.1565,446,D:\sdfdata\F404HPT\data\raw\pdf\F404_0446.pdf,D:\sdfdata\F404HPT\data\processed\meridian_samples\F404_0446.npz,D:\sdfdata\F404HPT\data\reports\figures\pdf_contour_overlay\F404_0446.png,vector,FALSE,MULTI_INTERVAL_AT_R;WIDTH_MISMATCH,Inco718,11292,650,67.1565,255.494,78.992,8012.865546,6960538.457,12.45540359,100.5921287,0.241037795,0.506991574,0.351263949,0.141744477,57.00680996,1659081.953,60018.68606,10,sdf_meridian_v0.1
F404_0447,C_Inco718_RPM11292_T650_OR257.482_BR68.2095,447,D:\sdfdata\F404HPT\data\raw\pdf\F404_0447.pdf,D:\sdfdata\F404HPT\data\processed\meridian_samples\F404_0447.npz,D:\sdfdata\F404HPT\data\reports\figures\pdf_contour_overlay\F404_0447.png,vector,FALSE,MULTI_INTERVAL_AT_R;WIDTH_MISMATCH,Inco718,11292,650,68.2095,257.482,84.976,8707.306761,7543541.142,15.36705587,105.4809079,0.247699617,0.507424116,0.34996277,0.142613114,61.78160196,1788975.904,49406.71218,10,sdf_meridian_v0.1
F404_0448,C_Inco718_RPM11292_T650_OR251.098_BR71.5635,448,D:\sdfdata\F404HPT\data\raw\pdf\F404_0448.pdf,D:\sdfdata\F404HPT\data\processed\meridian_samples\F404_0448.npz,D:\sdfdata\F404HPT\data\reports\figures\pdf_contour_overlay\F404_0448.png,vector,FALSE,MULTI_INTERVAL_AT_R;WIDTH_MISMATCH,Inco718,11292,650,71.5635,251.098,78.736,7763.164873,6807013.916,14.95776007,100.5920532,0.18441553,0.483821403,0.394703543,0.121475054,55.74944397,1580285.998,48272.83678,10,sdf_meridian_v0.1
F404_0449,C_Inco718_RPM11292_T650_OR256.474_BR69.1715,449,D:\sdfdata\F404HPT\data\raw\pdf\F404_0449.pdf,D:\sdfdata\F404HPT\data\processed\meridian_samples\F404_0449.npz,D:\sdfdata\F404HPT\data\reports\figures\pdf_contour_overlay\F404_0449.png,vector,FALSE,MULTI_INTERVAL_AT_R;WIDTH_MISMATCH,Inco718,11292,650,69.1715,256.474,86.928,8283.532158,7208234.963,13.96389052,100.5921557,0.243341466,0.510947611,0.347309636,0.141742753,59.03544435,1707968.757,53946.48244,10,sdf_meridian_v0.1
F404_0450,C_Inco718_RPM11292_T650_OR252.302_BR70.1075,450,D:\sdfdata\F404HPT\data\raw\pdf\F404_0450.pdf,D:\sdfdata\F404HPT\data\processed\meridian_samples\F404_0450.npz,D:\sdfdata\F404HPT\data\reports\figures\pdf_contour_overlay\F404_0450.png,vector,FALSE,MULTI_INTERVAL_AT_R;WIDTH_MISMATCH,Inco718,11292,650,70.1075,252.302,75.184,8094.419609,6932878.676,14.8649037,100.5920847,0.195147823,0.513247073,0.379720095,0.107032832,56.78027635,1577310.427,49041.32133,10,sdf_meridian_v0.1
F404_0451,C_Inco718_RPM11292_T650_OR257.706_BR66.8835,451,D:\sdfdata\F404HPT\data\raw\pdf\F404_0451.pdf,D:\sdfdata\F404HPT\data\processed\meridian_samples\F404_0451.npz,D:\sdfdata\F404HPT\data\reports\figures\pdf_contour_overlay\F404_0451.png,vector,FALSE,MULTI_INTERVAL_AT_R;WIDTH_MISMATCH,Inco718,11292,650,66.8835,257.706,84.176,8657.267486,7532798.126,13.16769392,100.5921461,0.230010942,0.519379184,0.326738584,0.153882233,61.69361666,1859522.158,57759.3389,10,sdf_meridian_v0.1
F404_0452,C_Inco718_RPM11292_T650_OR246.618_BR68.6125,452,D:\sdfdata\F404HPT\data\raw\pdf\F404_0452.pdf,D:\sdfdata\F404HPT\data\processed\meridian_samples\F404_0452.npz,D:\sdfdata\F404HPT\data\reports\figures\pdf_contour_overlay\F404_0452.png,vector,FALSE,MULTI_INTERVAL_AT_R;WIDTH_MISMATCH,Inco718,11292,650,68.6125,246.618,75.12,8131.109673,6764373.919,15.98468207,100.5920181,0.181967278,0.541871921,0.347440565,0.110687513,55.4002224,1440304.9,43574.09909,10,sdf_meridian_v0.1
F404_0453,C_Inco718_RPM11292_T650_OR249.334_BR72.7335,453,D:\sdfdata\F404HPT\data\raw\pdf\F404_0453.pdf,D:\sdfdata\F404HPT\data\processed\meridian_samples\F404_0453.npz,D:\sdfdata\F404HPT\data\reports\figures\pdf_contour_overlay\F404_0453.png,vector,FALSE,MULTI_INTERVAL_AT_R;WIDTH_MISMATCH,Inco718,11292,650,72.7335,249.334,72.144,7963.861991,6882759.562,13.15310108,100.5922832,0.187294637,0.495793217,0.388932258,0.115274525,56.36980081,1543239.143,54127.46998,10,sdf_meridian_v0.1
F404_0454,C_Inco718_RPM11292_T650_OR247.486_BR67.7155,454,D:\sdfdata\F404HPT\data\raw\pdf\F404_0454.pdf,D:\sdfdata\F404HPT\data\processed\meridian_samples\F404_0454.npz,D:\sdfdata\F404HPT\data\reports\figures\pdf_contour_overlay\F404_0454.png,vector,FALSE,MULTI_INTERVAL_AT_R;WIDTH_MISMATCH,Inco718,11292,650,67.7155,247.486,78.064,7839.427487,6463766.923,12.76696569,100.5920486,0.180325191,0.550492832,0.37078853,0.078718638,52.9382511,1375358.792,54940.98714,10,sdf_meridian_v0.1
F404_0455,C_Inco718_RPM11292_T650_OR245.218_BR67.1955,455,D:\sdfdata\F404HPT\data\raw\pdf\F404_0455.pdf,D:\sdfdata\F404HPT\data\processed\meridian_samples\F404_0455.npz,D:\sdfdata\F404HPT\data\reports\figures\pdf_contour_overlay\F404_0455.png,vector,FALSE,MULTI_INTERVAL_AT_R;WIDTH_MISMATCH,Inco718,11292,650,67.1955,245.218,75.6,8008.708693,6528037.738,16.02410257,100.5920558,0.196010724,0.555024131,0.36218966,0.082786208,53.46462907,1342487.584,42974.79883,10,sdf_meridian_v0.1
F404_0456,C_Inco718_RPM11292_T650_OR252.442_BR67.1435,456,D:\sdfdata\F404HPT\data\raw\pdf\F404_0456.pdf,D:\sdfdata\F404HPT\data\processed\meridian_samples\F404_0456.npz,D:\sdfdata\F404HPT\data\reports\figures\pdf_contour_overlay\F404_0456.png,vector,FALSE,MULTI_INTERVAL_AT_R;WIDTH_MISMATCH,Inco718,11292,650,67.1435,252.442,83.024,8007.805317,6760016.541,16.35050062,100.5920355,0.234354883,0.544992973,0.344031914,0.110975112,55.36453547,1511322.776,44634.94939,10,sdf_meridian_v0.1
F404_0457,C_Inco718_RPM11292_T650_OR247.178_BR72.2915,457,D:\sdfdata\F404HPT\data\raw\pdf\F404_0457.pdf,D:\sdfdata\F404HPT\data\processed\meridian_samples\F404_0457.npz,D:\sdfdata\F404HPT\data\reports\figures\pdf_contour_overlay\F404_0457.png,vector,FALSE,MULTI_INTERVAL_AT_R;WIDTH_MISMATCH,Inco718,11292,650,72.2915,247.178,80.496,7433.979868,6383709.466,14.19905489,97.46364002,0.197546306,0.503746989,0.395396556,0.100856455,52.28258052,1420130.71,49276.86459,10,sdf_meridian_v0.1
F404_0458,C_Inco718_RPM11292_T650_OR255.83_BR70.0815,458,D:\sdfdata\F404HPT\data\raw\pdf\F404_0458.pdf,D:\sdfdata\F404HPT\data\processed\meridian_samples\F404_0458.npz,D:\sdfdata\F404HPT\data\reports\figures\pdf_contour_overlay\F404_0458.png,vector,FALSE,MULTI_INTERVAL_AT_R;WIDTH_MISMATCH,Inco718,11292,650,70.0815,255.83,82.896,7980.62277,6823210.093,11.49842828,100.5921485,0.220888546,0.521369077,0.345637431,0.132993491,55.88209066,1552462.889,65184.95011,10,sdf_meridian_v0.1
F404_0459,C_Inco718_RPM11292_T650_OR256.586_BR70.9265,459,D:\sdfdata\F404HPT\data\raw\pdf\F404_0459.pdf,D:\sdfdata\F404HPT\data\processed\meridian_samples\F404_0459.npz,D:\sdfdata\F404HPT\data\reports\figures\pdf_contour_overlay\F404_0459.png,vector,FALSE,MULTI_INTERVAL_AT_R;WIDTH_MISMATCH,Inco718,11292,650,70.9265,256.586,85.616,8084.096508,7121909.497,14.55970849,100.5920943,0.218937173,0.489049457,0.391616551,0.119333992,58.32843878,1685300.789,51784.06149,10,sdf_meridian_v0.1
F404_0460,C_Inco718_RPM11292_T650_OR247.598_BR66.7015,460,D:\sdfdata\F404HPT\data\raw\pdf\F404_0460.pdf,D:\sdfdata\F404HPT\data\processed\meridian_samples\F404_0460.npz,D:\sdfdata\F404HPT\data\reports\figures\pdf_contour_overlay\F404_0460.png,vector,FALSE,MULTI_INTERVAL_AT_R;WIDTH_MISMATCH,Inco718,11292,650,66.7015,247.598,78.832,8137.166076,6754135.272,15.55121764,100.5922081,0.188916713,0.539052664,0.357834411,0.103112925,55.31636788,1447188.421,45145.32063,10,sdf_meridian_v0.1
F404_0461,C_Inco718_RPM11292_T650_OR247.878_BR72.0055,461,D:\sdfdata\F404HPT\data\raw\pdf\F404_0461.pdf,D:\sdfdata\F404HPT\data\processed\meridian_samples\F404_0461.npz,D:\sdfdata\F404HPT\data\reports\figures\pdf_contour_overlay\F404_0461.png,vector,FALSE,MULTI_INTERVAL_AT_R;WIDTH_MISMATCH,Inco718,11292,650,72.0055,247.878,82.128,7518.040866,6459529.726,14.27910834,98.0131344,0.192936459,0.504534692,0.383996783,0.111468525,52.90354846,1440129.429,49278.5312,10,sdf_meridian_v0.1
F404_0462,C_Inco718_RPM11292_T650_OR255.298_BR70.4065,462,D:\sdfdata\F404HPT\data\raw\pdf\F404_0462.pdf,D:\sdfdata\F404HPT\data\processed\meridian_samples\F404_0462.npz,D:\sdfdata\F404HPT\data\reports\figures\pdf_contour_overlay\F404_0462.png,vector,FALSE,MULTI_INTERVAL_AT_R;WIDTH_MISMATCH,Inco718,11292,650,70.4065,255.298,81.456,8450.874966,7492587.725,13.00091722,100.5920927,0.212350997,0.486411299,0.355403381,0.15818532,61.36429346,1822625.845,57412.13649,10,sdf_meridian_v0.1
F404_0463,C_Inco718_RPM11292_T650_OR250.314_BR68.3525,463,D:\sdfdata\F404HPT\data\raw\pdf\F404_0463.pdf,D:\sdfdata\F404HPT\data\processed\meridian_samples\F404_0463.npz,D:\sdfdata\F404HPT\data\reports\figures\pdf_contour_overlay\F404_0463.png,vector,FALSE,MULTI_INTERVAL_AT_R;WIDTH_MISMATCH,Inco718,11292,650,68.3525,250.314,76.496,8047.626732,6843176.952,14.77347494,101.406513,0.203590915,0.52294353,0.379946643,0.097109827,56.04561924,1530132.905,48570.26772,10,sdf_meridian_v0.1
F404_0464,C_Inco718_RPM11292_T650_OR245.386_BR71.2645,464,D:\sdfdata\F404HPT\data\raw\pdf\F404_0464.pdf,D:\sdfdata\F404HPT\data\processed\meridian_samples\F404_0464.npz,D:\sdfdata\F404HPT\data\reports\figures\pdf_contour_overlay\F404_0464.png,vector,FALSE,MULTI_INTERVAL_AT_R;WIDTH_MISMATCH,Inco718,11292,650,71.2645,245.386,81.136,7495.88978,6266289.761,12.7730681,100.5920641,0.208837041,0.536560996,0.398128804,0.065310201,51.32091314,1313988.822,53986.75345,10,sdf_meridian_v0.1
F404_0465,C_Inco718_RPM11292_T650_OR257.734_BR66.9355,465,D:\sdfdata\F404HPT\data\raw\pdf\F404_0465.pdf,D:\sdfdata\F404HPT\data\processed\meridian_samples\F404_0465.npz,D:\sdfdata\F404HPT\data\reports\figures\pdf_contour_overlay\F404_0465.png,vector,FALSE,MULTI_INTERVAL_AT_R;WIDTH_MISMATCH,Inco718,11292,650,66.9355,257.734,74.864,8313.098851,7436336.425,15.77584437,100.5921402,0.228526377,0.489030023,0.335361521,0.175608456,60.90359532,1898837.646,48220.72008,10,sdf_meridian_v0.1
F404_0466,C_Inco718_RPM11292_T650_OR254.346_BR70.9395,466,D:\sdfdata\F404HPT\data\raw\pdf\F404_0466.pdf,D:\sdfdata\F404HPT\data\processed\meridian_samples\F404_0466.npz,D:\sdfdata\F404HPT\data\reports\figures\pdf_contour_overlay\F404_0466.png,vector,FALSE,MULTI_INTERVAL_AT_R;WIDTH_MISMATCH,Inco718,11292,650,70.9395,254.346,72.304,7794.117662,6877528.006,14.86232127,100.5920057,0.211086488,0.49426822,0.368076976,0.137654804,56.32695437,1666563.728,49847.80688,10,sdf_meridian_v0.1
F404_0467,C_Inco718_RPM11292_T650_OR245.19_BR67.0395,467,D:\sdfdata\F404HPT\data\raw\pdf\F404_0467.pdf,D:\sdfdata\F404HPT\data\processed\meridian_samples\F404_0467.npz,D:\sdfdata\F404HPT\data\reports\figures\pdf_contour_overlay\F404_0467.png,vector,FALSE,MULTI_INTERVAL_AT_R;WIDTH_MISMATCH,Inco718,11292,650,67.0395,245.19,87.568,7714.057987,6427896.222,14.46405942,99.2826559,0.183509934,0.54723636,0.348290026,0.104473614,52.64447006,1384683.532,47599.03923,10,sdf_meridian_v0.1
F404_0468,C_Inco718_RPM11292_T650_OR252.358_BR69.4835,468,D:\sdfdata\F404HPT\data\raw\pdf\F404_0468.pdf,D:\sdfdata\F404HPT\data\processed\meridian_samples\F404_0468.npz,D:\sdfdata\F404HPT\data\reports\figures\pdf_contour_overlay\F404_0468.png,vector,FALSE,MULTI_INTERVAL_AT_R;WIDTH_MISMATCH,Inco718,11292,650,69.4835,252.358,74.096,7945.40369,6878205.91,14.58706289,100.5921933,0.214774097,0.498605237,0.375011248,0.126383515,56.3325064,1584305.344,49997.60198,10,sdf_meridian_v0.1
F404_0469,C_Inco718_RPM11292_T650_OR248.382_BR66.7145,469,D:\sdfdata\F404HPT\data\raw\pdf\F404_0469.pdf,D:\sdfdata\F404HPT\data\processed\meridian_samples\F404_0469.npz,D:\sdfdata\F404HPT\data\reports\figures\pdf_contour_overlay\F404_0469.png,vector,FALSE,MULTI_INTERVAL_AT_R;WIDTH_MISMATCH,Inco718,11292,650,66.7145,248.382,81.392,8401.214366,7038557.73,15.42324257,100.5921124,0.200943173,0.531349089,0.377753351,0.090897561,57.64578781,1538256.755,45808.64304,10,sdf_meridian_v0.1
F404_0470,C_Inco718_RPM11292_T650_OR244.182_BR69.3535,470,D:\sdfdata\F404HPT\data\raw\pdf\F404_0470.pdf,D:\sdfdata\F404HPT\data\processed\meridian_samples\F404_0470.npz,D:\sdfdata\F404HPT\data\reports\figures\pdf_contour_overlay\F404_0470.png,vector,FALSE,MULTI_INTERVAL_AT_R;WIDTH_MISMATCH,Inco718,11292,650,69.3535,244.182,73.552,7767.155074,6387825.199,12.68808327,100.5922865,0.194340114,0.54665962,0.399524376,0.053816004,52.31628838,1302434.296,53816.3389,10,sdf_meridian_v0.1
F404_0471,C_Inco718_RPM11292_T650_OR256.166_BR67.8585,471,D:\sdfdata\F404HPT\data\raw\pdf\F404_0471.pdf,D:\sdfdata\F404HPT\data\processed\meridian_samples\F404_0471.npz,D:\sdfdata\F404HPT\data\reports\figures\pdf_contour_overlay\F404_0471.png,vector,FALSE,MULTI_INTERVAL_AT_R;WIDTH_MISMATCH,Inco718,11292,650,67.8585,256.166,76.368,8380.849681,7139541.82,13.61610806,100.5921213,0.24380986,0.52464146,0.367231638,0.108126901,58.47284751,1676525.941,55191.58432,10,sdf_meridian_v0.1
F404_0472,C_Inco718_RPM11292_T650_OR247.262_BR68.7295,472,D:\sdfdata\F404HPT\data\raw\pdf\F404_0472.pdf,D:\sdfdata\F404HPT\data\processed\meridian_samples\F404_0472.npz,D:\sdfdata\F404HPT\data\reports\figures\pdf_contour_overlay\F404_0472.png,vector,FALSE,MULTI_INTERVAL_AT_R;WIDTH_MISMATCH,Inco718,11292,650,68.7295,247.262,82.608,7747.175261,6544600.811,14.49507404,99.49554317,0.184247084,0.528484686,0.352085008,0.119430306,53.60028064,1436726.457,48303.3436,10,sdf_meridian_v0.1
F404_0473,C_Inco718_RPM11292_T650_OR256.922_BR67.8715,473,D:\sdfdata\F404HPT\data\raw\pdf\F404_0473.pdf,D:\sdfdata\F404HPT\data\processed\meridian_samples\F404_0473.npz,D:\sdfdata\F404HPT\data\reports\figures\pdf_contour_overlay\F404_0473.png,vector,FALSE,MULTI_INTERVAL_AT_R;WIDTH_MISMATCH,Inco718,11292,650,67.8715,256.922,82.544,8686.892929,7502946.746,15.34903166,105.3571881,0.248586136,0.507446343,0.375076654,0.117477004,61.44913385,1771430.87,49249.80133,10,sdf_meridian_v0.1
F404_0474,C_Inco718_RPM11292_T650_OR253.198_BR67.6895,474,D:\sdfdata\F404HPT\data\raw\pdf\F404_0474.pdf,D:\sdfdata\F404HPT\data\processed\meridian_samples\F404_0474.npz,D:\sdfdata\F404HPT\data\reports\figures\pdf_contour_overlay\F404_0474.png,vector,FALSE,MULTI_INTERVAL_AT_R;WIDTH_MISMATCH,Inco718,11292,650,67.6895,253.198,79.76,8364.431629,7146344.376,15.06145628,103.3832438,0.232953109,0.522998978,0.362739434,0.114261588,58.52856044,1622634.423,48745.7159,10,sdf_meridian_v0.1
F404_0475,C_Inco718_RPM11292_T650_OR246.534_BR69.5615,475,D:\sdfdata\F404HPT\data\raw\pdf\F404_0475.pdf,D:\sdfdata\F404HPT\data\processed\meridian_samples\F404_0475.npz,D:\sdfdata\F404HPT\data\reports\figures\pdf_contour_overlay\F404_0475.png,vector,FALSE,MULTI_INTERVAL_AT_R;WIDTH_MISMATCH,Inco718,11292,650,69.5615,246.534,83.344,7623.226799,6335880.237,12.3218351,100.5921802,0.183879744,0.5408728,0.386590455,0.072536745,51.89085914,1340422.672,56488.64125,10,sdf_meridian_v0.1
F404_0476,C_Inco718_RPM11292_T650_OR250.846_BR71.9275,476,D:\sdfdata\F404HPT\data\raw\pdf\F404_0476.pdf,D:\sdfdata\F404HPT\data\processed\meridian_samples\F404_0476.npz,D:\sdfdata\F404HPT\data\reports\figures\pdf_contour_overlay\F404_0476.png,vector,FALSE,MULTI_INTERVAL_AT_R;WIDTH_MISMATCH,Inco718,11292,650,71.9275,250.846,80.4,7836.084221,6831107.314,15.05532096,100.5922232,0.182466248,0.494345,0.411924481,0.093730519,55.9467689,1576042.826,47863.80476,10,sdf_meridian_v0.1
F404_0477,C_Inco718_RPM11292_T650_OR257.398_BR69.0155,477,D:\sdfdata\F404HPT\data\raw\pdf\F404_0477.pdf,D:\sdfdata\F404HPT\data\processed\meridian_samples\F404_0477.npz,D:\sdfdata\F404HPT\data\reports\figures\pdf_contour_overlay\F404_0477.png,vector,FALSE,MULTI_INTERVAL_AT_R;WIDTH_MISMATCH,Inco718,11292,650,69.0155,257.398,84.688,7855.5026,6807071.083,9.222072794,100.5920457,0.243659452,0.518513369,0.353306455,0.128180175,55.74991217,1652859.585,82274.38921,10,sdf_meridian_v0.1
F404_0478,C_Inco718_RPM11292_T650_OR250.65_BR72.6815,478,D:\sdfdata\F404HPT\data\raw\pdf\F404_0478.pdf,D:\sdfdata\F404HPT\data\processed\meridian_samples\F404_0478.npz,D:\sdfdata\F404HPT\data\reports\figures\pdf_contour_overlay\F404_0478.png,vector,FALSE,MULTI_INTERVAL_AT_R;WIDTH_MISMATCH,Inco718,11292,650,72.6815,250.65,83.376,7698.304549,6684431.558,14.44928282,99.18122793,0.183623132,0.484975666,0.410546055,0.104478278,54.74549446,1520077.612,49793.42535,10,sdf_meridian_v0.1
F404_0479,C_Inco718_RPM11292_T650_OR246.17_BR72.9155,479,D:\sdfdata\F404HPT\data\raw\pdf\F404_0479.pdf,D:\sdfdata\F404HPT\data\processed\meridian_samples\F404_0479.npz,D:\sdfdata\F404HPT\data\reports\figures\pdf_contour_overlay\F404_0479.png,vector,FALSE,MULTI_INTERVAL_AT_R;WIDTH_MISMATCH,Inco718,11292,650,72.9155,246.17,82.768,7580.738436,6499414.906,13.30620366,100.5919333,0.205555435,0.513505067,0.368141435,0.118353498,53.23020808,1443786.631,52155.36169,10,sdf_meridian_v0.1
F404_0480,C_Inco718_RPM11292_T650_OR249.81_BR71.1995,480,D:\sdfdata\F404HPT\data\raw\pdf\F404_0480.pdf,D:\sdfdata\F404HPT\data\processed\meridian_samples\F404_0480.npz,D:\sdfdata\F404HPT\data\reports\figures\pdf_contour_overlay\F404_0480.png,vector,FALSE,MULTI_INTERVAL_AT_R;WIDTH_MISMATCH,Inco718,11292,650,71.1995,249.81,83.472,7753.946148,6672056.663,14.50140687,99.5390123,0.184382777,0.504598625,0.380525047,0.114876328,54.64414407,1501234.187,49282.45994,10,sdf_meridian_v0.1
F404_0481,C_Inco718_RPM11292_T650_OR250.566_BR68.6515,481,D:\sdfdata\F404HPT\data\raw\pdf\F404_0481.pdf,D:\sdfdata\F404HPT\data\processed\meridian_samples\F404_0481.npz,D:\sdfdata\F404HPT\data\reports\figures\pdf_contour_overlay\F404_0481.png,vector,FALSE,MULTI_INTERVAL_AT_R;WIDTH_MISMATCH,Inco718,11292,650,68.6515,250.566,86.864,8043.469923,6853878.932,14.76965901,101.38032,0.203335345,0.52294353,0.351489551,0.125566919,56.13326845,1536528.447,48680.68582,10,sdf_meridian_v0.1
F404_0482,C_Inco718_RPM11292_T650_OR248.27_BR67.3905,482,D:\sdfdata\F404HPT\data\raw\pdf\F404_0482.pdf,D:\sdfdata\F404HPT\data\processed\meridian_samples\F404_0482.npz,D:\sdfdata\F404HPT\data\reports\figures\pdf_contour_overlay\F404_0482.png,vector,FALSE,MULTI_INTERVAL_AT_R;WIDTH_MISMATCH,Inco718,11292,650,67.3905,248.27,75.376,8198.507074,6901731.687,14.11447457,100.592171,0.202829053,0.537295383,0.365956895,0.096747722,56.52518252,1515967.954,50011.12793,10,sdf_meridian_v0.1
F404_0483,C_Inco718_RPM11292_T650_OR248.886_BR70.3415,483,D:\sdfdata\F404HPT\data\raw\pdf\F404_0483.pdf,D:\sdfdata\F404HPT\data\processed\meridian_samples\F404_0483.npz,D:\sdfdata\F404HPT\data\reports\figures\pdf_contour_overlay\F404_0483.png,vector,FALSE,MULTI_INTERVAL_AT_R;WIDTH_MISMATCH,Inco718,11292,650,70.3415,248.886,74.256,7745.396102,6615104.715,12.13678146,100.5919934,0.182093265,0.517788872,0.397427248,0.08478388,54.17770762,1479288.752,58449.43007,10,sdf_meridian_v0.1
F404_0484,C_Inco718_RPM11292_T650_OR256.866_BR68.3395,484,D:\sdfdata\F404HPT\data\raw\pdf\F404_0484.pdf,D:\sdfdata\F404HPT\data\processed\meridian_samples\F404_0484.npz,D:\sdfdata\F404HPT\data\reports\figures\pdf_contour_overlay\F404_0484.png,vector,FALSE,MULTI_INTERVAL_AT_R;WIDTH_MISMATCH,Inco718,11292,650,68.3395,256.866,76.432,8450.550735,7261011.367,15.44470586,100.5920813,0.248376376,0.516129032,0.376760412,0.107110556,59.4676831,1712682.08,48923.38302,10,sdf_meridian_v0.1
F404_0485,C_Inco718_RPM11292_T650_OR244.574_BR69.8995,485,D:\sdfdata\F404HPT\data\raw\pdf\F404_0485.pdf,D:\sdfdata\F404HPT\data\processed\meridian_samples\F404_0485.npz,D:\sdfdata\F404HPT\data\reports\figures\pdf_contour_overlay\F404_0485.png,vector,FALSE,MULTI_INTERVAL_AT_R;WIDTH_MISMATCH,Inco718,11292,650,69.8995,244.574,83.312,7518.184348,6333457.024,12.02165206,100.5919747,0.199756483,0.528063887,0.361450157,0.110485957,51.87101302,1363873.894,56982.21088,10,sdf_meridian_v0.1
F404_0486,C_Inco718_RPM11292_T650_OR255.55_BR70.2375,486,D:\sdfdata\F404HPT\data\raw\pdf\F404_0486.pdf,D:\sdfdata\F404HPT\data\processed\meridian_samples\F404_0486.npz,D:\sdfdata\F404HPT\data\reports\figures\pdf_contour_overlay\F404_0486.png,vector,FALSE,MULTI_INTERVAL_AT_R;WIDTH_MISMATCH,Inco718,11292,650,70.2375,255.55,85.488,7726.518682,6778238.201,13.27145119,100.5919752,0.215820225,0.501851939,0.359182334,0.138965727,55.51377086,1625994.555,56352.89518,10,sdf_meridian_v0.1
F404_0487,C_Inco718_RPM11292_T650_OR247.346_BR72.5515,487,D:\sdfdata\F404HPT\data\raw\pdf\F404_0487.pdf,D:\sdfdata\F404HPT\data\processed\meridian_samples\F404_0487.npz,D:\sdfdata\F404HPT\data\reports\figures\pdf_contour_overlay\F404_0487.png,vector,FALSE,MULTI_INTERVAL_AT_R;WIDTH_MISMATCH,Inco718,11292,650,72.5515,247.346,76.944,7816.267962,6707287.029,13.74300455,100.5922098,0.195412464,0.505614541,0.394896666,0.099488793,54.93268077,1477452.727,50981.30749,10,sdf_meridian_v0.1
F404_0489,C_Inco718_RPM11292_T650_OR251.014_BR70.6925,489,D:\sdfdata\F404HPT\data\raw\pdf\F404_0489.pdf,D:\sdfdata\F404HPT\data\processed\meridian_samples\F404_0489.npz,D:\sdfdata\F404HPT\data\reports\figures\pdf_contour_overlay\F404_0489.png,vector,FALSE,MULTI_INTERVAL_AT_R;WIDTH_MISMATCH,Inco718,11292,650,70.6925,251.014,76.88,8003.099637,6940570.396,15.36924383,100.5920271,0.190439226,0.503253605,0.362996834,0.13374956,56.84327154,1602329.341,46948.99118,10,sdf_meridian_v0.1
F404_0490,C_Inco718_RPM11292_T650_OR255.998_BR71.4335,490,D:\sdfdata\F404HPT\data\raw\pdf\F404_0490.pdf,D:\sdfdata\F404HPT\data\processed\meridian_samples\F404_0490.npz,D:\sdfdata\F404HPT\data\reports\figures\pdf_contour_overlay\F404_0490.png,vector,FALSE,MULTI_INTERVAL_AT_R;WIDTH_MISMATCH,Inco718,11292,650,71.4335,255.998,82.448,8279.519798,7250489.945,14.98481281,102.8571559,0.224452827,0.476734367,0.395582419,0.127683214,59.38151265,1696477.041,50084.65647,10,sdf_meridian_v0.1
F404_0491,C_Inco718_RPM11292_T650_OR256.138_BR70.3155,491,D:\sdfdata\F404HPT\data\raw\pdf\F404_0491.pdf,D:\sdfdata\F404HPT\data\processed\meridian_samples\F404_0491.npz,D:\sdfdata\F404HPT\data\reports\figures\pdf_contour_overlay\F404_0491.png,vector,FALSE,MULTI_INTERVAL_AT_R;WIDTH_MISMATCH,Inco718,11292,650,70.3155,256.138,77.616,7781.818661,6745519.692,14.01506736,100.5921034,0.238493186,0.50659927,0.378826172,0.114574558,55.24580628,1570464.164,53608.75427,10,sdf_meridian_v0.1
F404_0492,C_Inco718_RPM11292_T650_OR251.966_BR70.3805,492,D:\sdfdata\F404HPT\data\raw\pdf\F404_0492.pdf,D:\sdfdata\F404HPT\data\processed\meridian_samples\F404_0492.npz,D:\sdfdata\F404HPT\data\reports\figures\pdf_contour_overlay\F404_0492.png,vector,FALSE,MULTI_INTERVAL_AT_R;WIDTH_MISMATCH,Inco718,11292,650,70.3805,251.966,77.392,8119.209025,7129524.823,16.41539131,100.5922216,0.196179804,0.493310013,0.370485352,0.136204635,58.3908083,1686075.164,44291.00346,10,sdf_meridian_v0.1
F404_0493,C_Inco718_RPM11292_T650_OR251.294_BR70.6275,493,D:\sdfdata\F404HPT\data\raw\pdf\F404_0493.pdf,D:\sdfdata\F404HPT\data\processed\meridian_samples\F404_0493.npz,D:\sdfdata\F404HPT\data\reports\figures\pdf_contour_overlay\F404_0493.png,vector,FALSE,MULTI_INTERVAL_AT_R;WIDTH_MISMATCH,Inco718,11292,650,70.6275,251.294,84.752,7843.909242,6676612.47,15.08006762,100.5922144,0.18396779,0.526176127,0.37564091,0.098182963,54.68145613,1499009.659,47956.09659,10,sdf_meridian_v0.1
F404_0494,C_Inco718_RPM11292_T650_OR248.438_BR72.1485,494,D:\sdfdata\F404HPT\data\raw\pdf\F404_0494.pdf,D:\sdfdata\F404HPT\data\processed\meridian_samples\F404_0494.npz,D:\sdfdata\F404HPT\data\reports\figures\pdf_contour_overlay\F404_0494.png,vector,FALSE,MULTI_INTERVAL_AT_R;WIDTH_MISMATCH,Inco718,11292,650,72.1485,248.438,82.288,7553.73422,6504270.09,14.31296462,98.24552705,0.190989214,0.504646176,0.380450322,0.114903503,53.26997204,1455598.944,49384.34839,10,sdf_meridian_v0.1
F404_0495,C_Inco718_RPM11292_T650_OR255.466_BR71.6675,495,D:\sdfdata\F404HPT\data\raw\pdf\F404_0495.pdf,D:\sdfdata\F404HPT\data\processed\meridian_samples\F404_0495.npz,D:\sdfdata\F404HPT\data\reports\figures\pdf_contour_overlay\F404_0495.png,vector,FALSE,MULTI_INTERVAL_AT_R;WIDTH_MISMATCH,Inco718,11292,650,71.6675,255.466,74.32,8448.683778,7552964.949,13.16836794,100.5920409,0.226208551,0.476139843,0.359348418,0.164511739,61.85878293,1866207.709,56756.70048,10,sdf_meridian_v0.1
F404_0496,C_Inco718_RPM11292_T650_OR252.946_BR66.9225,496,D:\sdfdata\F404HPT\data\raw\pdf\F404_0496.pdf,D:\sdfdata\F404HPT\data\processed\meridian_samples\F404_0496.npz,D:\sdfdata\F404HPT\data\reports\figures\pdf_contour_overlay\F404_0496.png,vector,FALSE,MULTI_INTERVAL_AT_R;WIDTH_MISMATCH,Inco718,11292,650,66.9225,252.946,81.552,8084.987661,6777686.201,14.34827258,100.5920583,0.235642758,0.537906463,0.358634375,0.103459162,55.50924998,1501169.091,51066.82888,10,sdf_meridian_v0.1
F404_0497,C_Inco718_RPM11292_T650_OR257.174_BR67.0785,497,D:\sdfdata\F404HPT\data\raw\pdf\F404_0497.pdf,D:\sdfdata\F404HPT\data\processed\meridian_samples\F404_0497.npz,D:\sdfdata\F404HPT\data\reports\figures\pdf_contour_overlay\F404_0497.png,vector,FALSE,MULTI_INTERVAL_AT_R;WIDTH_MISMATCH,Inco718,11292,650,67.0785,257.174,77.328,8498.747301,7230805.987,13.25827296,100.5921859,0.242637856,0.533797518,0.360679843,0.10552264,59.22030103,1694981.515,57128.13418,10,sdf_meridian_v0.1
F404_0498,C_Inco718_RPM11292_T650_OR254.57_BR68.0015,498,D:\sdfdata\F404HPT\data\raw\pdf\F404_0498.pdf,D:\sdfdata\F404HPT\data\processed\meridian_samples\F404_0498.npz,D:\sdfdata\F404HPT\data\reports\figures\pdf_contour_overlay\F404_0498.png,vector,FALSE,MULTI_INTERVAL_AT_R;WIDTH_MISMATCH,Inco718,11292,650,68.0015,254.57,86.448,8460.293852,7265573.748,15.1475178,103.9739781,0.246619948,0.516183532,0.372843678,0.11097279,59.505049,1662221.899,48995.46123,10,sdf_meridian_v0.1
F404_0499,C_Inco718_RPM11292_T650_OR257.146_BR71.8365,499,D:\sdfdata\F404HPT\data\raw\pdf\F404_0499.pdf,D:\sdfdata\F404HPT\data\processed\meridian_samples\F404_0499.npz,D:\sdfdata\F404HPT\data\reports\figures\pdf_contour_overlay\F404_0499.png,vector,FALSE,MULTI_INTERVAL_AT_R;WIDTH_MISMATCH,Inco718,11292,650,71.8365,257.146,75.056,8346.495748,7344658.162,15.04529944,103.2723418,0.230624767,0.476757622,0.402230913,0.121011466,60.15275035,1732668.46,50331.69857,10,sdf_meridian_v0.1
F404_0500,C_Inco718_RPM11292_T650_OR250.146_BR66.9745,500,D:\sdfdata\F404HPT\data\raw\pdf\F404_0500.pdf,D:\sdfdata\F404HPT\data\processed\meridian_samples\F404_0500.npz,D:\sdfdata\F404HPT\data\reports\figures\pdf_contour_overlay\F404_0500.png,vector,FALSE,MULTI_INTERVAL_AT_R;WIDTH_MISMATCH,Inco718,11292,650,66.9745,250.146,77.776,8155.012138,6886705.473,14.87171498,102.0808418,0.214837279,0.536071476,0.349602169,0.114326355,56.40211782,1531279.775,48184.67659,10,sdf_meridian_v0.1
