sample_id,npz_file,source_file,passed_quality,num_raw_points,num_resampled_points,t_max,x_tmax,camber_max,x_camber_max,te_gap
2032c,2032c.npz,/home/vipuser/Meri-FID-Gate-Airfoil/data/airfoil/raw/uiuc/coord_seligFmt/coord_seligFmt/2032c.dat,True,35,257,0.07956142271016972,0.19724447929783723,0.06933933293571168,0.39644431190389073,0.0032
30p-30n-flap,30p-30n-flap.npz,/home/vipuser/Meri-FID-Gate-Airfoil/data/airfoil/raw/uiuc/coord_seligFmt/coord_seligFmt/30p-30n-flap.dat,True,242,257,0.17785630595788787,0.21209590429107733,0.08453814893765803,0.4632177182001663,0.02599247721522291
30p-30n-main,30p-30n-main.npz,/home/vipuser/Meri-FID-Gate-Airfoil/data/airfoil/raw/uiuc/coord_seligFmt/coord_seligFmt/30p-30n-main.dat,True,221,257,0.1391392227793536,0.4327096457464369,0.0248458547755252,0.7978496522462166,0.0
30p-30n-slat,30p-30n-slat.npz,/home/vipuser/Meri-FID-Gate-Airfoil/data/airfoil/raw/uiuc/coord_seligFmt/coord_seligFmt/30p-30n-slat.dat,False,201,257,0.7058946516637259,0.5184036114706795,0.24676659307990667,0.5184036114706795,0.0
30p-30n,30p-30n.npz,/home/vipuser/Meri-FID-Gate-Airfoil/data/airfoil/raw/uiuc/coord_seligFmt/coord_seligFmt/30p-30n.dat,False,664,257,0.05895507170523441,0.5306603681511043,0.11844806085245099,0.5306603681511043,-0.08897052499983378
a18,a18.npz,/home/vipuser/Meri-FID-Gate-Airfoil/data/airfoil/raw/uiuc/coord_seligFmt/coord_seligFmt/a18.dat,True,41,257,0.07340492469955709,0.29737934299750507,0.038720229878359026,0.4509914298352196,0.00614
a18sm,a18sm.npz,/home/vipuser/Meri-FID-Gate-Airfoil/data/airfoil/raw/uiuc/coord_seligFmt/coord_seligFmt/a18sm.dat,True,79,257,0.07281819267918566,0.26973064452088,0.038411779952503014,0.48772938573854385,0.00613
a63a108c,a63a108c.npz,/home/vipuser/Meri-FID-Gate-Airfoil/data/airfoil/raw/uiuc/coord_seligFmt/coord_seligFmt/a63a108c.dat,True,99,257,0.07733017373220147,0.3030039799694759,0.0048571977380832115,0.12543180273827031,0.007
ag03,ag03.npz,/home/vipuser/Meri-FID-Gate-Airfoil/data/airfoil/raw/uiuc/coord_seligFmt/coord_seligFmt/ag03.dat,True,180,257,0.062367193360828806,0.2535509038851079,0.02032601783317531,0.3200524817325059,0.00121000363001089
ag04,ag04.npz,/home/vipuser/Meri-FID-Gate-Airfoil/data/airfoil/raw/uiuc/coord_seligFmt/coord_seligFmt/ag04.dat,True,180,257,0.06422785403176225,0.22221488349019886,0.01729415280469221,0.40245483899193585,0.00134002201636129
ag08,ag08.npz,/home/vipuser/Meri-FID-Gate-Airfoil/data/airfoil/raw/uiuc/coord_seligFmt/coord_seligFmt/ag08.dat,True,180,257,0.05829521000267471,0.20710107127178057,0.017876071463630634,0.39644431190389073,0.0015989973655
ag09,ag09.npz,/home/vipuser/Meri-FID-Gate-Airfoil/data/airfoil/raw/uiuc/coord_seligFmt/coord_seligFmt/ag09.dat,True,180,257,0.04862759639215085,0.17341357852311162,0.01859616046203332,0.3373448539188685,0.0019530002837255772
ag10,ag10.npz,/home/vipuser/Meri-FID-Gate-Airfoil/data/airfoil/raw/uiuc/coord_seligFmt/coord_seligFmt/ag10.dat,True,180,257,0.04726925932142209,0.15969950110227343,0.016830978925067543,0.3431591298005542,0.003616812887804594
ag11,ag11.npz,/home/vipuser/Meri-FID-Gate-Airfoil/data/airfoil/raw/uiuc/coord_seligFmt/coord_seligFmt/ag11.dat,True,183,257,0.05812314242146449,0.25890811396043856,0.02277568009023968,0.29737934299750507,0.0023210294431265585
ag12,ag12.npz,/home/vipuser/Meri-FID-Gate-Airfoil/data/airfoil/raw/uiuc/coord_seligFmt/coord_seligFmt/ag12.dat,True,160,257,0.06235671671098489,0.21713409460819338,0.018491665508130112,0.42663476277231915,0.000942
ag13,ag13.npz,/home/vipuser/Meri-FID-Gate-Airfoil/data/airfoil/raw/uiuc/coord_seligFmt/coord_seligFmt/ag13.dat,True,160,257,0.058340221392140526,0.21209590429107733,0.019716730787827867,0.4205709283330693,0.000948
ag14,ag14.npz,/home/vipuser/Meri-FID-Gate-Airfoil/data/airfoil/raw/uiuc/coord_seligFmt/coord_seligFmt/ag14.dat,True,160,257,0.05369472009989799,0.19724447929783723,0.020977498583849334,0.4084800560224295,0.0009560009560009561
ag16,ag16.npz,/home/vipuser/Meri-FID-Gate-Airfoil/data/airfoil/raw/uiuc/coord_seligFmt/coord_seligFmt/ag16.dat,True,160,257,0.07113957930854353,0.23250119005645137,0.019122085511316556,0.46933963184889566,0.000928990046018979
ag17,ag17.npz,/home/vipuser/Meri-FID-Gate-Airfoil/data/airfoil/raw/uiuc/coord_seligFmt/coord_seligFmt/ag17.dat,True,160,257,0.06487365861929462,0.22221488349019886,0.02055009201740269,0.45710134382778006,0.0009389862310951276
ag18,ag18.npz,/home/vipuser/Meri-FID-Gate-Airfoil/data/airfoil/raw/uiuc/coord_seligFmt/coord_seligFmt/ag18.dat,True,160,257,0.05867200421926666,0.20710107127178057,0.021999416439013035,0.4448888963530584,0.0009479829421923579
ag19,ag19.npz,/home/vipuser/Meri-FID-Gate-Airfoil/data/airfoil/raw/uiuc/coord_seligFmt/coord_seligFmt/ag19.dat,True,160,257,0.054021988062451266,0.19724447929783723,0.02307764224258349,0.42663476277231915,0.000953983466184728
ag23,ag23.npz,/home/vipuser/Meri-FID-Gate-Airfoil/data/airfoil/raw/uiuc/coord_seligFmt/coord_seligFmt/ag23.dat,True,160,257,0.08899049881369524,0.2751943351726967,0.02184854187562235,0.4509914298352196,0.0009884482382782795
ag24,ag24.npz,/home/vipuser/Meri-FID-Gate-Airfoil/data/airfoil/raw/uiuc/coord_seligFmt/coord_seligFmt/ag24.dat,True,160,257,0.08413527500631529,0.2643016315870011,0.02235359652921915,0.45710134382778006,0.0009710009710009711
ag25,ag25.npz,/home/vipuser/Meri-FID-Gate-Airfoil/data/airfoil/raw/uiuc/coord_seligFmt/coord_seligFmt/ag25.dat,True,160,257,0.07582263225076805,0.2482308081371412,0.024203619876584693,0.4509914298352196,0.0009630000000000001
ag26,ag26.npz,/home/vipuser/Meri-FID-Gate-Airfoil/data/airfoil/raw/uiuc/coord_seligFmt/coord_seligFmt/ag26.dat,True,160,257,0.06844045413158001,0.23250119005645137,0.02567925184130781,0.4387946624003919,0.0009990019980039959
ag27,ag27.npz,/home/vipuser/Meri-FID-Gate-Airfoil/data/airfoil/raw/uiuc/coord_seligFmt/coord_seligFmt/ag27.dat,True,160,257,0.06113083761210599,0.22221488349019886,0.02689550252710231,0.4387946624003919,0.0010350207004140083
ag35,ag35.npz,/home/vipuser/Meri-FID-Gate-Airfoil/data/airfoil/raw/uiuc/coord_seligFmt/coord_seligFmt/ag35.dat,True,180,257,0.08722353058364618,0.28069188073073614,0.02386750803466995,0.3666436212625508,0.002489920832839178
ag36,ag36.npz,/home/vipuser/Meri-FID-Gate-Airfoil/data/airfoil/raw/uiuc/coord_seligFmt/coord_seligFmt/ag36.dat,True,180,257,0.08174981089903449,0.2751943351726967,0.022510636930216252,0.3666436212625508,0.0026700669085745147
ag37,ag37.npz,/home/vipuser/Meri-FID-Gate-Airfoil/data/airfoil/raw/uiuc/coord_seligFmt/coord_seligFmt/ag37.dat,True,180,257,0.07740211166071191,0.2643016315870011,0.022126275095957687,0.35485766137276886,0.0035080175400877002
ag38,ag38.npz,/home/vipuser/Meri-FID-Gate-Airfoil/data/airfoil/raw/uiuc/coord_seligFmt/coord_seligFmt/ag38.dat,True,180,257,0.07039606941748315,0.28069188073073614,0.02094833902856491,0.35485766137276886,0.004703024934567875
ag44ct02r,ag44ct02r.npz,/home/vipuser/Meri-FID-Gate-Airfoil/data/airfoil/raw/uiuc/coord_seligFmt/coord_seligFmt/ag44ct02r.dat,True,170,257,0.07289152149070366,0.2482308081371412,0.01963736027875692,0.33155507330389,0.0005340053400534005
ag455ct02r,ag455ct02r.npz,/home/vipuser/Meri-FID-Gate-Airfoil/data/airfoil/raw/uiuc/coord_seligFmt/coord_seligFmt/ag455ct02r.dat,True,170,257,0.0647400272692409,0.22221488349019886,0.018589268174981174,0.3200524817325059,0.000844010972142638
ag45c03,ag45c03.npz,/home/vipuser/Meri-FID-Gate-Airfoil/data/airfoil/raw/uiuc/coord_seligFmt/coord_seligFmt/ag45c03.dat,True,169,257,0.06929471915804114,0.23250119005645137,0.020668124810064005,0.3086582838174551,0.0008940913813238818
ag45ct02r,ag45ct02r.npz,/home/vipuser/Meri-FID-Gate-Airfoil/data/airfoil/raw/uiuc/coord_seligFmt/coord_seligFmt/ag45ct02r.dat,True,170,257,0.0689520837389609,0.23770515866076558,0.018761461099599717,0.3200524817325059,0.0006220074640895691
ag46c03,ag46c03.npz,/home/vipuser/Meri-FID-Gate-Airfoil/data/airfoil/raw/uiuc/coord_seligFmt/coord_seligFmt/ag46c03.dat,True,172,257,0.060260197539138055,0.23250119005645137,0.017425495820421515,0.3143414030240812,0.0007940068117094547
ag46ct02r,ag46ct02r.npz,/home/vipuser/Meri-FID-Gate-Airfoil/data/airfoil/raw/uiuc/coord_seligFmt/coord_seligFmt/ag46ct02r.dat,True,171,257,0.06083395372134351,0.23250119005645137,0.017166439723574213,0.3200524817325059,0.0007930095161141934
ag47c03,ag47c03.npz,/home/vipuser/Meri-FID-Gate-Airfoil/data/airfoil/raw/uiuc/coord_seligFmt/coord_seligFmt/ag47c03.dat,True,169,257,0.050606059645087416,0.22221488349019886,0.013868592171668939,0.3200524817325059,0.000692915169546211
ag47ct02r,ag47ct02r.npz,/home/vipuser/Meri-FID-Gate-Airfoil/data/airfoil/raw/uiuc/coord_seligFmt/coord_seligFmt/ag47ct02r.dat,True,171,257,0.04991363088296194,0.22221488349019886,0.013366064899046029,0.3200524817325059,0.0006930117812002803
ag52,ag52.npz,/home/vipuser/Meri-FID-Gate-Airfoil/data/airfoil/raw/uiuc/coord_seligFmt/coord_seligFmt/ag52.dat,True,161,257,0.08350827921906012,0.28069188073073614,0.017641676075034095,0.4084800560224295,0.000396
ag53,ag53.npz,/home/vipuser/Meri-FID-Gate-Airfoil/data/airfoil/raw/uiuc/coord_seligFmt/coord_seligFmt/ag53.dat,True,161,257,0.08077567632326682,0.28069188073073614,0.01796450039320429,0.39644431190389073,0.000496
ag54,ag54.npz,/home/vipuser/Meri-FID-Gate-Airfoil/data/airfoil/raw/uiuc/coord_seligFmt/coord_seligFmt/ag54.dat,True,164,257,0.07532419104121493,0.25890811396043856,0.01867555211996967,0.38447094585966435,0.000694
ag55,ag55.npz,/home/vipuser/Meri-FID-Gate-Airfoil/data/airfoil/raw/uiuc/coord_seligFmt/coord_seligFmt/ag55.dat,True,165,257,0.065661177308292,0.2482308081371412,0.019802998132347722,0.3666436212625508,0.000992001984003968
ah21-7,ah21-7.npz,/home/vipuser/Meri-FID-Gate-Airfoil/data/airfoil/raw/uiuc/coord_seligFmt/coord_seligFmt/ah21-7.dat,True,61,257,0.08976836156192236,0.3489970253403859,0.02259259418123849,0.5490085701647803,0.0
ah21-9,ah21-9.npz,/home/vipuser/Meri-FID-Gate-Airfoil/data/airfoil/raw/uiuc/coord_seligFmt/coord_seligFmt/ah21-9.dat,True,61,257,0.06999867410308595,0.3489970253403859,0.01761704706917163,0.5490085701647803,0.0
ah63k127,ah63k127.npz,/home/vipuser/Meri-FID-Gate-Airfoil/data/airfoil/raw/uiuc/coord_seligFmt/coord_seligFmt/ah63k127.dat,True,97,257,0.1270699385572408,0.40245483899193585,0.037639415039802414,0.4387946624003919,0.0
ah6407,ah6407.npz,/home/vipuser/Meri-FID-Gate-Airfoil/data/airfoil/raw/uiuc/coord_seligFmt/coord_seligFmt/ah6407.dat,True,31,257,0.06849050989189187,0.19724447929783723,0.05528123157137364,0.40245483899193585,0.007
ah7476,ah7476.npz,/home/vipuser/Meri-FID-Gate-Airfoil/data/airfoil/raw/uiuc/coord_seligFmt/coord_seligFmt/ah7476.dat,True,31,257,0.05901474895216778,0.20215034775378327,0.061989988245776256,0.49999999999999994,0.007
ah79100a,ah79100a.npz,/home/vipuser/Meri-FID-Gate-Airfoil/data/airfoil/raw/uiuc/coord_seligFmt/coord_seligFmt/ah79100a.dat,True,97,257,0.09997479627182544,0.28069188073073614,0.03644750942112998,0.5612053375996081,0.0
ah79100b,ah79100b.npz,/home/vipuser/Meri-FID-Gate-Airfoil/data/airfoil/raw/uiuc/coord_seligFmt/coord_seligFmt/ah79100b.dat,True,97,257,0.10036997581219233,0.3086582838174551,0.064195,0.49999999999999994,0.0
ah79100c,ah79100c.npz,/home/vipuser/Meri-FID-Gate-Airfoil/data/airfoil/raw/uiuc/coord_seligFmt/coord_seligFmt/ah79100c.dat,True,97,257,0.09942998041939378,0.3086582838174551,0.06700500000000001,0.49999999999999994,0.0
ah79k132,ah79k132.npz,/home/vipuser/Meri-FID-Gate-Airfoil/data/airfoil/raw/uiuc/coord_seligFmt/coord_seligFmt/ah79k132.dat,True,97,257,0.13199994605026025,0.40245483899193585,0.036799967030714587,0.40245483899193585,0.0
ah79k135,ah79k135.npz,/home/vipuser/Meri-FID-Gate-Airfoil/data/airfoil/raw/uiuc/coord_seligFmt/coord_seligFmt/ah79k135.dat,True,97,257,0.13486991158237094,0.40245483899193585,0.03052498876047089,0.40245483899193585,0.0
ah79k143,ah79k143.npz,/home/vipuser/Meri-FID-Gate-Airfoil/data/airfoil/raw/uiuc/coord_seligFmt/coord_seligFmt/ah79k143.dat,True,97,257,0.14273999700279222,0.40245483899193585,0.028679977520941764,0.40245483899193585,0.0
ah80129,ah80129.npz,/home/vipuser/Meri-FID-Gate-Airfoil/data/airfoil/raw/uiuc/coord_seligFmt/coord_seligFmt/ah80129.dat,True,97,257,0.12864995654048741,0.40245483899193585,0.04063591288242547,0.4327096457464369,0.0
ah80136,ah80136.npz,/home/vipuser/Meri-FID-Gate-Airfoil/data/airfoil/raw/uiuc/coord_seligFmt/coord_seligFmt/ah80136.dat,True,97,257,0.13547637162957327,0.3431591298005542,0.033810589594817184,0.3373448539188685,0.0017499999999999998
ah80140,ah80140.npz,/home/vipuser/Meri-FID-Gate-Airfoil/data/airfoil/raw/uiuc/coord_seligFmt/coord_seligFmt/ah80140.dat,True,97,257,0.13962996832548993,0.3086582838174551,0.04358135636531894,0.3373448539188685,0.0
ah81131,ah81131.npz,/home/vipuser/Meri-FID-Gate-Airfoil/data/airfoil/raw/uiuc/coord_seligFmt/coord_seligFmt/ah81131.dat,True,97,257,0.13051998051814953,0.40245483899193585,0.027883415564293967,0.40245483899193585,0.0
ah81k144,ah81k144.npz,/home/vipuser/Meri-FID-Gate-Airfoil/data/airfoil/raw/uiuc/coord_seligFmt/coord_seligFmt/ah81k144.dat,True,97,257,0.1446299400558447,0.40245483899193585,0.04216137546752787,0.4632177182001663,0.0
ah81k144wfKlappe,ah81k144wfKlappe.npz,/home/vipuser/Meri-FID-Gate-Airfoil/data/airfoil/raw/uiuc/coord_seligFmt/coord_seligFmt/ah81k144wfKlappe.dat,True,97,257,0.22001199320528989,0.17341357852311162,0.010644474097329264,0.10208154769555822,0.0
ah82150a,ah82150a.npz,/home/vipuser/Meri-FID-Gate-Airfoil/data/airfoil/raw/uiuc/coord_seligFmt/coord_seligFmt/ah82150a.dat,True,97,257,0.14998999250698059,0.40245483899193585,0.03280905681902126,0.4327096457464369,0.0
ah82150f,ah82150f.npz,/home/vipuser/Meri-FID-Gate-Airfoil/data/airfoil/raw/uiuc/coord_seligFmt/coord_seligFmt/ah82150f.dat,True,97,257,0.1499538112373449,0.4387946624003919,0.03635185048166495,0.4632177182001663,0.0
ah83150q,ah83150q.npz,/home/vipuser/Meri-FID-Gate-Airfoil/data/airfoil/raw/uiuc/coord_seligFmt/coord_seligFmt/ah83150q.dat,True,97,257,0.1500298396493846,0.40245483899193585,0.04131382954690541,0.37256717019774266,0.0
ah83159,ah83159.npz,/home/vipuser/Meri-FID-Gate-Airfoil/data/airfoil/raw/uiuc/coord_seligFmt/coord_seligFmt/ah83159.dat,True,97,257,0.15942,0.40245483899193585,0.03844999850139612,0.40245483899193585,0.0
ah85l120,ah85l120.npz,/home/vipuser/Meri-FID-Gate-Airfoil/data/airfoil/raw/uiuc/coord_seligFmt/coord_seligFmt/ah85l120.dat,True,97,257,0.1210710757833187,0.4327096457464369,0.0,0.0,0.0
ah88k130,ah88k130.npz,/home/vipuser/Meri-FID-Gate-Airfoil/data/airfoil/raw/uiuc/coord_seligFmt/coord_seligFmt/ah88k130.dat,True,97,257,0.12997260363242977,0.4387946624003919,0.039394074464047545,0.46933963184889566,0.0
ah88k136,ah88k136.npz,/home/vipuser/Meri-FID-Gate-Airfoil/data/airfoil/raw/uiuc/coord_seligFmt/coord_seligFmt/ah88k136.dat,True,120,257,0.13543909286397135,0.4448888963530584,0.030378992652423182,0.4084800560224295,0.0
ah93156,ah93156.npz,/home/vipuser/Meri-FID-Gate-Airfoil/data/airfoil/raw/uiuc/coord_seligFmt/coord_seligFmt/ah93156.dat,True,120,257,0.15663939836390184,0.39644431190389073,0.03885640643662289,0.4145190556198493,0.0
ah93157,ah93157.npz,/home/vipuser/Meri-FID-Gate-Airfoil/data/airfoil/raw/uiuc/coord_seligFmt/coord_seligFmt/ah93157.dat,True,120,257,0.1568553995555476,0.40245483899193585,0.03724348355447796,0.40245483899193585,0.0
ah93k130,ah93k130.npz,/home/vipuser/Meri-FID-Gate-Airfoil/data/airfoil/raw/uiuc/coord_seligFmt/coord_seligFmt/ah93k130.dat,True,120,257,0.1305303881940828,0.4205709283330693,0.03588955653583277,0.40245483899193585,0.0007200072000720007
ah93k131,ah93k131.npz,/home/vipuser/Meri-FID-Gate-Airfoil/data/airfoil/raw/uiuc/coord_seligFmt/coord_seligFmt/ah93k131.dat,True,120,257,0.1309542007249032,0.4145190556198493,0.03600925104827098,0.4084800560224295,0.00069
ah93k132,ah93k132.npz,/home/vipuser/Meri-FID-Gate-Airfoil/data/airfoil/raw/uiuc/coord_seligFmt/coord_seligFmt/ah93k132.dat,True,120,257,0.1322742069966112,0.4145190556198493,0.035071401139122535,0.4145190556198493,0.0008500000000000001
ah93w145,ah93w145.npz,/home/vipuser/Meri-FID-Gate-Airfoil/data/airfoil/raw/uiuc/coord_seligFmt/coord_seligFmt/ah93w145.dat,True,97,257,0.14477248912691607,0.3373448539188685,0.038998754372958855,0.37256717019774266,0.00195
ah93w174,ah93w174.npz,/home/vipuser/Meri-FID-Gate-Airfoil/data/airfoil/raw/uiuc/coord_seligFmt/coord_seligFmt/ah93w174.dat,True,97,257,0.17425420030959232,0.3373448539188685,0.039278792005388107,0.37256717019774266,0.0
ah93w215,ah93w215.npz,/home/vipuser/Meri-FID-Gate-Airfoil/data/airfoil/raw/uiuc/coord_seligFmt/coord_seligFmt/ah93w215.dat,True,97,257,0.21216903260680098,0.3373448539188685,0.030865100492731744,0.40245483899193585,0.0
ah93w257,ah93w257.npz,/home/vipuser/Meri-FID-Gate-Airfoil/data/airfoil/raw/uiuc/coord_seligFmt/coord_seligFmt/ah93w257.dat,True,97,257,0.2567398686947583,0.3086582838174551,0.02063556949053967,0.777785116509801,0.007730000000000001
ah93w300,ah93w300.npz,/home/vipuser/Meri-FID-Gate-Airfoil/data/airfoil/raw/uiuc/coord_seligFmt/coord_seligFmt/ah93w300.dat,True,97,257,0.29981971407244484,0.28069188073073614,0.0161877551747891,0.7248056648273034,0.014090000000000002
ah93w480b,ah93w480b.npz,/home/vipuser/Meri-FID-Gate-Airfoil/data/airfoil/raw/uiuc/coord_seligFmt/coord_seligFmt/ah93w480b.dat,False,113,257,0.47837025085863566,0.42663476277231915,0.036413959918961084,0.4632177182001663,0.23392000000000002
ah94145,ah94145.npz,/home/vipuser/Meri-FID-Gate-Airfoil/data/airfoil/raw/uiuc/coord_seligFmt/coord_seligFmt/ah94145.dat,True,120,257,0.14566196887512584,0.38447094585966435,0.05591018733077917,0.4448888963530584,0.0019600958832428675
ah94156,ah94156.npz,/home/vipuser/Meri-FID-Gate-Airfoil/data/airfoil/raw/uiuc/coord_seligFmt/coord_seligFmt/ah94156.dat,True,120,257,0.156070115287701,0.40245483899193585,0.03739684448689598,0.4145190556198493,0.0
ah94w301,ah94w301.npz,/home/vipuser/Meri-FID-Gate-Airfoil/data/airfoil/raw/uiuc/coord_seligFmt/coord_seligFmt/ah94w301.dat,True,97,257,0.30099993895458066,0.3086582838174551,0.013542665903069018,0.08426519384872738,0.01584
ah95160,ah95160.npz,/home/vipuser/Meri-FID-Gate-Airfoil/data/airfoil/raw/uiuc/coord_seligFmt/coord_seligFmt/ah95160.dat,True,120,257,0.15992505990221875,0.38447094585966435,0.055885071572717604,0.4448888963530584,0.002159999913634549
ames01,ames01.npz,/home/vipuser/Meri-FID-Gate-Airfoil/data/airfoil/raw/uiuc/coord_seligFmt/coord_seligFmt/ames01.dat,True,81,257,0.10274979940506807,0.3489970253403859,0.014103480808549042,0.15081187529551354,0.0059900000000000005
ames02,ames02.npz,/home/vipuser/Meri-FID-Gate-Airfoil/data/airfoil/raw/uiuc/coord_seligFmt/coord_seligFmt/ames02.dat,True,99,257,0.07733199349340328,0.3030039799694759,0.004857697738083214,0.12543180273827031,0.007
ames03,ames03.npz,/home/vipuser/Meri-FID-Gate-Airfoil/data/airfoil/raw/uiuc/coord_seligFmt/coord_seligFmt/ames03.dat,True,99,257,0.09998581996340458,0.378509910048368,0.012244192588455466,0.17341357852311162,0.006
amsoil1,amsoil1.npz,/home/vipuser/Meri-FID-Gate-Airfoil/data/airfoil/raw/uiuc/coord_seligFmt/coord_seligFmt/amsoil1.dat,True,75,257,0.11623775310039217,0.39044937992156514,0.020793477524445145,0.4205709283330693,0.00442
amsoil2,amsoil2.npz,/home/vipuser/Meri-FID-Gate-Airfoil/data/airfoil/raw/uiuc/coord_seligFmt/coord_seligFmt/amsoil2.dat,True,75,257,0.1176174338962184,0.39044937992156514,0.009695000000000006,0.49386423085714004,0.00448
apex16,apex16.npz,/home/vipuser/Meri-FID-Gate-Airfoil/data/airfoil/raw/uiuc/coord_seligFmt/coord_seligFmt/apex16.dat,True,35,257,0.12918303418962696,0.37256717019774266,0.02667225438939317,0.5733652372276808,0.0
apex16_NASA_CR-201062,apex16_NASA_CR-201062.npz,/home/vipuser/Meri-FID-Gate-Airfoil/data/airfoil/raw/uiuc/coord_seligFmt/coord_seligFmt/apex16_NASA_CR-201062.dat,True,140,257,0.13109092601892053,0.37256717019774266,0.026555131576476307,0.5915199439775705,0.004139100653447243
aquilasm,aquilasm.npz,/home/vipuser/Meri-FID-Gate-Airfoil/data/airfoil/raw/uiuc/coord_seligFmt/coord_seligFmt/aquilasm.dat,True,69,257,0.09383270846659489,0.3143414030240812,0.04045631432342589,0.3431591298005542,0.0
arad10,arad10.npz,/home/vipuser/Meri-FID-Gate-Airfoil/data/airfoil/raw/uiuc/coord_seligFmt/coord_seligFmt/arad10.dat,True,51,257,0.09999196786894261,0.2482308081371412,0.03988284748773092,0.35485766137276886,0.015
arad13,arad13.npz,/home/vipuser/Meri-FID-Gate-Airfoil/data/airfoil/raw/uiuc/coord_seligFmt/coord_seligFmt/arad13.dat,True,51,257,0.1299652176879762,0.2482308081371412,0.03609601683657765,0.3030039799694759,0.018
arad20,arad20.npz,/home/vipuser/Meri-FID-Gate-Airfoil/data/airfoil/raw/uiuc/coord_seligFmt/coord_seligFmt/arad20.dat,True,51,257,0.19992528898225737,0.2535509038851079,0.03749808927278812,0.2482308081371412,0.025
arad6,arad6.npz,/home/vipuser/Meri-FID-Gate-Airfoil/data/airfoil/raw/uiuc/coord_seligFmt/coord_seligFmt/arad6.dat,True,51,257,0.060228721337736914,0.20215034775378327,0.0500915334418889,0.4509914298352196,0.011
as5045,as5045.npz,/home/vipuser/Meri-FID-Gate-Airfoil/data/airfoil/raw/uiuc/coord_seligFmt/coord_seligFmt/as5045.dat,True,81,257,0.14997308124724784,0.37256717019774266,0.010150161518142756,0.24294862790338917,0.0025
as5046,as5046.npz,/home/vipuser/Meri-FID-Gate-Airfoil/data/airfoil/raw/uiuc/coord_seligFmt/coord_seligFmt/as5046.dat,True,81,257,0.15997513296866367,0.37256717019774266,0.010075993475204083,0.21209590429107733,0.0026800804024120725
as5048,as5048.npz,/home/vipuser/Meri-FID-Gate-Airfoil/data/airfoil/raw/uiuc/coord_seligFmt/coord_seligFmt/as5048.dat,True,81,257,0.17985057855172348,0.38447094585966435,0.010211936153696567,0.28069188073073614,0.0029904186586122055
as6091,as6091.npz,/home/vipuser/Meri-FID-Gate-Airfoil/data/airfoil/raw/uiuc/coord_seligFmt/coord_seligFmt/as6091.dat,True,61,257,0.04052642920986073,0.09839623425967753,0.05579121495880821,0.4327096457464369,4.0005758022693504e-18
as6092,as6092.npz,/home/vipuser/Meri-FID-Gate-Airfoil/data/airfoil/raw/uiuc/coord_seligFmt/coord_seligFmt/as6092.dat,True,61,257,0.050539076094077845,0.12139557674675772,0.05481091367237825,0.46933963184889566,-3.187533815384097e-17
as6093,as6093.npz,/home/vipuser/Meri-FID-Gate-Airfoil/data/airfoil/raw/uiuc/coord_seligFmt/coord_seligFmt/as6093.dat,True,61,257,0.06078906282107392,0.12543180273827031,0.05381254996048897,0.47546616283629095,-2.1008738275110068e-17
as6094,as6094.npz,/home/vipuser/Meri-FID-Gate-Airfoil/data/airfoil/raw/uiuc/coord_seligFmt/coord_seligFmt/as6094.dat,True,61,257,0.0413319965113545,0.08770534860748735,0.07849113630486668,0.4448888963530584,5.2585980776707435e-17
as6095,as6095.npz,/home/vipuser/Meri-FID-Gate-Airfoil/data/airfoil/raw/uiuc/coord_seligFmt/coord_seligFmt/as6095.dat,True,61,257,0.051249111959997755,0.09839623425967753,0.07901368063117145,0.45710134382778006,1.2572366013208383e-17
as6096,as6096.npz,/home/vipuser/Meri-FID-Gate-Airfoil/data/airfoil/raw/uiuc/coord_seligFmt/coord_seligFmt/as6096.dat,True,61,257,0.06156723866231478,0.1134947733186315,0.07903705173234866,0.4509914298352196,-7.977605199212593e-17
as6097,as6097.npz,/home/vipuser/Meri-FID-Gate-Airfoil/data/airfoil/raw/uiuc/coord_seligFmt/coord_seligFmt/as6097.dat,True,61,257,0.04244024398140313,0.0743224034473674,0.09346100370014329,0.4448888963530584,1.900363168433405e-17
as6098,as6098.npz,/home/vipuser/Meri-FID-Gate-Airfoil/data/airfoil/raw/uiuc/coord_seligFmt/coord_seligFmt/as6098.dat,True,61,257,0.05223515151557061,0.09839623425967753,0.09272115849245202,0.45710134382778006,-4.400601415267766e-17
as6099,as6099.npz,/home/vipuser/Meri-FID-Gate-Airfoil/data/airfoil/raw/uiuc/coord_seligFmt/coord_seligFmt/as6099.dat,True,61,257,0.061998735869849796,0.1134947733186315,0.09080602666117557,0.49386423085714004,-4.0569114049357064e-17
atr72sm,atr72sm.npz,/home/vipuser/Meri-FID-Gate-Airfoil/data/airfoil/raw/uiuc/coord_seligFmt/coord_seligFmt/atr72sm.dat,True,79,257,0.14525086566870332,0.2535509038851079,0.02879604515835232,0.21209590429107733,0.0
august160,august160.npz,/home/vipuser/Meri-FID-Gate-Airfoil/data/airfoil/raw/uiuc/coord_seligFmt/coord_seligFmt/august160.dat,True,97,257,0.16031848052867106,0.2535509038851079,0.053837531923351646,0.2482308081371412,0.0
avistar,avistar.npz,/home/vipuser/Meri-FID-Gate-Airfoil/data/airfoil/raw/uiuc/coord_seligFmt/coord_seligFmt/avistar.dat,True,79,257,0.14518815784014222,0.3431591298005542,0.02284514996621392,0.378509910048368,0.0032110000000000003
b29root,b29root.npz,/home/vipuser/Meri-FID-Gate-Airfoil/data/airfoil/raw/uiuc/coord_seligFmt/coord_seligFmt/b29root.dat,True,39,257,0.21975855377586337,0.3030039799694759,0.01738041281405671,0.39644431190389073,0.0
b29tip,b29tip.npz,/home/vipuser/Meri-FID-Gate-Airfoil/data/airfoil/raw/uiuc/coord_seligFmt/coord_seligFmt/b29tip.dat,True,39,257,0.08994802955702319,0.3030039799694759,0.022263964845997995,0.3030039799694759,0.0
b540ols,b540ols.npz,/home/vipuser/Meri-FID-Gate-Airfoil/data/airfoil/raw/uiuc/coord_seligFmt/coord_seligFmt/b540ols.dat,True,95,257,0.0971,0.22221488349019886,0.0,0.0,0.0041
b707a,b707a.npz,/home/vipuser/Meri-FID-Gate-Airfoil/data/airfoil/raw/uiuc/coord_seligFmt/coord_seligFmt/b707a.dat,True,121,257,0.1142762664664129,0.24294862790338917,0.013017708452826137,0.3200524817325059,0.0
b707b,b707b.npz,/home/vipuser/Meri-FID-Gate-Airfoil/data/airfoil/raw/uiuc/coord_seligFmt/coord_seligFmt/b707b.dat,True,31,257,0.12159933298879455,0.3030039799694759,0.007363500268645618,0.09839623425967753,0.0
b707c,b707c.npz,/home/vipuser/Meri-FID-Gate-Airfoil/data/airfoil/raw/uiuc/coord_seligFmt/coord_seligFmt/b707c.dat,True,33,257,0.09580000000000001,0.3030039799694759,0.018986198119976268,0.15081187529551354,0.0
b707d,b707d.npz,/home/vipuser/Meri-FID-Gate-Airfoil/data/airfoil/raw/uiuc/coord_seligFmt/coord_seligFmt/b707d.dat,True,37,257,0.08962880966923387,0.40245483899193585,0.01789549403004579,0.3030039799694759,0.0
b707e,b707e.npz,/home/vipuser/Meri-FID-Gate-Airfoil/data/airfoil/raw/uiuc/coord_seligFmt/coord_seligFmt/b707e.dat,True,121,257,0.09008426674149371,0.4205709283330693,0.017790454320219577,0.3373448539188685,0.0
b737a,b737a.npz,/home/vipuser/Meri-FID-Gate-Airfoil/data/airfoil/raw/uiuc/coord_seligFmt/coord_seligFmt/b737a.dat,True,45,257,0.1536620614597402,0.19724447929783723,0.0022803707022995418,0.05066276715302309,0.0006
b737b,b737b.npz,/home/vipuser/Meri-FID-Gate-Airfoil/data/airfoil/raw/uiuc/coord_seligFmt/coord_seligFmt/b737b.dat,True,45,257,0.12545114126392332,0.29737934299750507,0.007513668998292412,0.10208154769555822,0.0008
b737c,b737c.npz,/home/vipuser/Meri-FID-Gate-Airfoil/data/airfoil/raw/uiuc/coord_seligFmt/coord_seligFmt/b737c.dat,True,45,257,0.09998428529226344,0.39644431190389073,0.014488999566672331,0.20215034775378327,0.001
b737d,b737d.npz,/home/vipuser/Meri-FID-Gate-Airfoil/data/airfoil/raw/uiuc/coord_seligFmt/coord_seligFmt/b737d.dat,True,45,257,0.10796072257612901,0.40245483899193585,0.01574354895673865,0.20215034775378327,0.0016
bacj,bacj.npz,/home/vipuser/Meri-FID-Gate-Airfoil/data/airfoil/raw/uiuc/coord_seligFmt/coord_seligFmt/bacj.dat,True,100,257,0.10065930736084742,0.39644431190389073,0.016871377901882274,0.7828659053918066,0.00068
bacnlf,bacnlf.npz,/home/vipuser/Meri-FID-Gate-Airfoil/data/airfoil/raw/uiuc/coord_seligFmt/coord_seligFmt/bacnlf.dat,True,138,257,0.10077864169952411,0.4327096457464369,0.012664780375305025,0.7410918860395613,0.0023574367272787586
bacxxx,bacxxx.npz,/home/vipuser/Meri-FID-Gate-Airfoil/data/airfoil/raw/uiuc/coord_seligFmt/coord_seligFmt/bacxxx.dat,True,61,257,0.11307592860816926,0.3489970253403859,0.013942893218813451,0.1464466094067262,0.0008
bambino6,bambino6.npz,/home/vipuser/Meri-FID-Gate-Airfoil/data/airfoil/raw/uiuc/coord_seligFmt/coord_seligFmt/bambino6.dat,True,33,257,0.11992888623807782,0.39644431190389073,0.02798222155951945,0.39644431190389073,0.0
be50,be50.npz,/home/vipuser/Meri-FID-Gate-Airfoil/data/airfoil/raw/uiuc/coord_seligFmt/coord_seligFmt/be50.dat,True,43,257,0.07274681545464685,0.2482308081371412,0.040565785331748414,0.4509914298352196,0.0026
be50sm,be50sm.npz,/home/vipuser/Meri-FID-Gate-Airfoil/data/airfoil/raw/uiuc/coord_seligFmt/coord_seligFmt/be50sm.dat,True,79,257,0.0731574336279218,0.23770515866076558,0.03957567043452295,0.45710134382778006,0.00259
boe103,boe103.npz,/home/vipuser/Meri-FID-Gate-Airfoil/data/airfoil/raw/uiuc/coord_seligFmt/coord_seligFmt/boe103.dat,True,34,257,0.12713211005268985,0.3030039799694759,0.035697350641407256,0.40245483899193585,0.0012
boe106,boe106.npz,/home/vipuser/Meri-FID-Gate-Airfoil/data/airfoil/raw/uiuc/coord_seligFmt/coord_seligFmt/boe106.dat,True,33,257,0.13052790448073257,0.3030039799694759,0.03331297677046957,0.39644431190389073,0.0004
bqm34,bqm34.npz,/home/vipuser/Meri-FID-Gate-Airfoil/data/airfoil/raw/uiuc/coord_seligFmt/coord_seligFmt/bqm34.dat,True,89,257,0.09898680189789906,0.3257906598752828,0.0,0.0,0.0
bte-fk,bte-fk.npz,/home/vipuser/Meri-FID-Gate-Airfoil/data/airfoil/raw/uiuc/coord_seligFmt/coord_seligFmt/bte-fk.dat,True,159,257,0.1212775118291474,0.23770515866076558,0.020781628264245205,0.512270614261456,0.007679252089893852
bw050209,bw050209.npz,/home/vipuser/Meri-FID-Gate-Airfoil/data/airfoil/raw/uiuc/coord_seligFmt/coord_seligFmt/bw050209.dat,True,47,257,0.09187807821293403,0.3030039799694759,0.020494034743980042,0.29737934299750507,0.001
bw3,bw3.npz,/home/vipuser/Meri-FID-Gate-Airfoil/data/airfoil/raw/uiuc/coord_seligFmt/coord_seligFmt/bw3.dat,True,79,257,0.05017348186503538,0.0743224034473674,0.056510537656412396,0.4509914298352196,0.006617
c141a,c141a.npz,/home/vipuser/Meri-FID-Gate-Airfoil/data/airfoil/raw/uiuc/coord_seligFmt/coord_seligFmt/c141a.dat,True,65,257,0.12993598187639993,0.40245483899193585,0.010946996509501084,0.645142338627231,0.001096
c141b,c141b.npz,/home/vipuser/Meri-FID-Gate-Airfoil/data/airfoil/raw/uiuc/coord_seligFmt/coord_seligFmt/c141b.dat,True,65,257,0.1264489830228457,0.40245483899193585,0.011226999127375268,0.645142338627231,0.001234
c141c,c141c.npz,/home/vipuser/Meri-FID-Gate-Airfoil/data/airfoil/raw/uiuc/coord_seligFmt/coord_seligFmt/c141c.dat,True,65,257,0.10988098370583468,0.40245483899193585,0.013163000000000001,0.49999999999999994,0.001854
c141d,c141d.npz,/home/vipuser/Meri-FID-Gate-Airfoil/data/airfoil/raw/uiuc/coord_seligFmt/coord_seligFmt/c141d.dat,True,65,257,0.10765798436443119,0.40245483899193585,0.015446999999999999,0.49999999999999994,0.002188
c141e,c141e.npz,/home/vipuser/Meri-FID-Gate-Airfoil/data/airfoil/raw/uiuc/coord_seligFmt/coord_seligFmt/c141e.dat,True,65,257,0.10511298494985029,0.40245483899193585,0.018028500000000003,0.49999999999999994,0.002546
c141f,c141f.npz,/home/vipuser/Meri-FID-Gate-Airfoil/data/airfoil/raw/uiuc/coord_seligFmt/coord_seligFmt/c141f.dat,True,65,257,0.09996598440803739,0.40245483899193585,0.023193793960386847,0.4509914298352196,0.003249
c5a,c5a.npz,/home/vipuser/Meri-FID-Gate-Airfoil/data/airfoil/raw/uiuc/coord_seligFmt/coord_seligFmt/c5a.dat,True,61,257,0.13118042133210966,0.40245483899193585,0.007339560738595537,0.8491881247044863,0.0025782
c5b,c5b.npz,/home/vipuser/Meri-FID-Gate-Airfoil/data/airfoil/raw/uiuc/coord_seligFmt/coord_seligFmt/c5b.dat,True,61,257,0.11546331591751764,0.40245483899193585,0.012140165720452083,0.7026206570024949,0.0022038
c5c,c5c.npz,/home/vipuser/Meri-FID-Gate-Airfoil/data/airfoil/raw/uiuc/coord_seligFmt/coord_seligFmt/c5c.dat,True,61,257,0.11100309031577837,0.40245483899193585,0.01402748749876441,0.651002974659614,0.0021898
c5d,c5d.npz,/home/vipuser/Meri-FID-Gate-Airfoil/data/airfoil/raw/uiuc/coord_seligFmt/coord_seligFmt/c5d.dat,True,61,257,0.1105098358669088,0.40245483899193585,0.013542357652075721,0.5975451610080641,0.002216
c5e,c5e.npz,/home/vipuser/Meri-FID-Gate-Airfoil/data/airfoil/raw/uiuc/coord_seligFmt/coord_seligFmt/c5e.dat,True,61,257,0.10775068814041502,0.40245483899193585,0.014261765250651232,0.29737934299750507,0.0020134
cal1215j,cal1215j.npz,/home/vipuser/Meri-FID-Gate-Airfoil/data/airfoil/raw/uiuc/coord_seligFmt/coord_seligFmt/cal1215j.dat,True,81,257,0.11720750462567489,0.3030039799694759,0.0225244646530318,0.4448888963530584,0.0
cal2263m,cal2263m.npz,/home/vipuser/Meri-FID-Gate-Airfoil/data/airfoil/raw/uiuc/coord_seligFmt/coord_seligFmt/cal2263m.dat,True,81,257,0.11719528881672754,0.3200524817325059,0.03588295264205106,0.42663476277231915,0.0
cal4014l,cal4014l.npz,/home/vipuser/Meri-FID-Gate-Airfoil/data/airfoil/raw/uiuc/coord_seligFmt/coord_seligFmt/cal4014l.dat,True,81,257,0.10000243717260966,0.2482308081371412,0.0194838615774163,0.3143414030240812,0.0
cap21c,cap21c.npz,/home/vipuser/Meri-FID-Gate-Airfoil/data/airfoil/raw/uiuc/coord_seligFmt/coord_seligFmt/cap21c.dat,True,39,257,0.15552515867376315,0.15522972763146653,0.006196517716486473,0.23770515866076558,0.0
cast102,cast102.npz,/home/vipuser/Meri-FID-Gate-Airfoil/data/airfoil/raw/uiuc/coord_seligFmt/coord_seligFmt/cast102.dat,True,57,257,0.12174099603678737,0.4509914298352196,0.015399759755747474,0.696996020030524,0.0049994
ch10sm,ch10sm.npz,/home/vipuser/Meri-FID-Gate-Airfoil/data/airfoil/raw/uiuc/coord_seligFmt/coord_seligFmt/ch10sm.dat,True,79,257,0.12835928393400228,0.3086582838174551,0.1019435822929065,0.49386423085714004,0.00011
chen,chen.npz,/home/vipuser/Meri-FID-Gate-Airfoil/data/airfoil/raw/uiuc/coord_seligFmt/coord_seligFmt/chen.dat,True,98,257,0.12468800423590229,0.2751943351726967,0.07768614082479668,0.2535509038851079,0.0
clarkk,clarkk.npz,/home/vipuser/Meri-FID-Gate-Airfoil/data/airfoil/raw/uiuc/coord_seligFmt/coord_seligFmt/clarkk.dat,True,27,257,0.11696378780119457,0.29737934299750507,0.032620974915258186,0.39644431190389073,0.0012
clarkv,clarkv.npz,/home/vipuser/Meri-FID-Gate-Airfoil/data/airfoil/raw/uiuc/coord_seligFmt/coord_seligFmt/clarkv.dat,True,33,257,0.11637596816024419,0.3030039799694759,0.0339,0.49999999999999994,0.0014
clarkw,clarkw.npz,/home/vipuser/Meri-FID-Gate-Airfoil/data/airfoil/raw/uiuc/coord_seligFmt/coord_seligFmt/clarkw.dat,True,33,257,0.11216855211597006,0.29737934299750507,0.03733397870668548,0.40245483899193585,0.001
clarkx,clarkx.npz,/home/vipuser/Meri-FID-Gate-Airfoil/data/airfoil/raw/uiuc/coord_seligFmt/coord_seligFmt/clarkx.dat,True,33,257,0.11690988060091571,0.3030039799694759,0.032748707740637095,0.40245483899193585,0.0012
clarky,clarky.npz,/home/vipuser/Meri-FID-Gate-Airfoil/data/airfoil/raw/uiuc/coord_seligFmt/coord_seligFmt/clarky.dat,True,121,257,0.11706833215437111,0.28069188073073614,0.03432911143568409,0.4205709283330693,0.0011986
clarkyh,clarkyh.npz,/home/vipuser/Meri-FID-Gate-Airfoil/data/airfoil/raw/uiuc/coord_seligFmt/coord_seligFmt/clarkyh.dat,True,31,257,0.11886482090137358,0.3030039799694759,0.024643992040061048,0.3030039799694759,0.0010000000000000009
clarkys,clarkys.npz,/home/vipuser/Meri-FID-Gate-Airfoil/data/airfoil/raw/uiuc/coord_seligFmt/coord_seligFmt/clarkys.dat,True,33,257,0.11690988060091573,0.3030039799694759,0.023459379816461328,0.29737934299750507,0.0
clarkysm,clarkysm.npz,/home/vipuser/Meri-FID-Gate-Airfoil/data/airfoil/raw/uiuc/coord_seligFmt/coord_seligFmt/clarkysm.dat,True,69,257,0.11723999596869872,0.3086582838174551,0.03527704351244529,0.4327096457464369,0.0
clarkz,clarkz.npz,/home/vipuser/Meri-FID-Gate-Airfoil/data/airfoil/raw/uiuc/coord_seligFmt/coord_seligFmt/clarkz.dat,True,33,257,0.11740387264097676,0.3030039799694759,0.0403108874309428,0.39644431190389073,0.0012
clarym15,clarym15.npz,/home/vipuser/Meri-FID-Gate-Airfoil/data/airfoil/raw/uiuc/coord_seligFmt/coord_seligFmt/clarym15.dat,True,33,257,0.14992316259695015,0.29737934299750507,0.03561615243850827,0.39644431190389073,0.0016
clarym18,clarym18.npz,/home/vipuser/Meri-FID-Gate-Airfoil/data/airfoil/raw/uiuc/coord_seligFmt/coord_seligFmt/clarym18.dat,True,33,257,0.1798715872281607,0.29737934299750507,0.03557553234712685,0.39644431190389073,0.0018
coanda1,coanda1.npz,/home/vipuser/Meri-FID-Gate-Airfoil/data/airfoil/raw/uiuc/coord_seligFmt/coord_seligFmt/coanda1.dat,True,33,257,0.056484980100152626,0.3030039799694759,0.02909466646785584,0.39644431190389073,0.0
coanda2,coanda2.npz,/home/vipuser/Meri-FID-Gate-Airfoil/data/airfoil/raw/uiuc/coord_seligFmt/coord_seligFmt/coanda2.dat,True,33,257,0.059994758685995006,0.29737934299750507,0.028984980100152616,0.3030039799694759,0.0
coanda3,coanda3.npz,/home/vipuser/Meri-FID-Gate-Airfoil/data/airfoil/raw/uiuc/coord_seligFmt/coord_seligFmt/coanda3.dat,True,33,257,0.07,0.3030039799694759,0.028987725805040318,0.40245483899193585,0.0
cootie,cootie.npz,/home/vipuser/Meri-FID-Gate-Airfoil/data/airfoil/raw/uiuc/coord_seligFmt/coord_seligFmt/cootie.dat,True,33,257,0.08450988060091572,0.3030039799694759,0.05513003708872983,0.40245483899193585,0.005
cr001sm,cr001sm.npz,/home/vipuser/Meri-FID-Gate-Airfoil/data/airfoil/raw/uiuc/coord_seligFmt/coord_seligFmt/cr001sm.dat,True,79,257,0.07331163305651099,0.26973064452088,0.04062666801423517,0.45710134382778006,1e-05
cr1,cr1.npz,/home/vipuser/Meri-FID-Gate-Airfoil/data/airfoil/raw/uiuc/coord_seligFmt/coord_seligFmt/cr1.dat,True,121,257,0.12207215770581449,0.24294862790338917,0.04709663688195137,0.4205709283330693,3.46e-05
curtisc72,curtisc72.npz,/home/vipuser/Meri-FID-Gate-Airfoil/data/airfoil/raw/uiuc/coord_seligFmt/coord_seligFmt/curtisc72.dat,True,33,257,0.11719517371990021,0.29737934299750507,0.0379,0.49999999999999994,0.001
dae11,dae11.npz,/home/vipuser/Meri-FID-Gate-Airfoil/data/airfoil/raw/uiuc/coord_seligFmt/coord_seligFmt/dae11.dat,True,81,257,0.12826170460072658,0.3257906598752828,0.06616298290867033,0.4448888963530584,0.0
dae21,dae21.npz,/home/vipuser/Meri-FID-Gate-Airfoil/data/airfoil/raw/uiuc/coord_seligFmt/coord_seligFmt/dae21.dat,True,80,257,0.11783562870439747,0.3200524817325059,0.065731282392517,0.4387946624003919,0.0
dae31,dae31.npz,/home/vipuser/Meri-FID-Gate-Airfoil/data/airfoil/raw/uiuc/coord_seligFmt/coord_seligFmt/dae31.dat,True,82,257,0.11058504632113858,0.29178521995118134,0.06747355560693385,0.4509914298352196,0.0
dae41,dae41.npz,/home/vipuser/Meri-FID-Gate-Airfoil/data/airfoil/raw/uiuc/coord_seligFmt/coord_seligFmt/dae41.dat,True,81,257,0.11679513560010579,0.3143414030240812,0.030508014589590238,0.4084800560224295,0.0
dae51,dae51.npz,/home/vipuser/Meri-FID-Gate-Airfoil/data/airfoil/raw/uiuc/coord_seligFmt/coord_seligFmt/dae51.dat,True,80,257,0.09377382389664654,0.3030039799694759,0.04029764299317869,0.4509914298352196,0.002
dai1238,dai1238.npz,/home/vipuser/Meri-FID-Gate-Airfoil/data/airfoil/raw/uiuc/coord_seligFmt/coord_seligFmt/dai1238.dat,True,81,257,0.12295343574886841,0.3143414030240812,0.05391526264164214,0.4632177182001663,0.0
dai1335,dai1335.npz,/home/vipuser/Meri-FID-Gate-Airfoil/data/airfoil/raw/uiuc/coord_seligFmt/coord_seligFmt/dai1335.dat,True,81,257,0.1423771037127776,0.3200524817325059,0.05925510994674732,0.4084800560224295,0.0
dai1336,dai1336.npz,/home/vipuser/Meri-FID-Gate-Airfoil/data/airfoil/raw/uiuc/coord_seligFmt/coord_seligFmt/dai1336.dat,True,81,257,0.13679291942585517,0.3200524817325059,0.05704161169735994,0.4327096457464369,0.0
davis,davis.npz,/home/vipuser/Meri-FID-Gate-Airfoil/data/airfoil/raw/uiuc/coord_seligFmt/coord_seligFmt/davis.dat,True,33,257,0.11247379342997504,0.29737934299750507,0.03691456693428427,0.40245483899193585,0.0
davis_corrected,davis_corrected.npz,/home/vipuser/Meri-FID-Gate-Airfoil/data/airfoil/raw/uiuc/coord_seligFmt/coord_seligFmt/davis_corrected.dat,True,91,257,0.158990974268899,0.29178521995118134,0.02479687694062388,0.29737934299750507,0.0
davissm,davissm.npz,/home/vipuser/Meri-FID-Gate-Airfoil/data/airfoil/raw/uiuc/coord_seligFmt/coord_seligFmt/davissm.dat,True,79,257,0.058729386001614696,0.3030039799694759,0.05907121325946917,0.4509914298352196,0.011779999999999999
daytonwright6,daytonwright6.npz,/home/vipuser/Meri-FID-Gate-Airfoil/data/airfoil/raw/uiuc/coord_seligFmt/coord_seligFmt/daytonwright6.dat,True,33,257,0.13590303569090767,0.29737934299750507,0.04897008814666179,0.39644431190389073,0.0
daytonwrightt1,daytonwrightt1.npz,/home/vipuser/Meri-FID-Gate-Airfoil/data/airfoil/raw/uiuc/coord_seligFmt/coord_seligFmt/daytonwrightt1.dat,True,33,257,0.13366331080196506,0.29737934299750507,0.043947964351155236,0.40245483899193585,0.0021000000000000003
dbln526,dbln526.npz,/home/vipuser/Meri-FID-Gate-Airfoil/data/airfoil/raw/uiuc/coord_seligFmt/coord_seligFmt/dbln526.dat,True,45,257,0.2599,0.49999999999999994,0.039850000000000003,0.49999999999999994,0.0
defcnd1,defcnd1.npz,/home/vipuser/Meri-FID-Gate-Airfoil/data/airfoil/raw/uiuc/coord_seligFmt/coord_seligFmt/defcnd1.dat,True,79,257,0.20919210008326958,0.2862224532848589,0.04464228484523735,0.3607401553074735,0.0
defcnd2,defcnd2.npz,/home/vipuser/Meri-FID-Gate-Airfoil/data/airfoil/raw/uiuc/coord_seligFmt/coord_seligFmt/defcnd2.dat,True,79,257,0.14732911975133461,0.2862224532848589,0.03811223576921206,0.2862224532848589,0.0
defcnd3,defcnd3.npz,/home/vipuser/Meri-FID-Gate-Airfoil/data/airfoil/raw/uiuc/coord_seligFmt/coord_seligFmt/defcnd3.dat,True,79,257,0.11483546058438537,0.2862224532848589,0.023775725451976735,0.2862224532848589,0.0
df101,df101.npz,/home/vipuser/Meri-FID-Gate-Airfoil/data/airfoil/raw/uiuc/coord_seligFmt/coord_seligFmt/df101.dat,True,62,257,0.10998829807991635,0.29178521995118134,0.023056808990550418,0.4327096457464369,7e-05
df102,df102.npz,/home/vipuser/Meri-FID-Gate-Airfoil/data/airfoil/raw/uiuc/coord_seligFmt/coord_seligFmt/df102.dat,True,61,257,0.10998950327073968,0.29178521995118134,0.023561811426257045,0.4327096457464369,7e-05
dfvlrr4,dfvlrr4.npz,/home/vipuser/Meri-FID-Gate-Airfoil/data/airfoil/raw/uiuc/coord_seligFmt/coord_seligFmt/dfvlrr4.dat,True,139,257,0.1338137411473646,0.378509910048368,0.02098541064649597,0.8027555207021627,0.0050994
dga1138,dga1138.npz,/home/vipuser/Meri-FID-Gate-Airfoil/data/airfoil/raw/uiuc/coord_seligFmt/coord_seligFmt/dga1138.dat,True,33,257,0.069,0.39644431190389073,0.025658267737137086,0.40245483899193585,0.006
dga1182,dga1182.npz,/home/vipuser/Meri-FID-Gate-Airfoil/data/airfoil/raw/uiuc/coord_seligFmt/coord_seligFmt/dga1182.dat,True,33,257,0.07572964180274716,0.3030039799694759,0.009100008829449079,0.20215034775378327,0.003
dh4009sm,dh4009sm.npz,/home/vipuser/Meri-FID-Gate-Airfoil/data/airfoil/raw/uiuc/coord_seligFmt/coord_seligFmt/dh4009sm.dat,True,79,257,0.08943675503292156,0.4205709283330693,0.001996052087009528,0.09477140087370262,0.00028
doa5,doa5.npz,/home/vipuser/Meri-FID-Gate-Airfoil/data/airfoil/raw/uiuc/coord_seligFmt/coord_seligFmt/doa5.dat,True,97,257,0.16205742646300664,0.40245483899193585,0.025449999999999997,0.7726624942110232,0.0
dormoy,dormoy.npz,/home/vipuser/Meri-FID-Gate-Airfoil/data/airfoil/raw/uiuc/coord_seligFmt/coord_seligFmt/dormoy.dat,True,33,257,0.08991889254082414,0.3030039799694759,0.028801032899895163,0.40245483899193585,0.0
drgnfly,drgnfly.npz,/home/vipuser/Meri-FID-Gate-Airfoil/data/airfoil/raw/uiuc/coord_seligFmt/coord_seligFmt/drgnfly.dat,True,140,257,0.19337472330701883,0.378509910048368,0.06561292979253176,0.4084800560224295,0.0
ds19,ds19.npz,/home/vipuser/Meri-FID-Gate-Airfoil/data/airfoil/raw/uiuc/coord_seligFmt/coord_seligFmt/ds19.dat,True,140,257,0.08497966110455465,0.28069188073073614,0.019680713787469634,0.42663476277231915,0.0
ds21,ds21.npz,/home/vipuser/Meri-FID-Gate-Airfoil/data/airfoil/raw/uiuc/coord_seligFmt/coord_seligFmt/ds21.dat,True,257,257,0.08599362850706484,0.2862224532848589,0.018159757259613885,0.4084800560224295,0.0
dsma523a,dsma523a.npz,/home/vipuser/Meri-FID-Gate-Airfoil/data/airfoil/raw/uiuc/coord_seligFmt/coord_seligFmt/dsma523a.dat,False,119,257,0.10997133702156292,0.3607401553074735,0.02267588478981873,0.8219157714448957,-0.00018999999999999996
dsma523b,dsma523b.npz,/home/vipuser/Meri-FID-Gate-Airfoil/data/airfoil/raw/uiuc/coord_seligFmt/coord_seligFmt/dsma523b.dat,True,119,257,0.10997133702156292,0.3607401553074735,0.024434439040572686,0.8219157714448957,0.010417
du-80-141,du-80-141.npz,/home/vipuser/Meri-FID-Gate-Airfoil/data/airfoil/raw/uiuc/coord_seligFmt/coord_seligFmt/du-80-141.dat,True,101,257,0.1404269986644189,0.3257906598752828,0.03160377256069374,0.696996020030524,0.0
du-80-176-v1,du-80-176-v1.npz,/home/vipuser/Meri-FID-Gate-Airfoil/data/airfoil/raw/uiuc/coord_seligFmt/coord_seligFmt/du-80-176-v1.dat,True,101,257,0.17584545985785444,0.39644431190389073,0.030592046242124176,0.3666436212625508,0.0
du84132v,du84132v.npz,/home/vipuser/Meri-FID-Gate-Airfoil/data/airfoil/raw/uiuc/coord_seligFmt/coord_seligFmt/du84132v.dat,True,97,257,0.1362909343894595,0.3373448539188685,0.03052449329013065,0.4509914298352196,0.0
du8608418,du8608418.npz,/home/vipuser/Meri-FID-Gate-Airfoil/data/airfoil/raw/uiuc/coord_seligFmt/coord_seligFmt/du8608418.dat,True,101,257,0.0845293412313378,0.3666436212625508,0.011470922320045462,0.42663476277231915,0.0
du861372,du861372.npz,/home/vipuser/Meri-FID-Gate-Airfoil/data/airfoil/raw/uiuc/coord_seligFmt/coord_seligFmt/du861372.dat,True,40,257,0.13641248314411397,0.4084800560224295,0.00292691960117834,0.016511764477573965,0.0
e1098,e1098.npz,/home/vipuser/Meri-FID-Gate-Airfoil/data/airfoil/raw/uiuc/coord_seligFmt/coord_seligFmt/e1098.dat,True,62,257,0.1895228448540851,0.37256717019774266,0.037237983287593604,0.5428986561722199,0.0
e1200,e1200.npz,/home/vipuser/Meri-FID-Gate-Airfoil/data/airfoil/raw/uiuc/coord_seligFmt/coord_seligFmt/e1200.dat,True,62,257,0.16948797942620497,0.37256717019774266,0.03451646171453492,0.49999999999999994,0.0
e1210,e1210.npz,/home/vipuser/Meri-FID-Gate-Airfoil/data/airfoil/raw/uiuc/coord_seligFmt/coord_seligFmt/e1210.dat,True,61,257,0.15848108339599387,0.21209590429107733,0.05195719634783292,0.33155507330389,0.0
e1211,e1211.npz,/home/vipuser/Meri-FID-Gate-Airfoil/data/airfoil/raw/uiuc/coord_seligFmt/coord_seligFmt/e1211.dat,True,60,257,0.1801754954596127,0.20710107127178057,0.044370853428385856,0.378509910048368,0.0
e1212,e1212.npz,/home/vipuser/Meri-FID-Gate-Airfoil/data/airfoil/raw/uiuc/coord_seligFmt/coord_seligFmt/e1212.dat,True,62,257,0.17696081761906413,0.22221488349019886,0.03207540540496712,0.3666436212625508,0.0
e1212mod,e1212mod.npz,/home/vipuser/Meri-FID-Gate-Airfoil/data/airfoil/raw/uiuc/coord_seligFmt/coord_seligFmt/e1212mod.dat,True,53,257,0.1771961280141075,0.20215034775378327,0.026078858711756723,0.35485766137276886,0.0
e1213,e1213.npz,/home/vipuser/Meri-FID-Gate-Airfoil/data/airfoil/raw/uiuc/coord_seligFmt/coord_seligFmt/e1213.dat,True,60,257,0.173842200033822,0.22221488349019886,0.020571070620480813,0.3489970253403859,0.0
e1214,e1214.npz,/home/vipuser/Meri-FID-Gate-Airfoil/data/airfoil/raw/uiuc/coord_seligFmt/coord_seligFmt/e1214.dat,True,61,257,0.19812688350009366,0.23770515866076558,0.021288140640493697,0.3030039799694759,0.0
e1230,e1230.npz,/home/vipuser/Meri-FID-Gate-Airfoil/data/airfoil/raw/uiuc/coord_seligFmt/coord_seligFmt/e1230.dat,True,95,257,0.1744726965561728,0.29737934299750507,0.03608309791991227,0.25890811396043856,0.0002
e1233,e1233.npz,/home/vipuser/Meri-FID-Gate-Airfoil/data/airfoil/raw/uiuc/coord_seligFmt/coord_seligFmt/e1233.dat,True,97,257,0.18926608882891138,0.3030039799694759,0.04394778977602648,0.29737934299750507,0.0
e168,e168.npz,/home/vipuser/Meri-FID-Gate-Airfoil/data/airfoil/raw/uiuc/coord_seligFmt/coord_seligFmt/e168.dat,True,61,257,0.1243561127361674,0.2643016315870011,0.0,0.0,0.0
e169,e169.npz,/home/vipuser/Meri-FID-Gate-Airfoil/data/airfoil/raw/uiuc/coord_seligFmt/coord_seligFmt/e169.dat,True,61,257,0.14402859136357288,0.2643016315870011,0.0,0.0,0.0
e171,e171.npz,/home/vipuser/Meri-FID-Gate-Airfoil/data/airfoil/raw/uiuc/coord_seligFmt/coord_seligFmt/e171.dat,True,61,257,0.12253677375790319,0.3257906598752828,0.0,0.0,0.0
e174,e174.npz,/home/vipuser/Meri-FID-Gate-Airfoil/data/airfoil/raw/uiuc/coord_seligFmt/coord_seligFmt/e174.dat,True,61,257,0.0892251723322597,0.3086582838174551,0.03693280864186913,0.40245483899193585,0.0
e176,e176.npz,/home/vipuser/Meri-FID-Gate-Airfoil/data/airfoil/raw/uiuc/coord_seligFmt/coord_seligFmt/e176.dat,True,61,257,0.08824413235655557,0.3086582838174551,0.032519404415507644,0.39644431190389073,0.0
e178,e178.npz,/home/vipuser/Meri-FID-Gate-Airfoil/data/airfoil/raw/uiuc/coord_seligFmt/coord_seligFmt/e178.dat,True,61,257,0.08680703892629343,0.3030039799694759,0.027990497606064663,0.39044937992156514,0.0
e180,e180.npz,/home/vipuser/Meri-FID-Gate-Airfoil/data/airfoil/raw/uiuc/coord_seligFmt/coord_seligFmt/e180.dat,True,61,257,0.08581027020981023,0.33155507330389,0.023425248613500198,0.378509910048368,0.0
e182,e182.npz,/home/vipuser/Meri-FID-Gate-Airfoil/data/airfoil/raw/uiuc/coord_seligFmt/coord_seligFmt/e182.dat,True,61,257,0.08469294531345294,0.3257906598752828,0.015869967017446786,0.37256717019774266,0.0
e184,e184.npz,/home/vipuser/Meri-FID-Gate-Airfoil/data/airfoil/raw/uiuc/coord_seligFmt/coord_seligFmt/e184.dat,True,61,257,0.08323547623918642,0.3200524817325059,0.011466656190531265,0.3666436212625508,0.0
e186,e186.npz,/home/vipuser/Meri-FID-Gate-Airfoil/data/airfoil/raw/uiuc/coord_seligFmt/coord_seligFmt/e186.dat,True,61,257,0.1026643157090272,0.3086582838174551,0.012620798461214711,0.3086582838174551,0.0
e193,e193.npz,/home/vipuser/Meri-FID-Gate-Airfoil/data/airfoil/raw/uiuc/coord_seligFmt/coord_seligFmt/e193.dat,True,61,257,0.10224242204586512,0.3086582838174551,0.034598318313755365,0.40245483899193585,0.0
e195,e195.npz,/home/vipuser/Meri-FID-Gate-Airfoil/data/airfoil/raw/uiuc/coord_seligFmt/coord_seligFmt/e195.dat,True,61,257,0.11807841227314005,0.3373448539188685,0.03125556912682896,0.4387946624003919,0.0
e197,e197.npz,/home/vipuser/Meri-FID-Gate-Airfoil/data/airfoil/raw/uiuc/coord_seligFmt/coord_seligFmt/e197.dat,True,61,257,0.1348052383999218,0.3431591298005542,0.027926804638237716,0.4387946624003919,0.0
e201,e201.npz,/home/vipuser/Meri-FID-Gate-Airfoil/data/airfoil/raw/uiuc/coord_seligFmt/coord_seligFmt/e201.dat,True,61,257,0.1186312161775637,0.3086582838174551,0.0303099285234875,0.4448888963530584,0.0
e203,e203.npz,/home/vipuser/Meri-FID-Gate-Airfoil/data/airfoil/raw/uiuc/coord_seligFmt/coord_seligFmt/e203.dat,True,61,257,0.1362596131959165,0.33155507330389,0.026482806960426833,0.49386423085714004,0.0
e205,e205.npz,/home/vipuser/Meri-FID-Gate-Airfoil/data/airfoil/raw/uiuc/coord_seligFmt/coord_seligFmt/e205.dat,True,61,257,0.10476393768870648,0.29737934299750507,0.029735851746304116,0.3431591298005542,0.0
e207,e207.npz,/home/vipuser/Meri-FID-Gate-Airfoil/data/airfoil/raw/uiuc/coord_seligFmt/coord_seligFmt/e207.dat,True,61,257,0.12019202966577394,0.29737934299750507,0.025136642053162857,0.38447094585966435,0.0
e209,e209.npz,/home/vipuser/Meri-FID-Gate-Airfoil/data/airfoil/raw/uiuc/coord_seligFmt/coord_seligFmt/e209.dat,True,61,257,0.13685695004251472,0.3030039799694759,0.02042388225591748,0.4327096457464369,0.0
e210,e210.npz,/home/vipuser/Meri-FID-Gate-Airfoil/data/airfoil/raw/uiuc/coord_seligFmt/coord_seligFmt/e210.dat,True,61,257,0.13639099197332608,0.3200524817325059,0.040939706061202626,0.45710134382778006,0.0
e211,e211.npz,/home/vipuser/Meri-FID-Gate-Airfoil/data/airfoil/raw/uiuc/coord_seligFmt/coord_seligFmt/e211.dat,True,61,257,0.10951053418886852,0.33155507330389,0.02508118517848929,0.6035556880961093,0.0
e212,e212.npz,/home/vipuser/Meri-FID-Gate-Airfoil/data/airfoil/raw/uiuc/coord_seligFmt/coord_seligFmt/e212.dat,True,61,257,0.10561918013058344,0.2751943351726967,0.02837777260444503,0.5854809443801506,0.0
e214,e214.npz,/home/vipuser/Meri-FID-Gate-Airfoil/data/airfoil/raw/uiuc/coord_seligFmt/coord_seligFmt/e214.dat,True,61,257,0.11101242945305395,0.33155507330389,0.04071826695171448,0.5184036114706795,0.0
e216,e216.npz,/home/vipuser/Meri-FID-Gate-Airfoil/data/airfoil/raw/uiuc/coord_seligFmt/coord_seligFmt/e216.dat,True,61,257,0.10422042684950572,0.28069188073073614,0.05063828586075483,0.5551111036469415,0.0
e220,e220.npz,/home/vipuser/Meri-FID-Gate-Airfoil/data/airfoil/raw/uiuc/coord_seligFmt/coord_seligFmt/e220.dat,True,61,257,0.11462249144604512,0.33155507330389,0.02568498650812053,0.378509910048368,0.0
e221,e221.npz,/home/vipuser/Meri-FID-Gate-Airfoil/data/airfoil/raw/uiuc/coord_seligFmt/coord_seligFmt/e221.dat,True,61,257,0.09384642423667301,0.28069188073073614,0.01986425935019282,0.28069188073073614,0.0
e222,e222.npz,/home/vipuser/Meri-FID-Gate-Airfoil/data/airfoil/raw/uiuc/coord_seligFmt/coord_seligFmt/e222.dat,True,61,257,0.10166090137303258,0.3086582838174551,0.02468770501192423,0.50613576914286,0.0
e224,e224.npz,/home/vipuser/Meri-FID-Gate-Airfoil/data/airfoil/raw/uiuc/coord_seligFmt/coord_seligFmt/e224.dat,True,61,257,0.10172629894306501,0.29737934299750507,0.018137663228080022,0.48772938573854385,0.0
e226,e226.npz,/home/vipuser/Meri-FID-Gate-Airfoil/data/airfoil/raw/uiuc/coord_seligFmt/coord_seligFmt/e226.dat,True,61,257,0.10182670413465668,0.2862224532848589,0.008518065660826597,0.4815963885293205,0.0
e228,e228.npz,/home/vipuser/Meri-FID-Gate-Airfoil/data/airfoil/raw/uiuc/coord_seligFmt/coord_seligFmt/e228.dat,True,61,257,0.10063024995890929,0.28069188073073614,0.0026524356088283713,0.3200524817325059,0.0
e230,e230.npz,/home/vipuser/Meri-FID-Gate-Airfoil/data/airfoil/raw/uiuc/coord_seligFmt/coord_seligFmt/e230.dat,True,61,257,0.09958785182637593,0.29178521995118134,0.007385526167099461,0.7828659053918066,0.0
e231,e231.npz,/home/vipuser/Meri-FID-Gate-Airfoil/data/airfoil/raw/uiuc/coord_seligFmt/coord_seligFmt/e231.dat,True,65,257,0.1233264916417707,0.39644431190389073,0.024590444688003518,0.39644431190389073,0.0
e266,e266.npz,/home/vipuser/Meri-FID-Gate-Airfoil/data/airfoil/raw/uiuc/coord_seligFmt/coord_seligFmt/e266.dat,True,61,257,0.17317926391084065,0.39644431190389073,0.03057606182938439,0.39644431190389073,0.0
e297,e297.npz,/home/vipuser/Meri-FID-Gate-Airfoil/data/airfoil/raw/uiuc/coord_seligFmt/coord_seligFmt/e297.dat,True,70,257,0.11385466545119759,0.378509910048368,0.0004899507081159759,0.00015059065189787502,0.0
e325,e325.npz,/home/vipuser/Meri-FID-Gate-Airfoil/data/airfoil/raw/uiuc/coord_seligFmt/coord_seligFmt/e325.dat,True,72,257,0.12624959684689846,0.3086582838174551,0.01808050478047704,0.18280335791817726,0.0
e326,e326.npz,/home/vipuser/Meri-FID-Gate-Airfoil/data/airfoil/raw/uiuc/coord_seligFmt/coord_seligFmt/e326.dat,True,72,257,0.12869870751154636,0.3143414030240812,0.021450419027834646,0.1923842047096866,0.0
e327,e327.npz,/home/vipuser/Meri-FID-Gate-Airfoil/data/airfoil/raw/uiuc/coord_seligFmt/coord_seligFmt/e327.dat,True,72,257,0.13117255607217018,0.3200524817325059,0.026096921884949352,0.23250119005645137,0.0
e328,e328.npz,/home/vipuser/Meri-FID-Gate-Airfoil/data/airfoil/raw/uiuc/coord_seligFmt/coord_seligFmt/e328.dat,True,72,257,0.13342430785966292,0.3257906598752828,0.029891001667815567,0.24294862790338917,0.0
e329,e329.npz,/home/vipuser/Meri-FID-Gate-Airfoil/data/airfoil/raw/uiuc/coord_seligFmt/coord_seligFmt/e329.dat,True,72,257,0.13539497682678303,0.33155507330389,0.03499338162902665,0.2482308081371412,0.0
e330,e330.npz,/home/vipuser/Meri-FID-Gate-Airfoil/data/airfoil/raw/uiuc/coord_seligFmt/coord_seligFmt/e330.dat,True,71,257,0.1103141284562417,0.3030039799694759,0.021255134612562773,0.18280335791817726,0.0
e331,e331.npz,/home/vipuser/Meri-FID-Gate-Airfoil/data/airfoil/raw/uiuc/coord_seligFmt/coord_seligFmt/e331.dat,True,71,257,0.11271498187175735,0.3143414030240812,0.0269054471917233,0.22733750578897677,0.0
e332,e332.npz,/home/vipuser/Meri-FID-Gate-Airfoil/data/airfoil/raw/uiuc/coord_seligFmt/coord_seligFmt/e332.dat,True,72,257,0.1152852542743479,0.3200524817325059,0.030920828296957904,0.23770515866076558,0.0
e333,e333.npz,/home/vipuser/Meri-FID-Gate-Airfoil/data/airfoil/raw/uiuc/coord_seligFmt/coord_seligFmt/e333.dat,True,71,257,0.11747115007182238,0.2862224532848589,0.03497605440445331,0.24294862790338917,0.0
e334,e334.npz,/home/vipuser/Meri-FID-Gate-Airfoil/data/airfoil/raw/uiuc/coord_seligFmt/coord_seligFmt/e334.dat,True,72,257,0.11938901363382862,0.29178521995118134,0.040258481644547164,0.2535509038851079,0.0
e335,e335.npz,/home/vipuser/Meri-FID-Gate-Airfoil/data/airfoil/raw/uiuc/coord_seligFmt/coord_seligFmt/e335.dat,True,72,257,0.1258362919683272,0.3030039799694759,0.023427158507443344,0.18757025592880677,0.0
e336,e336.npz,/home/vipuser/Meri-FID-Gate-Airfoil/data/airfoil/raw/uiuc/coord_seligFmt/coord_seligFmt/e336.dat,True,72,257,0.12798910474780992,0.3030039799694759,0.028292814873359017,0.22733750578897677,0.0
e337,e337.npz,/home/vipuser/Meri-FID-Gate-Airfoil/data/airfoil/raw/uiuc/coord_seligFmt/coord_seligFmt/e337.dat,True,73,257,0.1310427704119905,0.3200524817325059,0.03210883183268194,0.23770515866076558,0.0
e338,e338.npz,/home/vipuser/Meri-FID-Gate-Airfoil/data/airfoil/raw/uiuc/coord_seligFmt/coord_seligFmt/e338.dat,True,72,257,0.13302106034905728,0.3143414030240812,0.03726665076122967,0.24294862790338917,0.0
e339,e339.npz,/home/vipuser/Meri-FID-Gate-Airfoil/data/airfoil/raw/uiuc/coord_seligFmt/coord_seligFmt/e339.dat,True,72,257,0.13538191854716947,0.29737934299750507,0.040624425063310675,0.2535509038851079,0.0
e340,e340.npz,/home/vipuser/Meri-FID-Gate-Airfoil/data/airfoil/raw/uiuc/coord_seligFmt/coord_seligFmt/e340.dat,False,72,257,0.13713600741369836,0.3030039799694759,0.02618600112941816,0.22221488349019886,0.0
e341,e341.npz,/home/vipuser/Meri-FID-Gate-Airfoil/data/airfoil/raw/uiuc/coord_seligFmt/coord_seligFmt/e341.dat,True,72,257,0.13982344766110125,0.3086582838174551,0.029815058320373813,0.22733750578897677,0.0
e342,e342.npz,/home/vipuser/Meri-FID-Gate-Airfoil/data/airfoil/raw/uiuc/coord_seligFmt/coord_seligFmt/e342.dat,True,71,257,0.1425493516545428,0.3143414030240812,0.034821045683275265,0.23770515866076558,0.0
e343,e343.npz,/home/vipuser/Meri-FID-Gate-Airfoil/data/airfoil/raw/uiuc/coord_seligFmt/coord_seligFmt/e343.dat,True,72,257,0.14468021421009575,0.3086582838174551,0.04000623229288995,0.24294862790338917,0.0
e344,e344.npz,/home/vipuser/Meri-FID-Gate-Airfoil/data/airfoil/raw/uiuc/coord_seligFmt/coord_seligFmt/e344.dat,True,72,257,0.14719928628736442,0.29737934299750507,0.04320928012415874,0.2535509038851079,0.0
e360,e360.npz,/home/vipuser/Meri-FID-Gate-Airfoil/data/airfoil/raw/uiuc/coord_seligFmt/coord_seligFmt/e360.dat,True,72,257,0.12227370571249989,0.3666436212625508,0.015782177164104374,0.28069188073073614,0.0
e361,e361.npz,/home/vipuser/Meri-FID-Gate-Airfoil/data/airfoil/raw/uiuc/coord_seligFmt/coord_seligFmt/e361.dat,True,72,257,0.12106052026467404,0.3666436212625508,0.016913267774978254,0.28069188073073614,0.0
e374,e374.npz,/home/vipuser/Meri-FID-Gate-Airfoil/data/airfoil/raw/uiuc/coord_seligFmt/coord_seligFmt/e374.dat,True,61,257,0.1090947085494636,0.3431591298005542,0.023191059431103004,0.39044937992156514,0.0
e376,e376.npz,/home/vipuser/Meri-FID-Gate-Airfoil/data/airfoil/raw/uiuc/coord_seligFmt/coord_seligFmt/e376.dat,True,61,257,0.024763543989447093,0.042895122148234655,0.08955212252225986,0.3257906598752828,0.0
e377,e377.npz,/home/vipuser/Meri-FID-Gate-Airfoil/data/airfoil/raw/uiuc/coord_seligFmt/coord_seligFmt/e377.dat,True,61,257,0.03872289617505516,0.08426519384872738,0.08804522562128003,0.37256717019774266,0.0
e377m,e377m.npz,/home/vipuser/Meri-FID-Gate-Airfoil/data/airfoil/raw/uiuc/coord_seligFmt/coord_seligFmt/e377m.dat,True,66,257,0.03767499242252474,0.0619649529022967,0.09197936794994838,0.3257906598752828,0.0
e378,e378.npz,/home/vipuser/Meri-FID-Gate-Airfoil/data/airfoil/raw/uiuc/coord_seligFmt/coord_seligFmt/e378.dat,False,61,257,0.04080691758699981,0.07757321737514644,0.08132463167256021,0.3607401553074735,0.0
e379,e379.npz,/home/vipuser/Meri-FID-Gate-Airfoil/data/airfoil/raw/uiuc/coord_seligFmt/coord_seligFmt/e379.dat,True,61,257,0.022395262239512093,0.059039367825822475,0.08032877473979305,0.3373448539188685,0.0
e385,e385.npz,/home/vipuser/Meri-FID-Gate-Airfoil/data/airfoil/raw/uiuc/coord_seligFmt/coord_seligFmt/e385.dat,True,61,257,0.08423957495784024,0.29737934299750507,0.05640161600682658,0.4327096457464369,0.0
e387,e387.npz,/home/vipuser/Meri-FID-Gate-Airfoil/data/airfoil/raw/uiuc/coord_seligFmt/coord_seligFmt/e387.dat,True,61,257,0.09070822191967363,0.3086582838174551,0.03659184178749607,0.40245483899193585,0.0
e392,e392.npz,/home/vipuser/Meri-FID-Gate-Airfoil/data/airfoil/raw/uiuc/coord_seligFmt/coord_seligFmt/e392.dat,True,61,257,0.10152422218941186,0.3143414030240812,0.039885153735891715,0.4084800560224295,0.0
e393,e393.npz,/home/vipuser/Meri-FID-Gate-Airfoil/data/airfoil/raw/uiuc/coord_seligFmt/coord_seligFmt/e393.dat,True,62,257,0.11523387292415992,0.3200524817325059,0.04001264676373216,0.4632177182001663,0.0
e395,e395.npz,/home/vipuser/Meri-FID-Gate-Airfoil/data/airfoil/raw/uiuc/coord_seligFmt/coord_seligFmt/e395.dat,True,72,257,0.12288933982449314,0.29737934299750507,0.05239219310998073,0.5184036114706795,0.0
e396,e396.npz,/home/vipuser/Meri-FID-Gate-Airfoil/data/airfoil/raw/uiuc/coord_seligFmt/coord_seligFmt/e396.dat,True,72,257,0.13059878831050753,0.29737934299750507,0.05442645761066476,0.5184036114706795,0.0
e397,e397.npz,/home/vipuser/Meri-FID-Gate-Airfoil/data/airfoil/raw/uiuc/coord_seligFmt/coord_seligFmt/e397.dat,True,72,257,0.13514117066314163,0.29737934299750507,0.0529947011669969,0.5184036114706795,0.0
e398,e398.npz,/home/vipuser/Meri-FID-Gate-Airfoil/data/airfoil/raw/uiuc/coord_seligFmt/coord_seligFmt/e398.dat,True,72,257,0.14159109133110306,0.29737934299750507,0.052762638339229416,0.46933963184889566,0.0
e399,e399.npz,/home/vipuser/Meri-FID-Gate-Airfoil/data/airfoil/raw/uiuc/coord_seligFmt/coord_seligFmt/e399.dat,True,72,257,0.14832518599166997,0.29737934299750507,0.05144818691979906,0.512270614261456,0.0
e403,e403.npz,/home/vipuser/Meri-FID-Gate-Airfoil/data/airfoil/raw/uiuc/coord_seligFmt/coord_seligFmt/e403.dat,True,61,257,0.14965264037565917,0.378509910048368,0.032426980311035816,0.7517691918628587,0.0
e407,e407.npz,/home/vipuser/Meri-FID-Gate-Airfoil/data/airfoil/raw/uiuc/coord_seligFmt/coord_seligFmt/e407.dat,True,72,257,0.14430016113122202,0.38447094585966435,0.03488789702236748,0.7193081192692636,0.0
e417,e417.npz,/home/vipuser/Meri-FID-Gate-Airfoil/data/airfoil/raw/uiuc/coord_seligFmt/coord_seligFmt/e417.dat,True,61,257,0.1419307545654196,0.38447094585966435,0.03124605498747461,0.7622948413392343,0.0
e420,e420.npz,/home/vipuser/Meri-FID-Gate-Airfoil/data/airfoil/raw/uiuc/coord_seligFmt/coord_seligFmt/e420.dat,True,72,257,0.14341575254122668,0.23770515866076558,0.10629018233610865,0.40245483899193585,0.0
e421,e421.npz,/home/vipuser/Meri-FID-Gate-Airfoil/data/airfoil/raw/uiuc/coord_seligFmt/coord_seligFmt/e421.dat,True,72,257,0.14538704289943508,0.2535509038851079,0.08563945319470363,0.378509910048368,0.0
e422,e422.npz,/home/vipuser/Meri-FID-Gate-Airfoil/data/airfoil/raw/uiuc/coord_seligFmt/coord_seligFmt/e422.dat,True,72,257,0.13997134760990962,0.23770515866076558,0.07113771714274143,0.35485766137276886,0.0
e423,e423.npz,/home/vipuser/Meri-FID-Gate-Airfoil/data/airfoil/raw/uiuc/coord_seligFmt/coord_seligFmt/e423.dat,True,72,257,0.12518926192637178,0.24294862790338917,0.09980744497081015,0.4448888963530584,0.0
e426,e426.npz,/home/vipuser/Meri-FID-Gate-Airfoil/data/airfoil/raw/uiuc/coord_seligFmt/coord_seligFmt/e426.dat,True,40,257,0.10826121998018423,0.22733750578897677,0.0057582484636382845,0.524533837163709,0.0
e428,e428.npz,/home/vipuser/Meri-FID-Gate-Airfoil/data/airfoil/raw/uiuc/coord_seligFmt/coord_seligFmt/e428.dat,True,40,257,0.1113022958850778,0.22733750578897677,0.004933710976224113,0.524533837163709,0.0
e431,e431.npz,/home/vipuser/Meri-FID-Gate-Airfoil/data/airfoil/raw/uiuc/coord_seligFmt/coord_seligFmt/e431.dat,True,72,257,0.15119964220056648,0.4145190556198493,0.04218615537943257,0.4205709283330693,0.0
e432,e432.npz,/home/vipuser/Meri-FID-Gate-Airfoil/data/airfoil/raw/uiuc/coord_seligFmt/coord_seligFmt/e432.dat,True,72,257,0.1598063225591815,0.3666436212625508,0.04467998627868887,0.3666436212625508,0.0
e433,e433.npz,/home/vipuser/Meri-FID-Gate-Airfoil/data/airfoil/raw/uiuc/coord_seligFmt/coord_seligFmt/e433.dat,True,72,257,0.14213741520300138,0.4205709283330693,0.039427280981885235,0.42663476277231915,0.0
e434,e434.npz,/home/vipuser/Meri-FID-Gate-Airfoil/data/airfoil/raw/uiuc/coord_seligFmt/coord_seligFmt/e434.dat,True,72,257,0.13334377474572,0.38447094585966435,0.04309596572335002,0.4084800560224295,0.0
e435,e435.npz,/home/vipuser/Meri-FID-Gate-Airfoil/data/airfoil/raw/uiuc/coord_seligFmt/coord_seligFmt/e435.dat,True,72,257,0.16228667946062794,0.378509910048368,0.04356396326930509,0.567290354253563,0.0
e471,e471.npz,/home/vipuser/Meri-FID-Gate-Airfoil/data/airfoil/raw/uiuc/coord_seligFmt/coord_seligFmt/e471.dat,True,61,257,0.06261796619439294,0.29737934299750507,0.04714671356321097,0.5306603681511043,0.0
e472,e472.npz,/home/vipuser/Meri-FID-Gate-Airfoil/data/airfoil/raw/uiuc/coord_seligFmt/coord_seligFmt/e472.dat,True,61,257,0.12092053087153527,0.17341357852311162,0.0,0.0,0.0
e473,e473.npz,/home/vipuser/Meri-FID-Gate-Airfoil/data/airfoil/raw/uiuc/coord_seligFmt/coord_seligFmt/e473.dat,True,61,257,0.16188206733482177,0.21209590429107733,0.0,0.0,0.0
e474,e474.npz,/home/vipuser/Meri-FID-Gate-Airfoil/data/airfoil/raw/uiuc/coord_seligFmt/coord_seligFmt/e474.dat,True,61,257,0.14077737518290964,0.21209590429107733,0.0,0.0,0.0
e475,e475.npz,/home/vipuser/Meri-FID-Gate-Airfoil/data/airfoil/raw/uiuc/coord_seligFmt/coord_seligFmt/e475.dat,True,61,257,0.1499893612303323,0.21713409460819338,0.0,0.0,0.0
e476,e476.npz,/home/vipuser/Meri-FID-Gate-Airfoil/data/airfoil/raw/uiuc/coord_seligFmt/coord_seligFmt/e476.dat,True,71,257,0.16725271768767677,0.3200524817325059,0.0,0.0,0.0
e477,e477.npz,/home/vipuser/Meri-FID-Gate-Airfoil/data/airfoil/raw/uiuc/coord_seligFmt/coord_seligFmt/e477.dat,True,71,257,0.15346367157001667,0.3143414030240812,0.0,0.0,0.0
e478,e478.npz,/home/vipuser/Meri-FID-Gate-Airfoil/data/airfoil/raw/uiuc/coord_seligFmt/coord_seligFmt/e478.dat,True,71,257,0.15695320970719237,0.25890811396043856,4.979448268395284e-06,0.9686695059562874,0.0
e479,e479.npz,/home/vipuser/Meri-FID-Gate-Airfoil/data/airfoil/raw/uiuc/coord_seligFmt/coord_seligFmt/e479.dat,True,61,257,0.16559331676340122,0.25890811396043856,0.0,0.0,0.0
e485,e485.npz,/home/vipuser/Meri-FID-Gate-Airfoil/data/airfoil/raw/uiuc/coord_seligFmt/coord_seligFmt/e485.dat,True,72,257,0.12516306123036525,0.3257906598752828,0.011195089170562802,0.23770515866076558,0.0
e49,e49.npz,/home/vipuser/Meri-FID-Gate-Airfoil/data/airfoil/raw/uiuc/coord_seligFmt/coord_seligFmt/e49.dat,True,24,257,0.07230533404954206,0.38447094585966435,0.06628763818753125,0.4509914298352196,0.0
e502,e502.npz,/home/vipuser/Meri-FID-Gate-Airfoil/data/airfoil/raw/uiuc/coord_seligFmt/coord_seligFmt/e502.dat,True,72,257,0.1566407859816347,0.4327096457464369,0.015256563436999309,0.3431591298005542,0.0
e520,e520.npz,/home/vipuser/Meri-FID-Gate-Airfoil/data/airfoil/raw/uiuc/coord_seligFmt/coord_seligFmt/e520.dat,True,70,257,0.15007855306877915,0.3666436212625508,0.0006999295830228227,0.00015059065189787502,0.0
e521,e521.npz,/home/vipuser/Meri-FID-Gate-Airfoil/data/airfoil/raw/uiuc/coord_seligFmt/coord_seligFmt/e521.dat,True,70,257,0.13765736608544882,0.3666436212625508,0.0006599336068500897,0.00015059065189787502,0.0
e540,e540.npz,/home/vipuser/Meri-FID-Gate-Airfoil/data/airfoil/raw/uiuc/coord_seligFmt/coord_seligFmt/e540.dat,True,72,257,0.16873947626870908,0.4509914298352196,0.015999484819449142,0.35485766137276886,0.0
e541,e541.npz,/home/vipuser/Meri-FID-Gate-Airfoil/data/airfoil/raw/uiuc/coord_seligFmt/coord_seligFmt/e541.dat,True,72,257,0.16627739465006947,0.45710134382778006,0.016695121959154978,0.35485766137276886,0.0
e542,e542.npz,/home/vipuser/Meri-FID-Gate-Airfoil/data/airfoil/raw/uiuc/coord_seligFmt/coord_seligFmt/e542.dat,True,72,257,0.16860305092842764,0.4145190556198493,0.019326407607515157,0.29737934299750507,0.0
e543,e543.npz,/home/vipuser/Meri-FID-Gate-Airfoil/data/airfoil/raw/uiuc/coord_seligFmt/coord_seligFmt/e543.dat,True,72,257,0.17219995818050232,0.4084800560224295,0.018953664169858907,0.3030039799694759,0.0
e544,e544.npz,/home/vipuser/Meri-FID-Gate-Airfoil/data/airfoil/raw/uiuc/coord_seligFmt/coord_seligFmt/e544.dat,True,72,257,0.1750074350271846,0.40245483899193585,0.018664192349210545,0.3086582838174551,0.0
e545,e545.npz,/home/vipuser/Meri-FID-Gate-Airfoil/data/airfoil/raw/uiuc/coord_seligFmt/coord_seligFmt/e545.dat,True,72,257,0.1744552526892147,0.39644431190389073,0.018315661933068154,0.3086582838174551,0.0
e546,e546.npz,/home/vipuser/Meri-FID-Gate-Airfoil/data/airfoil/raw/uiuc/coord_seligFmt/coord_seligFmt/e546.dat,True,72,257,0.1626391600379621,0.39044937992156514,0.01780417810681729,0.29737934299750507,0.0
e547,e547.npz,/home/vipuser/Meri-FID-Gate-Airfoil/data/airfoil/raw/uiuc/coord_seligFmt/coord_seligFmt/e547.dat,True,72,257,0.17387677888329828,0.38447094585966435,0.020485807862945522,0.29737934299750507,0.0
e548,e548.npz,/home/vipuser/Meri-FID-Gate-Airfoil/data/airfoil/raw/uiuc/coord_seligFmt/coord_seligFmt/e548.dat,True,72,257,0.17390837908909296,0.35485766137276886,0.02218192828486492,0.29178521995118134,0.0
e549,e549.npz,/home/vipuser/Meri-FID-Gate-Airfoil/data/airfoil/raw/uiuc/coord_seligFmt/coord_seligFmt/e549.dat,True,72,257,0.1809550817110161,0.38447094585966435,0.020603636403434093,0.3086582838174551,0.0
e550,e550.npz,/home/vipuser/Meri-FID-Gate-Airfoil/data/airfoil/raw/uiuc/coord_seligFmt/coord_seligFmt/e550.dat,True,72,257,0.18190866287798946,0.3431591298005542,0.022258673141924888,0.29737934299750507,0.0
e551,e551.npz,/home/vipuser/Meri-FID-Gate-Airfoil/data/airfoil/raw/uiuc/coord_seligFmt/coord_seligFmt/e551.dat,True,72,257,0.18235923820301403,0.3489970253403859,0.027988023387678293,0.5854809443801506,0.0
e552,e552.npz,/home/vipuser/Meri-FID-Gate-Airfoil/data/airfoil/raw/uiuc/coord_seligFmt/coord_seligFmt/e552.dat,True,71,257,0.184336051960877,0.3257906598752828,0.025649863648283183,0.4815963885293205,0.0
e553,e553.npz,/home/vipuser/Meri-FID-Gate-Airfoil/data/airfoil/raw/uiuc/coord_seligFmt/coord_seligFmt/e553.dat,True,72,257,0.18119993751133434,0.3200524817325059,0.029581312617006868,0.5915199439775705,0.0
e554,e554.npz,/home/vipuser/Meri-FID-Gate-Airfoil/data/airfoil/raw/uiuc/coord_seligFmt/coord_seligFmt/e554.dat,True,72,257,0.18235182351823517,0.3030039799694759,0.026549321555088167,0.5367822817998337,0.0
e555,e555.npz,/home/vipuser/Meri-FID-Gate-Airfoil/data/airfoil/raw/uiuc/coord_seligFmt/coord_seligFmt/e555.dat,True,72,257,0.16021942614163054,0.3200524817325059,0.02587508452495299,0.651002974659614,0.0
e556,e556.npz,/home/vipuser/Meri-FID-Gate-Airfoil/data/airfoil/raw/uiuc/coord_seligFmt/coord_seligFmt/e556.dat,True,72,257,0.1600533757687532,0.3143414030240812,0.031044376382302584,0.651002974659614,0.0
e557,e557.npz,/home/vipuser/Meri-FID-Gate-Airfoil/data/airfoil/raw/uiuc/coord_seligFmt/coord_seligFmt/e557.dat,True,71,257,0.16004090273916616,0.3030039799694759,0.03665868966681427,0.6095506200784349,0.0
e558,e558.npz,/home/vipuser/Meri-FID-Gate-Airfoil/data/airfoil/raw/uiuc/coord_seligFmt/coord_seligFmt/e558.dat,True,61,257,0.1603730321038005,0.25890811396043856,0.03786780032297758,0.48772938573854385,0.0
e559,e559.npz,/home/vipuser/Meri-FID-Gate-Airfoil/data/airfoil/raw/uiuc/coord_seligFmt/coord_seligFmt/e559.dat,True,61,257,0.16034110551141714,0.26973064452088,0.04310914566400958,0.49999999999999994,0.0
e560,e560.npz,/home/vipuser/Meri-FID-Gate-Airfoil/data/airfoil/raw/uiuc/coord_seligFmt/coord_seligFmt/e560.dat,True,61,257,0.1606432794118435,0.24294862790338917,0.04858828367156406,0.50613576914286,0.0
e561,e561.npz,/home/vipuser/Meri-FID-Gate-Airfoil/data/airfoil/raw/uiuc/coord_seligFmt/coord_seligFmt/e561.dat,True,61,257,0.1689390619976645,0.2751943351726967,0.05065251204803361,0.49386423085714004,0.0
e562,e562.npz,/home/vipuser/Meri-FID-Gate-Airfoil/data/airfoil/raw/uiuc/coord_seligFmt/coord_seligFmt/e562.dat,True,61,257,0.15027302184239555,0.2751943351726967,0.039813719221276765,0.512270614261456,0.0
e58,e58.npz,/home/vipuser/Meri-FID-Gate-Airfoil/data/airfoil/raw/uiuc/coord_seligFmt/coord_seligFmt/e58.dat,True,35,257,0.05600000000000001,0.2535509038851079,0.0645,0.49999999999999994,0.0
e580,e580.npz,/home/vipuser/Meri-FID-Gate-Airfoil/data/airfoil/raw/uiuc/coord_seligFmt/coord_seligFmt/e580.dat,True,61,257,0.16076896871883828,0.35485766137276886,0.04086022771425927,0.6095506200784349,0.0
e582,e582.npz,/home/vipuser/Meri-FID-Gate-Airfoil/data/airfoil/raw/uiuc/coord_seligFmt/coord_seligFmt/e582.dat,True,72,257,0.1473683584685671,0.4145190556198493,0.04222729748111054,0.4145190556198493,0.0
e583,e583.npz,/home/vipuser/Meri-FID-Gate-Airfoil/data/airfoil/raw/uiuc/coord_seligFmt/coord_seligFmt/e583.dat,True,72,257,0.16483168466903858,0.4084800560224295,0.0446911817410879,0.4084800560224295,0.0
e584,e584.npz,/home/vipuser/Meri-FID-Gate-Airfoil/data/airfoil/raw/uiuc/coord_seligFmt/coord_seligFmt/e584.dat,True,72,257,0.16608436142783028,0.4084800560224295,0.04510096346999254,0.3666436212625508,0.0
e585,e585.npz,/home/vipuser/Meri-FID-Gate-Airfoil/data/airfoil/raw/uiuc/coord_seligFmt/coord_seligFmt/e585.dat,True,72,257,0.14616349880131307,0.378509910048368,0.042160946706420545,0.4145190556198493,0.0
e587,e587.npz,/home/vipuser/Meri-FID-Gate-Airfoil/data/airfoil/raw/uiuc/coord_seligFmt/coord_seligFmt/e587.dat,True,72,257,0.16650214214940876,0.38447094585966435,0.041653901449589824,0.5184036114706795,0.0
e59,e59.npz,/home/vipuser/Meri-FID-Gate-Airfoil/data/airfoil/raw/uiuc/coord_seligFmt/coord_seligFmt/e59.dat,True,35,257,0.05600000000000001,0.2535509038851079,0.052000000000000005,0.50613576914286,0.0
e591,e591.npz,/home/vipuser/Meri-FID-Gate-Airfoil/data/airfoil/raw/uiuc/coord_seligFmt/coord_seligFmt/e591.dat,True,61,257,0.15657034083590865,0.2482308081371412,0.06559057936057973,0.47546616283629095,0.0
e593,e593.npz,/home/vipuser/Meri-FID-Gate-Airfoil/data/airfoil/raw/uiuc/coord_seligFmt/coord_seligFmt/e593.dat,True,71,257,0.11298082565408923,0.28069188073073614,0.04660020106499081,0.3257906598752828,0.0
e598,e598.npz,/home/vipuser/Meri-FID-Gate-Airfoil/data/airfoil/raw/uiuc/coord_seligFmt/coord_seligFmt/e598.dat,True,71,257,0.1114303076979322,0.2482308081371412,0.04522545088038183,0.33155507330389,0.0
e603,e603.npz,/home/vipuser/Meri-FID-Gate-Airfoil/data/airfoil/raw/uiuc/coord_seligFmt/coord_seligFmt/e603.dat,True,61,257,0.18989805001398136,0.39644431190389073,0.03569021261050655,0.35485766137276886,0.0
e604,e604.npz,/home/vipuser/Meri-FID-Gate-Airfoil/data/airfoil/raw/uiuc/coord_seligFmt/coord_seligFmt/e604.dat,True,70,257,0.18797823435067956,0.4084800560224295,0.03377447744705426,0.4084800560224295,0.0
e61,e61.npz,/home/vipuser/Meri-FID-Gate-Airfoil/data/airfoil/raw/uiuc/coord_seligFmt/coord_seligFmt/e61.dat,True,61,257,0.05672277055309343,0.23770515866076558,0.06702459400208427,0.50613576914286,0.0
e62,e62.npz,/home/vipuser/Meri-FID-Gate-Airfoil/data/airfoil/raw/uiuc/coord_seligFmt/coord_seligFmt/e62.dat,True,61,257,0.056434064440637755,0.2643016315870011,0.05313663154165769,0.49386423085714004,0.0
e625,e625.npz,/home/vipuser/Meri-FID-Gate-Airfoil/data/airfoil/raw/uiuc/coord_seligFmt/coord_seligFmt/e625.dat,True,99,257,0.12996016601356208,0.29737934299750507,0.028783291942884717,0.22221488349019886,0.0
e63,e63.npz,/home/vipuser/Meri-FID-Gate-Airfoil/data/airfoil/raw/uiuc/coord_seligFmt/coord_seligFmt/e63.dat,True,61,257,0.04274519545830767,0.22733750578897677,0.0545587201107323,0.50613576914286,0.0
e635,e635.npz,/home/vipuser/Meri-FID-Gate-Airfoil/data/airfoil/raw/uiuc/coord_seligFmt/coord_seligFmt/e635.dat,True,61,257,0.11633508414144414,0.2862224532848589,0.02881145557655299,0.22221488349019886,0.0
e636,e636.npz,/home/vipuser/Meri-FID-Gate-Airfoil/data/airfoil/raw/uiuc/coord_seligFmt/coord_seligFmt/e636.dat,True,61,257,0.11882151024376439,0.26973064452088,0.03209548968899013,0.22733750578897677,0.0
e637,e637.npz,/home/vipuser/Meri-FID-Gate-Airfoil/data/airfoil/raw/uiuc/coord_seligFmt/coord_seligFmt/e637.dat,True,61,257,0.12097420838425328,0.2751943351726967,0.035504747573793856,0.23770515866076558,0.0
e638,e638.npz,/home/vipuser/Meri-FID-Gate-Airfoil/data/airfoil/raw/uiuc/coord_seligFmt/coord_seligFmt/e638.dat,True,61,257,0.12356357975570677,0.2862224532848589,0.04417580677202543,0.2482308081371412,0.0
e639,e639.npz,/home/vipuser/Meri-FID-Gate-Airfoil/data/airfoil/raw/uiuc/coord_seligFmt/coord_seligFmt/e639.dat,True,61,257,0.1256271588439688,0.29178521995118134,0.04801091119187696,0.29178521995118134,0.0
e64,e64.npz,/home/vipuser/Meri-FID-Gate-Airfoil/data/airfoil/raw/uiuc/coord_seligFmt/coord_seligFmt/e64.dat,True,61,257,0.08446905407815164,0.28069188073073614,0.03196550195962003,0.512270614261456,0.0
e642,e642.npz,/home/vipuser/Meri-FID-Gate-Airfoil/data/airfoil/raw/uiuc/coord_seligFmt/coord_seligFmt/e642.dat,True,61,257,0.15074308897710315,0.39644431190389073,0.03032409441583011,0.39044937992156514,0.0
e654,e654.npz,/home/vipuser/Meri-FID-Gate-Airfoil/data/airfoil/raw/uiuc/coord_seligFmt/coord_seligFmt/e654.dat,True,72,257,0.17209897950857828,0.37256717019774266,0.04859356258753772,0.45710134382778006,0.0
e655,e655.npz,/home/vipuser/Meri-FID-Gate-Airfoil/data/airfoil/raw/uiuc/coord_seligFmt/coord_seligFmt/e655.dat,True,72,257,0.17330163347857075,0.37256717019774266,0.03956251421613593,0.4509914298352196,0.0
e656,e656.npz,/home/vipuser/Meri-FID-Gate-Airfoil/data/airfoil/raw/uiuc/coord_seligFmt/coord_seligFmt/e656.dat,True,72,257,0.1620433930580789,0.37256717019774266,0.04826629540947576,0.45710134382778006,0.0
e657,e657.npz,/home/vipuser/Meri-FID-Gate-Airfoil/data/airfoil/raw/uiuc/coord_seligFmt/coord_seligFmt/e657.dat,True,72,257,0.15568866447025526,0.37256717019774266,0.04646606378813433,0.4632177182001663,0.0
e66,e66.npz,/home/vipuser/Meri-FID-Gate-Airfoil/data/airfoil/raw/uiuc/coord_seligFmt/coord_seligFmt/e66.dat,True,61,257,0.10128654048606478,0.3143414030240812,0.040587766137186336,0.524533837163709,0.0
e662,e662.npz,/home/vipuser/Meri-FID-Gate-Airfoil/data/airfoil/raw/uiuc/coord_seligFmt/coord_seligFmt/e662.dat,True,62,257,0.15017954468660769,0.42663476277231915,0.04082170334643309,0.47546616283629095,0.0
e664,e664.npz,/home/vipuser/Meri-FID-Gate-Airfoil/data/airfoil/raw/uiuc/coord_seligFmt/coord_seligFmt/e664.dat,True,61,257,0.16611456432029026,0.4448888963530584,0.02626816718541487,0.4084800560224295,0.0
e664ex,e664ex.npz,/home/vipuser/Meri-FID-Gate-Airfoil/data/airfoil/raw/uiuc/coord_seligFmt/coord_seligFmt/e664ex.dat,True,68,257,0.13840193695464037,0.3666436212625508,0.059275580116966986,0.6568408701994457,0.0
e668,e668.npz,/home/vipuser/Meri-FID-Gate-Airfoil/data/airfoil/raw/uiuc/coord_seligFmt/coord_seligFmt/e668.dat,True,72,257,0.1390043259526771,0.378509910048368,0.03971150832890007,0.512270614261456,0.0
e67,e67.npz,/home/vipuser/Meri-FID-Gate-Airfoil/data/airfoil/raw/uiuc/coord_seligFmt/coord_seligFmt/e67.dat,True,62,257,0.11626658475545508,0.3257906598752828,0.03652172461083768,0.5184036114706795,0.0
e678,e678.npz,/home/vipuser/Meri-FID-Gate-Airfoil/data/airfoil/raw/uiuc/coord_seligFmt/coord_seligFmt/e678.dat,True,61,257,0.15081776320918105,0.39644431190389073,0.050855609473550334,0.5367822817998337,0.0
e68,e68.npz,/home/vipuser/Meri-FID-Gate-Airfoil/data/airfoil/raw/uiuc/coord_seligFmt/coord_seligFmt/e68.dat,True,62,257,0.1309734285534501,0.3257906598752828,0.03336077026847981,0.512270614261456,0.0
e682,e682.npz,/home/vipuser/Meri-FID-Gate-Airfoil/data/airfoil/raw/uiuc/coord_seligFmt/coord_seligFmt/e682.dat,True,61,257,0.1530095460180405,0.4084800560224295,0.029234722899852426,0.40245483899193585,0.0
e694,e694.npz,/home/vipuser/Meri-FID-Gate-Airfoil/data/airfoil/raw/uiuc/coord_seligFmt/coord_seligFmt/e694.dat,True,61,257,0.15437366483531278,0.4084800560224295,0.04871472362803104,0.5915199439775705,0.0
e71,e71.npz,/home/vipuser/Meri-FID-Gate-Airfoil/data/airfoil/raw/uiuc/coord_seligFmt/coord_seligFmt/e71.dat,True,61,257,0.051635761170828354,0.2535509038851079,0.046235163478221306,0.5306603681511043,0.0
e715,e715.npz,/home/vipuser/Meri-FID-Gate-Airfoil/data/airfoil/raw/uiuc/coord_seligFmt/coord_seligFmt/e715.dat,True,67,257,0.15034760663178795,0.33155507330389,0.02777848824762588,0.4205709283330693,0.0
e748,e748.npz,/home/vipuser/Meri-FID-Gate-Airfoil/data/airfoil/raw/uiuc/coord_seligFmt/coord_seligFmt/e748.dat,True,61,257,0.19726072146339996,0.2862224532848589,0.045802195757571475,0.5490085701647803,0.0
e793,e793.npz,/home/vipuser/Meri-FID-Gate-Airfoil/data/airfoil/raw/uiuc/coord_seligFmt/coord_seligFmt/e793.dat,True,61,257,0.15631888551477435,0.2643016315870011,0.041490381634477304,0.4448888963530584,0.0
e817,e817.npz,/home/vipuser/Meri-FID-Gate-Airfoil/data/airfoil/raw/uiuc/coord_seligFmt/coord_seligFmt/e817.dat,True,68,257,0.10981606499806784,0.3257906598752828,0.028796636015483542,0.6856585969759188,0.0
e818,e818.npz,/home/vipuser/Meri-FID-Gate-Airfoil/data/airfoil/raw/uiuc/coord_seligFmt/coord_seligFmt/e818.dat,True,67,257,0.09368519840620622,0.33155507330389,0.027945103907648542,0.6742093401247172,0.0
e836,e836.npz,/home/vipuser/Meri-FID-Gate-Airfoil/data/airfoil/raw/uiuc/coord_seligFmt/coord_seligFmt/e836.dat,True,61,257,0.1263950736267007,0.42663476277231915,0.0,0.0,0.0
e837,e837.npz,/home/vipuser/Meri-FID-Gate-Airfoil/data/airfoil/raw/uiuc/coord_seligFmt/coord_seligFmt/e837.dat,True,61,257,0.16096108958594338,0.3666436212625508,0.0,0.0,0.0
e838,e838.npz,/home/vipuser/Meri-FID-Gate-Airfoil/data/airfoil/raw/uiuc/coord_seligFmt/coord_seligFmt/e838.dat,True,61,257,0.1836793129323872,0.37256717019774266,3.9231817419438375e-06,0.46933963184889566,0.0
e850,e850.npz,/home/vipuser/Meri-FID-Gate-Airfoil/data/airfoil/raw/uiuc/coord_seligFmt/coord_seligFmt/e850.dat,True,67,257,0.07982912654069926,0.3666436212625508,0.01826848084527847,0.7082147800488185,0.0
e851,e851.npz,/home/vipuser/Meri-FID-Gate-Airfoil/data/airfoil/raw/uiuc/coord_seligFmt/coord_seligFmt/e851.dat,True,67,257,0.09013345412743971,0.3666436212625508,0.023425636890851347,0.6626551460811314,0.0
e852,e852.npz,/home/vipuser/Meri-FID-Gate-Airfoil/data/airfoil/raw/uiuc/coord_seligFmt/coord_seligFmt/e852.dat,True,67,257,0.10071385051311854,0.37256717019774266,0.027713965805836197,0.6095506200784349,0.0
e853,e853.npz,/home/vipuser/Meri-FID-Gate-Airfoil/data/airfoil/raw/uiuc/coord_seligFmt/coord_seligFmt/e853.dat,True,66,257,0.11601541379952385,0.3666436212625508,0.030805697099847446,0.5612053375996081,0.0
e854,e854.npz,/home/vipuser/Meri-FID-Gate-Airfoil/data/airfoil/raw/uiuc/coord_seligFmt/coord_seligFmt/e854.dat,True,67,257,0.1340504765243104,0.3257906598752828,0.032752873288677806,0.5551111036469415,0.0
e855,e855.npz,/home/vipuser/Meri-FID-Gate-Airfoil/data/airfoil/raw/uiuc/coord_seligFmt/coord_seligFmt/e855.dat,True,66,257,0.15715512253481329,0.3200524817325059,0.03663256856913347,0.50613576914286,0.0
e856,e856.npz,/home/vipuser/Meri-FID-Gate-Airfoil/data/airfoil/raw/uiuc/coord_seligFmt/coord_seligFmt/e856.dat,True,67,257,0.18152442411611977,0.3143414030240812,0.041833987704722284,0.49999999999999994,0.0
e857,e857.npz,/home/vipuser/Meri-FID-Gate-Airfoil/data/airfoil/raw/uiuc/coord_seligFmt/coord_seligFmt/e857.dat,True,66,257,0.20345834223166004,0.29178521995118134,0.04860754988572254,0.4509914298352196,0.0
e858,e858.npz,/home/vipuser/Meri-FID-Gate-Airfoil/data/airfoil/raw/uiuc/coord_seligFmt/coord_seligFmt/e858.dat,True,67,257,0.22700099819150216,0.2862224532848589,0.04731025987595591,0.4448888963530584,0.0
e862,e862.npz,/home/vipuser/Meri-FID-Gate-Airfoil/data/airfoil/raw/uiuc/coord_seligFmt/coord_seligFmt/e862.dat,True,61,257,0.3236423983517437,0.2862224532848589,0.0,0.0,0.012
e863,e863.npz,/home/vipuser/Meri-FID-Gate-Airfoil/data/airfoil/raw/uiuc/coord_seligFmt/coord_seligFmt/e863.dat,False,61,257,0.357274697695737,0.2862224532848589,0.0,0.0,0.014
e864,e864.npz,/home/vipuser/Meri-FID-Gate-Airfoil/data/airfoil/raw/uiuc/coord_seligFmt/coord_seligFmt/e864.dat,False,61,257,0.388245223075664,0.3257906598752828,0.0005315972625786203,0.10582678618669683,0.016
e874,e874.npz,/home/vipuser/Meri-FID-Gate-Airfoil/data/airfoil/raw/uiuc/coord_seligFmt/coord_seligFmt/e874.dat,True,120,257,0.07902847826925861,0.2862224532848589,0.008884919137882485,0.35485766137276886,0.0
e904,e904.npz,/home/vipuser/Meri-FID-Gate-Airfoil/data/airfoil/raw/uiuc/coord_seligFmt/coord_seligFmt/e904.dat,True,109,257,0.0899742129304158,0.4509914298352196,0.013402375453195368,0.50613576914286,0.0
e908,e908.npz,/home/vipuser/Meri-FID-Gate-Airfoil/data/airfoil/raw/uiuc/coord_seligFmt/coord_seligFmt/e908.dat,True,109,257,0.09004689055137421,0.4448888963530584,0.027591200406881525,0.6626551460811314,0.0
ea61009,ea61009.npz,/home/vipuser/Meri-FID-Gate-Airfoil/data/airfoil/raw/uiuc/coord_seligFmt/coord_seligFmt/ea61009.dat,True,27,257,0.08992790448073257,0.3030039799694759,0.0,0.0,0.0
ea61012,ea61012.npz,/home/vipuser/Meri-FID-Gate-Airfoil/data/airfoil/raw/uiuc/coord_seligFmt/coord_seligFmt/ea61012.dat,True,27,257,0.11996395224036628,0.3030039799694759,0.0,0.0,0.0
ea81006,ea81006.npz,/home/vipuser/Meri-FID-Gate-Airfoil/data/airfoil/raw/uiuc/coord_seligFmt/coord_seligFmt/ea81006.dat,True,27,257,0.05998798408012209,0.3030039799694759,0.0,0.0,0.0
ebambino7,ebambino7.npz,/home/vipuser/Meri-FID-Gate-Airfoil/data/airfoil/raw/uiuc/coord_seligFmt/coord_seligFmt/ebambino7.dat,True,33,257,0.05995090322016128,0.40245483899193585,0.018834947565723518,0.20215034775378327,0.005000000000000001
ec863914,ec863914.npz,/home/vipuser/Meri-FID-Gate-Airfoil/data/airfoil/raw/uiuc/coord_seligFmt/coord_seligFmt/ec863914.dat,True,31,257,0.14270471417513705,0.33155507330389,0.04392430442049871,0.7137775467151409,0.0
eh0009,eh0009.npz,/home/vipuser/Meri-FID-Gate-Airfoil/data/airfoil/raw/uiuc/coord_seligFmt/coord_seligFmt/eh0009.dat,True,100,257,0.08998378348959007,0.29178521995118134,9.976060429399414e-06,0.7674988099435485,0.0
eh1070,eh1070.npz,/home/vipuser/Meri-FID-Gate-Airfoil/data/airfoil/raw/uiuc/coord_seligFmt/coord_seligFmt/eh1070.dat,True,101,257,0.06998668204285963,0.2862224532848589,0.009999804026970443,0.25890811396043856,0.0
eh1090,eh1090.npz,/home/vipuser/Meri-FID-Gate-Airfoil/data/airfoil/raw/uiuc/coord_seligFmt/coord_seligFmt/eh1090.dat,True,99,257,0.08989445801182808,0.29178521995118134,0.009962281426021308,0.25890811396043856,0.0
eh1590,eh1590.npz,/home/vipuser/Meri-FID-Gate-Airfoil/data/airfoil/raw/uiuc/coord_seligFmt/coord_seligFmt/eh1590.dat,True,99,257,0.08991378236453733,0.29178521995118134,0.01494467015199579,0.25890811396043856,0.0
eh2010,eh2010.npz,/home/vipuser/Meri-FID-Gate-Airfoil/data/airfoil/raw/uiuc/coord_seligFmt/coord_seligFmt/eh2010.dat,True,101,257,0.10075951189557253,0.29178521995118134,0.019981578748331976,0.25890811396043856,0.0
eh2012,eh2012.npz,/home/vipuser/Meri-FID-Gate-Airfoil/data/airfoil/raw/uiuc/coord_seligFmt/coord_seligFmt/eh2012.dat,True,101,257,0.1198774863105484,0.2862224532848589,0.019924608053940873,0.25890811396043856,0.0
eh2070,eh2070.npz,/home/vipuser/Meri-FID-Gate-Airfoil/data/airfoil/raw/uiuc/coord_seligFmt/coord_seligFmt/eh2070.dat,True,101,257,0.06998699913707725,0.2862224532848589,0.019924608053940876,0.25890811396043856,0.0
eh2510,eh2510.npz,/home/vipuser/Meri-FID-Gate-Airfoil/data/airfoil/raw/uiuc/coord_seligFmt/coord_seligFmt/eh2510.dat,True,99,257,0.09992008300678104,0.29737934299750507,0.024675988000446153,0.2482308081371412,0.0
eh3012,eh3012.npz,/home/vipuser/Meri-FID-Gate-Airfoil/data/airfoil/raw/uiuc/coord_seligFmt/coord_seligFmt/eh3012.dat,True,101,257,0.11973588995557705,0.29737934299750507,0.0292706042177097,0.2482308081371412,0.0
eiffel10,eiffel10.npz,/home/vipuser/Meri-FID-Gate-Airfoil/data/airfoil/raw/uiuc/coord_seligFmt/coord_seligFmt/eiffel10.dat,True,34,257,0.02639175980882224,0.013530023897219912,0.0453,0.49999999999999994,0.0064
eiffel371,eiffel371.npz,/home/vipuser/Meri-FID-Gate-Airfoil/data/airfoil/raw/uiuc/coord_seligFmt/coord_seligFmt/eiffel371.dat,True,33,257,0.14390387264097676,0.3030039799694759,0.03319213802899251,0.29737934299750507,0.0
eiffel385,eiffel385.npz,/home/vipuser/Meri-FID-Gate-Airfoil/data/airfoil/raw/uiuc/coord_seligFmt/coord_seligFmt/eiffel385.dat,True,33,257,0.13346774478369328,0.20215034775378327,0.04409999999999999,0.49999999999999994,0.0
eiffel428,eiffel428.npz,/home/vipuser/Meri-FID-Gate-Airfoil/data/airfoil/raw/uiuc/coord_seligFmt/coord_seligFmt/eiffel428.dat,True,33,257,0.08945494030045786,0.3030039799694759,0.04196317741512097,0.40245483899193585,0.0
eiffel430,eiffel430.npz,/home/vipuser/Meri-FID-Gate-Airfoil/data/airfoil/raw/uiuc/coord_seligFmt/coord_seligFmt/eiffel430.dat,True,33,257,0.09685291123286022,0.15081187529551354,0.04473126450822579,0.40245483899193585,0.0
esa40,esa40.npz,/home/vipuser/Meri-FID-Gate-Airfoil/data/airfoil/raw/uiuc/coord_seligFmt/coord_seligFmt/esa40.dat,True,79,257,0.10716744407791924,0.2751943351726967,0.01949106457403737,0.12139557674675772,0.008872592624
falcon,falcon.npz,/home/vipuser/Meri-FID-Gate-Airfoil/data/airfoil/raw/uiuc/coord_seligFmt/coord_seligFmt/falcon.dat,True,79,257,0.13674056537560772,0.3086582838174551,0.016309959014066316,0.20710107127178057,0.002891
fauvel,fauvel.npz,/home/vipuser/Meri-FID-Gate-Airfoil/data/airfoil/raw/uiuc/coord_seligFmt/coord_seligFmt/fauvel.dat,True,35,257,0.13980963737409174,0.2535509038851079,0.02535505907060086,0.2482308081371412,0.0
fg1,fg1.npz,/home/vipuser/Meri-FID-Gate-Airfoil/data/airfoil/raw/uiuc/coord_seligFmt/coord_seligFmt/fg1.dat,True,33,257,0.08166695622033575,0.3030039799694759,0.030706488385234782,0.39644431190389073,0.0
fg2,fg2.npz,/home/vipuser/Meri-FID-Gate-Airfoil/data/airfoil/raw/uiuc/coord_seligFmt/coord_seligFmt/fg2.dat,True,33,257,0.08152189652079364,0.3030039799694759,0.03346086139429609,0.3030039799694759,0.0
fg3,fg3.npz,/home/vipuser/Meri-FID-Gate-Airfoil/data/airfoil/raw/uiuc/coord_seligFmt/coord_seligFmt/fg3.dat,True,33,257,0.10131288458088519,0.3030039799694759,0.04290184945438766,0.3030039799694759,0.0
fg4,fg4.npz,/home/vipuser/Meri-FID-Gate-Airfoil/data/airfoil/raw/uiuc/coord_seligFmt/coord_seligFmt/fg4.dat,True,33,257,0.1269218965207936,0.3030039799694759,0.04724849801001526,0.3030039799694759,0.0
fx049915,fx049915.npz,/home/vipuser/Meri-FID-Gate-Airfoil/data/airfoil/raw/uiuc/coord_seligFmt/coord_seligFmt/fx049915.dat,True,25,257,0.14705040666887553,0.3666436212625508,0.05810884054010387,0.3666436212625508,0.0
fx05188,fx05188.npz,/home/vipuser/Meri-FID-Gate-Airfoil/data/airfoil/raw/uiuc/coord_seligFmt/coord_seligFmt/fx05188.dat,True,49,257,0.18812719242484288,0.37256717019774266,0.026210000000000004,0.49999999999999994,0.0
fx05191,fx05191.npz,/home/vipuser/Meri-FID-Gate-Airfoil/data/airfoil/raw/uiuc/coord_seligFmt/coord_seligFmt/fx05191.dat,True,49,257,0.19080198652764752,0.37256717019774266,0.026205,0.49999999999999994,0.0
fx057816,fx057816.npz,/home/vipuser/Meri-FID-Gate-Airfoil/data/airfoil/raw/uiuc/coord_seligFmt/coord_seligFmt/fx057816.dat,True,25,257,0.16168966111779778,0.37256717019774266,0.05127277529657624,0.37256717019774266,0.0
fx05h126,fx05h126.npz,/home/vipuser/Meri-FID-Gate-Airfoil/data/airfoil/raw/uiuc/coord_seligFmt/coord_seligFmt/fx05h126.dat,True,49,257,0.1260097087484388,0.3666436212625508,0.04397539495395013,0.37256717019774266,0.0
fx082512,fx082512.npz,/home/vipuser/Meri-FID-Gate-Airfoil/data/airfoil/raw/uiuc/coord_seligFmt/coord_seligFmt/fx082512.dat,True,25,257,0.11770510621387792,0.2482308081371412,0.041494221566777734,0.6333563787374492,0.0
fx08s176,fx08s176.npz,/home/vipuser/Meri-FID-Gate-Airfoil/data/airfoil/raw/uiuc/coord_seligFmt/coord_seligFmt/fx08s176.dat,True,49,257,0.1759846593792796,0.37256717019774266,0.056554854374219386,0.3666436212625508,0.0
fx2,fx2.npz,/home/vipuser/Meri-FID-Gate-Airfoil/data/airfoil/raw/uiuc/coord_seligFmt/coord_seligFmt/fx2.dat,True,47,257,0.20437798721470246,0.4387946624003919,0.03772498010562342,0.6913417161825448,0.0
fx3,fx3.npz,/home/vipuser/Meri-FID-Gate-Airfoil/data/airfoil/raw/uiuc/coord_seligFmt/coord_seligFmt/fx3.dat,True,47,257,0.19977,0.49999999999999994,0.04154735962048876,0.746449096114892,0.0
fx38153,fx38153.npz,/home/vipuser/Meri-FID-Gate-Airfoil/data/airfoil/raw/uiuc/coord_seligFmt/coord_seligFmt/fx38153.dat,False,97,257,0.1553960589535372,0.4327096457464369,0.0213691270843754,0.8027555207021627,0.0
fx60100,fx60100.npz,/home/vipuser/Meri-FID-Gate-Airfoil/data/airfoil/raw/uiuc/coord_seligFmt/coord_seligFmt/fx60100.dat,True,97,257,0.09991496067058658,0.28069188073073614,0.035632454552170095,0.567290354253563,0.0
fx601001,fx601001.npz,/home/vipuser/Meri-FID-Gate-Airfoil/data/airfoil/raw/uiuc/coord_seligFmt/coord_seligFmt/fx601001.dat,True,35,257,0.10114203172353753,0.3086582838174551,0.0357363709747984,0.5975451610080641,0.0
fx60100sm,fx60100sm.npz,/home/vipuser/Meri-FID-Gate-Airfoil/data/airfoil/raw/uiuc/coord_seligFmt/coord_seligFmt/fx60100sm.dat,True,69,257,0.09976942814488973,0.28069188073073614,0.03483387198092485,0.567290354253563,0.0
fx60126,fx60126.npz,/home/vipuser/Meri-FID-Gate-Airfoil/data/airfoil/raw/uiuc/coord_seligFmt/coord_seligFmt/fx60126.dat,True,97,257,0.1258863545195026,0.28069188073073614,0.0356324545521701,0.567290354253563,0.0
fx601261,fx601261.npz,/home/vipuser/Meri-FID-Gate-Airfoil/data/airfoil/raw/uiuc/coord_seligFmt/coord_seligFmt/fx601261.dat,True,97,257,0.1259174028512181,0.28069188073073614,0.03964875587130102,0.5612053375996081,0.0
fx60157,fx60157.npz,/home/vipuser/Meri-FID-Gate-Airfoil/data/airfoil/raw/uiuc/coord_seligFmt/coord_seligFmt/fx60157.dat,True,97,257,0.15672908374456282,0.40245483899193585,0.027151576127635954,0.7517691918628587,0.0
fx60160,fx60160.npz,/home/vipuser/Meri-FID-Gate-Airfoil/data/airfoil/raw/uiuc/coord_seligFmt/coord_seligFmt/fx60160.dat,True,37,257,0.15586288564164533,0.39644431190389073,0.030774353870318544,0.5975451610080641,0.0
fx60177,fx60177.npz,/home/vipuser/Meri-FID-Gate-Airfoil/data/airfoil/raw/uiuc/coord_seligFmt/coord_seligFmt/fx60177.dat,True,97,257,0.17721181260979896,0.37256717019774266,0.02722472048351528,0.777785116509801,0.0
fx61140,fx61140.npz,/home/vipuser/Meri-FID-Gate-Airfoil/data/airfoil/raw/uiuc/coord_seligFmt/coord_seligFmt/fx61140.dat,True,97,257,0.13980535248296405,0.3373448539188685,0.024629992801247714,0.3086582838174551,0.0
fx61147,fx61147.npz,/home/vipuser/Meri-FID-Gate-Airfoil/data/airfoil/raw/uiuc/coord_seligFmt/coord_seligFmt/fx61147.dat,True,97,257,0.1476283358860757,0.3373448539188685,0.0318364458647636,0.3373448539188685,0.0
fx61163,fx61163.npz,/home/vipuser/Meri-FID-Gate-Airfoil/data/airfoil/raw/uiuc/coord_seligFmt/coord_seligFmt/fx61163.dat,True,97,257,0.16350366508053588,0.3666436212625508,0.025564830348747052,0.3373448539188685,0.0
fx61168,fx61168.npz,/home/vipuser/Meri-FID-Gate-Airfoil/data/airfoil/raw/uiuc/coord_seligFmt/coord_seligFmt/fx61168.dat,True,97,257,0.16802739486161586,0.3666436212625508,0.02989307220829145,0.37256717019774266,0.0
fx61184,fx61184.npz,/home/vipuser/Meri-FID-Gate-Airfoil/data/airfoil/raw/uiuc/coord_seligFmt/coord_seligFmt/fx61184.dat,True,97,257,0.18367016907160794,0.37256717019774266,0.030864616721028342,0.6274328298022572,0.0
fx62k131,fx62k131.npz,/home/vipuser/Meri-FID-Gate-Airfoil/data/airfoil/raw/uiuc/coord_seligFmt/coord_seligFmt/fx62k131.dat,False,97,257,0.130889898094936,0.40245483899193585,0.03891812877812029,0.5306603681511043,0.0
fx62k153,fx62k153.npz,/home/vipuser/Meri-FID-Gate-Airfoil/data/airfoil/raw/uiuc/coord_seligFmt/coord_seligFmt/fx62k153.dat,True,97,257,0.15272965351685147,0.40245483899193585,0.04081389218884021,0.6274328298022572,0.0
fx63100,fx63100.npz,/home/vipuser/Meri-FID-Gate-Airfoil/data/airfoil/raw/uiuc/coord_seligFmt/coord_seligFmt/fx63100.dat,True,33,257,0.09926554468944465,0.3030039799694759,0.043425,0.49999999999999994,0.0
fx63110,fx63110.npz,/home/vipuser/Meri-FID-Gate-Airfoil/data/airfoil/raw/uiuc/coord_seligFmt/coord_seligFmt/fx63110.dat,True,33,257,0.10996209915838913,0.3030039799694759,0.04342499999999999,0.49999999999999994,0.0
fx63120,fx63120.npz,/home/vipuser/Meri-FID-Gate-Airfoil/data/airfoil/raw/uiuc/coord_seligFmt/coord_seligFmt/fx63120.dat,True,35,257,0.1200432755433895,0.3086582838174551,0.05235,0.49999999999999994,0.0
fx63137,fx63137.npz,/home/vipuser/Meri-FID-Gate-Airfoil/data/airfoil/raw/uiuc/coord_seligFmt/coord_seligFmt/fx63137.dat,True,97,257,0.13711998560249544,0.3086582838174551,0.05968374622794846,0.5367822817998337,0.0
fx63137sm,fx63137sm.npz,/home/vipuser/Meri-FID-Gate-Airfoil/data/airfoil/raw/uiuc/coord_seligFmt/coord_seligFmt/fx63137sm.dat,True,69,257,0.1367349972356791,0.3086582838174551,0.05840041818462571,0.5612053375996081,0.0
fx63143,fx63143.npz,/home/vipuser/Meri-FID-Gate-Airfoil/data/airfoil/raw/uiuc/coord_seligFmt/coord_seligFmt/fx63143.dat,True,97,257,0.14314541175794332,0.3373448539188685,0.03086953633703941,0.3086582838174551,0.0
fx63145,fx63145.npz,/home/vipuser/Meri-FID-Gate-Airfoil/data/airfoil/raw/uiuc/coord_seligFmt/coord_seligFmt/fx63145.dat,True,97,257,0.14470490003742692,0.3086582838174551,0.040365084535803966,0.37256717019774266,0.0
fx63147,fx63147.npz,/home/vipuser/Meri-FID-Gate-Airfoil/data/airfoil/raw/uiuc/coord_seligFmt/coord_seligFmt/fx63147.dat,False,97,257,0.14747283451258156,0.3431591298005542,0.031304030690390075,0.3373448539188685,0.0
fx63158,fx63158.npz,/home/vipuser/Meri-FID-Gate-Airfoil/data/airfoil/raw/uiuc/coord_seligFmt/coord_seligFmt/fx63158.dat,True,97,257,0.1581032168126748,0.3431591298005542,0.03766063754711048,0.37256717019774266,0.0
fx6617a2,fx6617a2.npz,/home/vipuser/Meri-FID-Gate-Airfoil/data/airfoil/raw/uiuc/coord_seligFmt/coord_seligFmt/fx6617a2.dat,True,87,257,0.18193761057233934,0.3431591298005542,0.038034760417996624,0.37256717019774266,0.0
fx6617ai,fx6617ai.npz,/home/vipuser/Meri-FID-Gate-Airfoil/data/airfoil/raw/uiuc/coord_seligFmt/coord_seligFmt/fx6617ai.dat,True,66,257,0.18828867939459226,0.3489970253403859,0.03679002666136874,0.40245483899193585,0.0007997876
fx66182,fx66182.npz,/home/vipuser/Meri-FID-Gate-Airfoil/data/airfoil/raw/uiuc/coord_seligFmt/coord_seligFmt/fx66182.dat,True,87,257,0.18193761057233934,0.3431591298005542,0.038034760417996624,0.37256717019774266,0.0
fx66196v,fx66196v.npz,/home/vipuser/Meri-FID-Gate-Airfoil/data/airfoil/raw/uiuc/coord_seligFmt/coord_seligFmt/fx66196v.dat,True,87,257,0.19561560102106307,0.37256717019774266,0.04009311934192268,0.4632177182001663,0.0
fx66a175,fx66a175.npz,/home/vipuser/Meri-FID-Gate-Airfoil/data/airfoil/raw/uiuc/coord_seligFmt/coord_seligFmt/fx66a175.dat,True,87,257,0.17514483229720865,0.3373448539188685,0.04156498651256506,0.40245483899193585,0.0
fx66h60,fx66h60.npz,/home/vipuser/Meri-FID-Gate-Airfoil/data/airfoil/raw/uiuc/coord_seligFmt/coord_seligFmt/fx66h60.dat,True,97,257,0.06016998769901713,0.22221488349019886,0.01682422182768861,0.1687921112049141,0.0
fx66h80,fx66h80.npz,/home/vipuser/Meri-FID-Gate-Airfoil/data/airfoil/raw/uiuc/coord_seligFmt/coord_seligFmt/fx66h80.dat,True,97,257,0.07998496067058658,0.28069188073073614,0.02468058281690637,0.2482308081371412,0.0
fx66s161,fx66s161.npz,/home/vipuser/Meri-FID-Gate-Airfoil/data/airfoil/raw/uiuc/coord_seligFmt/coord_seligFmt/fx66s161.dat,True,87,257,0.16115862422290647,0.3373448539188685,0.03909468560634042,0.4327096457464369,0.0
fx66s171,fx66s171.npz,/home/vipuser/Meri-FID-Gate-Airfoil/data/airfoil/raw/uiuc/coord_seligFmt/coord_seligFmt/fx66s171.dat,True,87,257,0.17107672826005754,0.3373448539188685,0.038848428031702104,0.4327096457464369,0.0
fx66s196,fx66s196.npz,/home/vipuser/Meri-FID-Gate-Airfoil/data/airfoil/raw/uiuc/coord_seligFmt/coord_seligFmt/fx66s196.dat,True,87,257,0.19631641793235585,0.37256717019774266,0.03776028409510632,0.4327096457464369,0.0
fx67k150,fx67k150.npz,/home/vipuser/Meri-FID-Gate-Airfoil/data/airfoil/raw/uiuc/coord_seligFmt/coord_seligFmt/fx67k150.dat,True,87,257,0.1498299820167534,0.40245483899193585,0.04831628297395493,0.4387946624003919,0.0
fx67k170,fx67k170.npz,/home/vipuser/Meri-FID-Gate-Airfoil/data/airfoil/raw/uiuc/coord_seligFmt/coord_seligFmt/fx67k170.dat,True,87,257,0.17006,0.40245483899193585,0.05067315090810745,0.4387946624003919,0.0
fx68h120,fx68h120.npz,/home/vipuser/Meri-FID-Gate-Airfoil/data/airfoil/raw/uiuc/coord_seligFmt/coord_seligFmt/fx68h120.dat,True,97,257,0.11805646571630762,0.2535509038851079,0.02312684006191846,0.3373448539188685,0.0
fx69274,fx69274.npz,/home/vipuser/Meri-FID-Gate-Airfoil/data/airfoil/raw/uiuc/coord_seligFmt/coord_seligFmt/fx69274.dat,True,97,257,0.2740862810526139,0.3373448539188685,0.031851001579451574,0.37256717019774266,0.0
fx69h083,fx69h083.npz,/home/vipuser/Meri-FID-Gate-Airfoil/data/airfoil/raw/uiuc/coord_seligFmt/coord_seligFmt/fx69h083.dat,True,53,257,0.08399272508287975,0.3373448539188685,0.02453505172869397,0.33155507330389,0.0019
fx69h098,fx69h098.npz,/home/vipuser/Meri-FID-Gate-Airfoil/data/airfoil/raw/uiuc/coord_seligFmt/coord_seligFmt/fx69h098.dat,True,45,257,0.09887099164216588,0.28069188073073614,0.017433087458448477,0.22733750578897677,0.0021999999999999997
fx69pr281,fx69pr281.npz,/home/vipuser/Meri-FID-Gate-Airfoil/data/airfoil/raw/uiuc/coord_seligFmt/coord_seligFmt/fx69pr281.dat,True,97,257,0.28128967314531234,0.22221488349019886,0.056144999999999994,0.49999999999999994,0.0
fx71089a,fx71089a.npz,/home/vipuser/Meri-FID-Gate-Airfoil/data/airfoil/raw/uiuc/coord_seligFmt/coord_seligFmt/fx71089a.dat,True,85,257,0.08935999648543345,0.22221488349019886,0.0,0.0,0.0
fx71120,fx71120.npz,/home/vipuser/Meri-FID-Gate-Airfoil/data/airfoil/raw/uiuc/coord_seligFmt/coord_seligFmt/fx71120.dat,True,85,257,0.11984726742092221,0.2482308081371412,0.0,0.0,0.0
fx711520,fx711520.npz,/home/vipuser/Meri-FID-Gate-Airfoil/data/airfoil/raw/uiuc/coord_seligFmt/coord_seligFmt/fx711520.dat,True,87,257,0.14998081676778896,0.3373448539188685,0.0,0.0,0.0
fx711525,fx711525.npz,/home/vipuser/Meri-FID-Gate-Airfoil/data/airfoil/raw/uiuc/coord_seligFmt/coord_seligFmt/fx711525.dat,True,87,257,0.1499753980604216,0.3431591298005542,0.0,0.0,0.0
fx711530,fx711530.npz,/home/vipuser/Meri-FID-Gate-Airfoil/data/airfoil/raw/uiuc/coord_seligFmt/coord_seligFmt/fx711530.dat,True,87,257,0.1499709285696499,0.3373448539188685,0.0,0.0,0.0
fx71l150,fx71l150.npz,/home/vipuser/Meri-FID-Gate-Airfoil/data/airfoil/raw/uiuc/coord_seligFmt/coord_seligFmt/fx71l150.dat,True,87,257,0.1499709285696499,0.3373448539188685,0.0,0.0,0.0
fx72150a,fx72150a.npz,/home/vipuser/Meri-FID-Gate-Airfoil/data/airfoil/raw/uiuc/coord_seligFmt/coord_seligFmt/fx72150a.dat,True,87,257,0.15009613536693964,0.3666436212625508,0.08339907446404754,0.46933963184889566,0.0
fx72150b,fx72150b.npz,/home/vipuser/Meri-FID-Gate-Airfoil/data/airfoil/raw/uiuc/coord_seligFmt/coord_seligFmt/fx72150b.dat,True,87,257,0.15009613536693966,0.3666436212625508,0.09721751511248113,0.46933963184889566,0.0
fx72ls160,fx72ls160.npz,/home/vipuser/Meri-FID-Gate-Airfoil/data/airfoil/raw/uiuc/coord_seligFmt/coord_seligFmt/fx72ls160.dat,True,97,257,0.16011255303127028,0.37256717019774266,0.08239073109110587,0.4327096457464369,0.0
fx73170,fx73170.npz,/home/vipuser/Meri-FID-Gate-Airfoil/data/airfoil/raw/uiuc/coord_seligFmt/coord_seligFmt/fx73170.dat,True,97,257,0.17088931061557433,0.4327096457464369,0.04369250942112998,0.5612053375996081,0.0
fx73170a,fx73170a.npz,/home/vipuser/Meri-FID-Gate-Airfoil/data/airfoil/raw/uiuc/coord_seligFmt/coord_seligFmt/fx73170a.dat,True,97,257,0.1711030227423827,0.4327096457464369,0.05638128297395492,0.4387946624003919,0.0
fx73cl1152,fx73cl1152.npz,/home/vipuser/Meri-FID-Gate-Airfoil/data/airfoil/raw/uiuc/coord_seligFmt/coord_seligFmt/fx73cl1152.dat,True,97,257,0.15217995606791831,0.22221488349019886,0.060854720495347736,0.3373448539188685,0.0
fx73cl2152,fx73cl2152.npz,/home/vipuser/Meri-FID-Gate-Airfoil/data/airfoil/raw/uiuc/coord_seligFmt/coord_seligFmt/fx73cl2152.dat,True,97,257,0.1521699578252016,0.22221488349019886,0.06624836743459556,0.4327096457464369,0.0
fx73cl3152,fx73cl3152.npz,/home/vipuser/Meri-FID-Gate-Airfoil/data/airfoil/raw/uiuc/coord_seligFmt/coord_seligFmt/fx73cl3152.dat,True,97,257,0.15216995958248486,0.22221488349019886,0.08009402652046799,0.4327096457464369,0.0
fx73k170,fx73k170.npz,/home/vipuser/Meri-FID-Gate-Airfoil/data/airfoil/raw/uiuc/coord_seligFmt/coord_seligFmt/fx73k170.dat,True,97,257,0.1707798051814953,0.40245483899193585,0.04591313206584749,0.5612053375996081,0.0
fx74080,fx74080.npz,/home/vipuser/Meri-FID-Gate-Airfoil/data/airfoil/raw/uiuc/coord_seligFmt/coord_seligFmt/fx74080.dat,True,97,257,0.08150003768451992,0.4387946624003919,0.0431403219453007,0.46933963184889566,0.0
fx74130wp1,fx74130wp1.npz,/home/vipuser/Meri-FID-Gate-Airfoil/data/airfoil/raw/uiuc/coord_seligFmt/coord_seligFmt/fx74130wp1.dat,True,97,257,0.13010993964717527,0.4632177182001663,0.038165000000000004,0.49999999999999994,0.0
fx74130wp2,fx74130wp2.npz,/home/vipuser/Meri-FID-Gate-Airfoil/data/airfoil/raw/uiuc/coord_seligFmt/coord_seligFmt/fx74130wp2.dat,True,97,257,0.12989626413169497,0.4387946624003919,0.03941845072342098,0.46933963184889566,0.0
fx74130wp2mod,fx74130wp2mod.npz,/home/vipuser/Meri-FID-Gate-Airfoil/data/airfoil/raw/uiuc/coord_seligFmt/coord_seligFmt/fx74130wp2mod.dat,True,97,257,0.12910547729455282,0.4327096457464369,0.0388183371360423,0.4327096457464369,0.0
fx74cl5140,fx74cl5140.npz,/home/vipuser/Meri-FID-Gate-Airfoil/data/airfoil/raw/uiuc/coord_seligFmt/coord_seligFmt/fx74cl5140.dat,True,87,257,0.14046997311314013,0.3086582838174551,0.09933238415762727,0.37256717019774266,0.0
fx74cl6140,fx74cl6140.npz,/home/vipuser/Meri-FID-Gate-Airfoil/data/airfoil/raw/uiuc/coord_seligFmt/coord_seligFmt/fx74cl6140.dat,True,97,257,0.1405399665977894,0.3086582838174551,0.07133088484499744,0.3431591298005542,0.0
fx74modsm,fx74modsm.npz,/home/vipuser/Meri-FID-Gate-Airfoil/data/airfoil/raw/uiuc/coord_seligFmt/coord_seligFmt/fx74modsm.dat,True,79,257,0.1307739030027337,0.2751943351726967,0.09728389542218974,0.4145190556198493,0.00012
fx75141,fx75141.npz,/home/vipuser/Meri-FID-Gate-Airfoil/data/airfoil/raw/uiuc/coord_seligFmt/coord_seligFmt/fx75141.dat,True,97,257,0.14130092694319357,0.3666436212625508,0.03392249245589691,0.5367822817998337,0.0
fx75193,fx75193.npz,/home/vipuser/Meri-FID-Gate-Airfoil/data/airfoil/raw/uiuc/coord_seligFmt/coord_seligFmt/fx75193.dat,True,97,257,0.19272997452373403,0.40245483899193585,0.03663493722688007,0.6913417161825448,0.0
fx75vg166,fx75vg166.npz,/home/vipuser/Meri-FID-Gate-Airfoil/data/airfoil/raw/uiuc/coord_seligFmt/coord_seligFmt/fx75vg166.dat,True,97,257,0.16721850003693553,0.4327096457464369,0.02427999550418835,0.40245483899193585,0.0
fx76100,fx76100.npz,/home/vipuser/Meri-FID-Gate-Airfoil/data/airfoil/raw/uiuc/coord_seligFmt/coord_seligFmt/fx76100.dat,True,97,257,0.10063786989721259,0.28069188073073614,0.0,0.0,0.0
fx76120,fx76120.npz,/home/vipuser/Meri-FID-Gate-Airfoil/data/airfoil/raw/uiuc/coord_seligFmt/coord_seligFmt/fx76120.dat,True,97,257,0.12067295209659316,0.28069188073073614,0.0,0.0,0.0
fx76mp120,fx76mp120.npz,/home/vipuser/Meri-FID-Gate-Airfoil/data/airfoil/raw/uiuc/coord_seligFmt/coord_seligFmt/fx76mp120.dat,True,97,257,0.12109598447058036,0.3373448539188685,0.07572815900308252,0.46933963184889566,0.0
fx76mp140,fx76mp140.npz,/home/vipuser/Meri-FID-Gate-Airfoil/data/airfoil/raw/uiuc/coord_seligFmt/coord_seligFmt/fx76mp140.dat,True,97,257,0.1410528245324988,0.3373448539188685,0.07119659965151608,0.46933963184889566,0.0
fx76mp160,fx76mp160.npz,/home/vipuser/Meri-FID-Gate-Airfoil/data/airfoil/raw/uiuc/coord_seligFmt/coord_seligFmt/fx76mp160.dat,True,97,257,0.16144092856964987,0.3373448539188685,0.06057,0.49999999999999994,0.0
fx77080,fx77080.npz,/home/vipuser/Meri-FID-Gate-Airfoil/data/airfoil/raw/uiuc/coord_seligFmt/coord_seligFmt/fx77080.dat,True,97,257,0.0804723790752031,0.2751943351726967,0.0,0.0,0.0
fx77w121,fx77w121.npz,/home/vipuser/Meri-FID-Gate-Airfoil/data/airfoil/raw/uiuc/coord_seligFmt/coord_seligFmt/fx77w121.dat,True,97,257,0.12103996429418867,0.3086582838174551,0.04617996832548994,0.3086582838174551,0.0
fx77w153,fx77w153.npz,/home/vipuser/Meri-FID-Gate-Airfoil/data/airfoil/raw/uiuc/coord_seligFmt/coord_seligFmt/fx77w153.dat,True,95,257,0.1526155458882645,0.28069188073073614,0.04485671194399486,0.28069188073073614,0.0018119387744887031
fx77w258,fx77w258.npz,/home/vipuser/Meri-FID-Gate-Airfoil/data/airfoil/raw/uiuc/coord_seligFmt/coord_seligFmt/fx77w258.dat,True,95,257,0.26151098967428277,0.3086582838174551,0.04332736228452262,0.2751943351726967,0.01220305727128027
fx77w270,fx77w270.npz,/home/vipuser/Meri-FID-Gate-Airfoil/data/airfoil/raw/uiuc/coord_seligFmt/coord_seligFmt/fx77w270.dat,True,97,257,0.27118449689162594,0.3373448539188685,0.04328156460097989,0.2751943351726967,0.04216
fx77w270s,fx77w270s.npz,/home/vipuser/Meri-FID-Gate-Airfoil/data/airfoil/raw/uiuc/coord_seligFmt/coord_seligFmt/fx77w270s.dat,True,97,257,0.27110293633435967,0.3373448539188685,0.042064102832127186,0.2751943351726967,0.01652
fx77w343,fx77w343.npz,/home/vipuser/Meri-FID-Gate-Airfoil/data/airfoil/raw/uiuc/coord_seligFmt/coord_seligFmt/fx77w343.dat,True,95,257,0.3440476431018834,0.3373448539188685,0.04696438901360895,0.2535509038851079,0.042275234500915984
fx78k140,fx78k140.npz,/home/vipuser/Meri-FID-Gate-Airfoil/data/airfoil/raw/uiuc/coord_seligFmt/coord_seligFmt/fx78k140.dat,True,97,257,0.14092799244382945,0.4327096457464369,0.04378336743459556,0.4327096457464369,0.0
fx78k140a20,fx78k140a20.npz,/home/vipuser/Meri-FID-Gate-Airfoil/data/airfoil/raw/uiuc/coord_seligFmt/coord_seligFmt/fx78k140a20.dat,True,97,257,0.14092799244382945,0.4327096457464369,0.04378336743459556,0.4327096457464369,0.0
fx78k150,fx78k150.npz,/home/vipuser/Meri-FID-Gate-Airfoil/data/airfoil/raw/uiuc/coord_seligFmt/coord_seligFmt/fx78k150.dat,True,97,257,0.15105044699599954,0.4327096457464369,0.04330875471056499,0.4387946624003919,0.0
fx78k161,fx78k161.npz,/home/vipuser/Meri-FID-Gate-Airfoil/data/airfoil/raw/uiuc/coord_seligFmt/coord_seligFmt/fx78k161.dat,True,97,257,0.16158993705863695,0.40245483899193585,0.02842437941927252,0.37256717019774266,0.0
fx78pk188,fx78pk188.npz,/home/vipuser/Meri-FID-Gate-Airfoil/data/airfoil/raw/uiuc/coord_seligFmt/coord_seligFmt/fx78pk188.dat,True,97,257,0.18811758479016982,0.4387946624003919,0.023725000000000003,0.49999999999999994,0.0
fx79k144,fx79k144.npz,/home/vipuser/Meri-FID-Gate-Airfoil/data/airfoil/raw/uiuc/coord_seligFmt/coord_seligFmt/fx79k144.dat,True,97,257,0.14388742425361684,0.4327096457464369,0.027747545161008066,0.40245483899193585,0.002
fx79l100,fx79l100.npz,/home/vipuser/Meri-FID-Gate-Airfoil/data/airfoil/raw/uiuc/coord_seligFmt/coord_seligFmt/fx79l100.dat,True,97,257,0.10064736024767386,0.3373448539188685,0.0,0.0,0.0
fx79l120,fx79l120.npz,/home/vipuser/Meri-FID-Gate-Airfoil/data/airfoil/raw/uiuc/coord_seligFmt/coord_seligFmt/fx79l120.dat,True,97,257,0.12066609627244125,0.3373448539188685,0.0,0.0,0.0
fx79w151a,fx79w151a.npz,/home/vipuser/Meri-FID-Gate-Airfoil/data/airfoil/raw/uiuc/coord_seligFmt/coord_seligFmt/fx79w151a.dat,True,97,257,0.15162988819813908,0.3373448539188685,0.03774848390236149,0.37256717019774266,0.0
fx79w470a,fx79w470a.npz,/home/vipuser/Meri-FID-Gate-Airfoil/data/airfoil/raw/uiuc/coord_seligFmt/coord_seligFmt/fx79w470a.dat,False,97,257,0.46362111553925,0.37256717019774266,0.038204950465825574,0.22221488349019886,0.06427
fx79w660a,fx79w660a.npz,/home/vipuser/Meri-FID-Gate-Airfoil/data/airfoil/raw/uiuc/coord_seligFmt/coord_seligFmt/fx79w660a.dat,False,97,257,0.663887492455897,0.4632177182001663,0.023176856985096222,0.17341357852311162,0.08476
fx80080,fx80080.npz,/home/vipuser/Meri-FID-Gate-Airfoil/data/airfoil/raw/uiuc/coord_seligFmt/coord_seligFmt/fx80080.dat,True,97,257,0.08059999400558447,0.40245483899193585,0.022060000000000003,0.49999999999999994,0.0
fx83w108,fx83w108.npz,/home/vipuser/Meri-FID-Gate-Airfoil/data/airfoil/raw/uiuc/coord_seligFmt/coord_seligFmt/fx83w108.dat,True,97,257,0.10867997753989286,0.3086582838174551,0.042345653965588814,0.5306603681511043,0.0
fx83w160,fx83w160.npz,/home/vipuser/Meri-FID-Gate-Airfoil/data/airfoil/raw/uiuc/coord_seligFmt/coord_seligFmt/fx83w160.dat,True,97,257,0.16048865620931427,0.3666436212625508,0.03889693245054279,0.6274328298022572,0.0
fx83w227,fx83w227.npz,/home/vipuser/Meri-FID-Gate-Airfoil/data/airfoil/raw/uiuc/coord_seligFmt/coord_seligFmt/fx83w227.dat,True,97,257,0.22639548651829308,0.3431591298005542,0.03439998876047088,0.40245483899193585,0.0
fx84w097,fx84w097.npz,/home/vipuser/Meri-FID-Gate-Airfoil/data/airfoil/raw/uiuc/coord_seligFmt/coord_seligFmt/fx84w097.dat,True,97,257,0.09739810403715109,0.3373448539188685,0.02817437941927252,0.37256717019774266,0.0
fx84w127,fx84w127.npz,/home/vipuser/Meri-FID-Gate-Airfoil/data/airfoil/raw/uiuc/coord_seligFmt/coord_seligFmt/fx84w127.dat,True,97,257,0.1275176990302108,0.3431591298005542,0.0374149835153573,0.40245483899193585,0.0
fx84w140,fx84w140.npz,/home/vipuser/Meri-FID-Gate-Airfoil/data/airfoil/raw/uiuc/coord_seligFmt/coord_seligFmt/fx84w140.dat,True,97,257,0.14081117705168888,0.3666436212625508,0.042069997002792237,0.40245483899193585,0.0
fx84w150,fx84w150.npz,/home/vipuser/Meri-FID-Gate-Airfoil/data/airfoil/raw/uiuc/coord_seligFmt/coord_seligFmt/fx84w150.dat,True,97,257,0.14987865620931426,0.3666436212625508,0.04206220684745614,0.40245483899193585,0.0
fx84w175,fx84w175.npz,/home/vipuser/Meri-FID-Gate-Airfoil/data/airfoil/raw/uiuc/coord_seligFmt/coord_seligFmt/fx84w175.dat,True,97,257,0.1760786562093143,0.3666436212625508,0.043688712126808416,0.4327096457464369,0.0
fx84w218,fx84w218.npz,/home/vipuser/Meri-FID-Gate-Airfoil/data/airfoil/raw/uiuc/coord_seligFmt/coord_seligFmt/fx84w218.dat,True,97,257,0.2196146086934868,0.3373448539188685,0.0322684280317021,0.4327096457464369,0.0
fxl142k,fxl142k.npz,/home/vipuser/Meri-FID-Gate-Airfoil/data/airfoil/raw/uiuc/coord_seligFmt/coord_seligFmt/fxl142k.dat,True,97,257,0.14199937130446022,0.3086582838174551,0.0,0.0,0.0
fxlv152,fxlv152.npz,/home/vipuser/Meri-FID-Gate-Airfoil/data/airfoil/raw/uiuc/coord_seligFmt/coord_seligFmt/fxlv152.dat,True,97,257,0.1528,0.3431591298005542,0.0002,1.0,0.0004
fxm2,fxm2.npz,/home/vipuser/Meri-FID-Gate-Airfoil/data/airfoil/raw/uiuc/coord_seligFmt/coord_seligFmt/fxm2.dat,True,97,257,0.083905915828557,0.19724447929783723,0.047844954503885546,0.3086582838174551,0.0
fxs02196,fxs02196.npz,/home/vipuser/Meri-FID-Gate-Airfoil/data/airfoil/raw/uiuc/coord_seligFmt/coord_seligFmt/fxs02196.dat,True,97,257,0.1957997735480957,0.3666436212625508,0.03737053810735157,0.4387946624003919,0.0
fxs03182,fxs03182.npz,/home/vipuser/Meri-FID-Gate-Airfoil/data/airfoil/raw/uiuc/coord_seligFmt/coord_seligFmt/fxs03182.dat,True,97,257,0.18211987680599162,0.40245483899193585,0.02852898965413679,0.567290354253563,0.0
fxs21158,fxs21158.npz,/home/vipuser/Meri-FID-Gate-Airfoil/data/airfoil/raw/uiuc/coord_seligFmt/coord_seligFmt/fxs21158.dat,True,97,257,0.15779896265235935,0.3086582838174551,0.03493831031997484,0.37256717019774266,0.0
geminism,geminism.npz,/home/vipuser/Meri-FID-Gate-Airfoil/data/airfoil/raw/uiuc/coord_seligFmt/coord_seligFmt/geminism.dat,True,79,257,0.15375627113552498,0.3431591298005542,0.02197874198623098,0.378509910048368,0.00015
giiia,giiia.npz,/home/vipuser/Meri-FID-Gate-Airfoil/data/airfoil/raw/uiuc/coord_seligFmt/coord_seligFmt/giiia.dat,True,51,257,0.11008961596608113,0.39644431190389073,0.007475154333888005,0.1464466094067262,0.00035879635817999997
giiib,giiib.npz,/home/vipuser/Meri-FID-Gate-Airfoil/data/airfoil/raw/uiuc/coord_seligFmt/coord_seligFmt/giiib.dat,True,51,257,0.10445276992645133,0.35485766137276886,0.008132073208108895,0.2482308081371412,0.00036919678796
giiic,giiic.npz,/home/vipuser/Meri-FID-Gate-Airfoil/data/airfoil/raw/uiuc/coord_seligFmt/coord_seligFmt/giiic.dat,True,51,257,0.09931732573513975,0.39644431190389073,0.009231570415779353,0.29737934299750507,0.00036939726644
giiid,giiid.npz,/home/vipuser/Meri-FID-Gate-Airfoil/data/airfoil/raw/uiuc/coord_seligFmt/coord_seligFmt/giiid.dat,True,51,257,0.09710526397884867,0.39644431190389073,0.00975361831557556,0.29737934299750507,0.00036939746961
giiie,giiie.npz,/home/vipuser/Meri-FID-Gate-Airfoil/data/airfoil/raw/uiuc/coord_seligFmt/coord_seligFmt/giiie.dat,True,51,257,0.08775025116503515,0.4448888963530584,0.011864536980664754,0.29737934299750507,0.0003598
giiif,giiif.npz,/home/vipuser/Meri-FID-Gate-Airfoil/data/airfoil/raw/uiuc/coord_seligFmt/coord_seligFmt/giiif.dat,True,51,257,0.08260724862200923,0.4509914298352196,0.013012832136944107,0.29737934299750507,0.0003698
giiig,giiig.npz,/home/vipuser/Meri-FID-Gate-Airfoil/data/airfoil/raw/uiuc/coord_seligFmt/coord_seligFmt/giiig.dat,True,51,257,0.08284222168382456,0.4509914298352196,0.012975652442075979,0.29737934299750507,0.0003598
giiih,giiih.npz,/home/vipuser/Meri-FID-Gate-Airfoil/data/airfoil/raw/uiuc/coord_seligFmt/coord_seligFmt/giiih.dat,True,51,257,0.0832223803093249,0.40245483899193585,0.01295044023046267,0.29737934299750507,0.00036
giiii,giiii.npz,/home/vipuser/Meri-FID-Gate-Airfoil/data/airfoil/raw/uiuc/coord_seligFmt/coord_seligFmt/giiii.dat,True,51,257,0.08448250086646246,0.39644431190389073,0.01324978943503272,0.2535509038851079,0.00036
giiij,giiij.npz,/home/vipuser/Meri-FID-Gate-Airfoil/data/airfoil/raw/uiuc/coord_seligFmt/coord_seligFmt/giiij.dat,True,51,257,0.084860013329,0.35485766137276886,0.013938220304614501,0.2535509038851079,0.00036
giiik,giiik.npz,/home/vipuser/Meri-FID-Gate-Airfoil/data/airfoil/raw/uiuc/coord_seligFmt/coord_seligFmt/giiik.dat,True,51,257,0.08531807705975056,0.3489970253403859,0.015005558405577666,0.2535509038851079,0.00036
giiil,giiil.npz,/home/vipuser/Meri-FID-Gate-Airfoil/data/airfoil/raw/uiuc/coord_seligFmt/coord_seligFmt/giiil.dat,True,51,257,0.08543851293864092,0.3489970253403859,0.015777031034092885,0.2482308081371412,0.00036
giiim,giiim.npz,/home/vipuser/Meri-FID-Gate-Airfoil/data/airfoil/raw/uiuc/coord_seligFmt/coord_seligFmt/giiim.dat,True,51,257,0.08506824531594656,0.3489970253403859,0.01859049517515861,0.20215034775378327,0.0003598
giiin,giiin.npz,/home/vipuser/Meri-FID-Gate-Airfoil/data/airfoil/raw/uiuc/coord_seligFmt/coord_seligFmt/giiin.dat,True,51,257,0.08424913219541158,0.3030039799694759,0.02072135618463655,0.20215034775378327,0.00035959780644
glennmartin2,glennmartin2.npz,/home/vipuser/Meri-FID-Gate-Airfoil/data/airfoil/raw/uiuc/coord_seligFmt/coord_seligFmt/glennmartin2.dat,True,33,257,0.1346268881763714,0.20215034775378327,0.06065026059830218,0.3030039799694759,0.0
glennmartin3,glennmartin3.npz,/home/vipuser/Meri-FID-Gate-Airfoil/data/airfoil/raw/uiuc/coord_seligFmt/coord_seligFmt/glennmartin3.dat,True,33,257,0.13763691642064102,0.3030039799694759,0.0460516757221862,0.3030039799694759,0.0
glennmartin4,glennmartin4.npz,/home/vipuser/Meri-FID-Gate-Airfoil/data/airfoil/raw/uiuc/coord_seligFmt/coord_seligFmt/glennmartin4.dat,True,33,257,0.1548249005007631,0.3030039799694759,0.05960000000000001,0.3143414030240812,0.0
gm15sm,gm15sm.npz,/home/vipuser/Meri-FID-Gate-Airfoil/data/airfoil/raw/uiuc/coord_seligFmt/coord_seligFmt/gm15sm.dat,True,79,257,0.06736738722121903,0.20710107127178057,0.04764357538092963,0.48772938573854385,7e-05
goe05k,goe05k.npz,/home/vipuser/Meri-FID-Gate-Airfoil/data/airfoil/raw/uiuc/coord_seligFmt/coord_seligFmt/goe05k.dat,True,31,257,0.037,0.49999999999999994,0.015349999999999999,0.49999999999999994,0.0
goe06k,goe06k.npz,/home/vipuser/Meri-FID-Gate-Airfoil/data/airfoil/raw/uiuc/coord_seligFmt/coord_seligFmt/goe06k.dat,True,31,257,0.07500000000000001,0.49999999999999994,0.031000000000000003,0.49999999999999994,0.0
goe07k,goe07k.npz,/home/vipuser/Meri-FID-Gate-Airfoil/data/airfoil/raw/uiuc/coord_seligFmt/coord_seligFmt/goe07k.dat,True,31,257,0.11,0.49999999999999994,0.04545,0.49999999999999994,0.0
goe08k,goe08k.npz,/home/vipuser/Meri-FID-Gate-Airfoil/data/airfoil/raw/uiuc/coord_seligFmt/coord_seligFmt/goe08k.dat,True,31,257,0.1485,0.49999999999999994,0.0613,0.49999999999999994,0.0
goe09k,goe09k.npz,/home/vipuser/Meri-FID-Gate-Airfoil/data/airfoil/raw/uiuc/coord_seligFmt/coord_seligFmt/goe09k.dat,True,29,257,0.0245,0.49999999999999994,0.009047545161008063,0.5975451610080641,0.0
goe100,goe100.npz,/home/vipuser/Meri-FID-Gate-Airfoil/data/airfoil/raw/uiuc/coord_seligFmt/coord_seligFmt/goe100.dat,True,33,257,0.06571780534160249,0.20215034775378327,0.03591062195318643,0.39644431190389073,0.004
goe101,goe101.npz,/home/vipuser/Meri-FID-Gate-Airfoil/data/airfoil/raw/uiuc/coord_seligFmt/coord_seligFmt/goe101.dat,True,31,257,0.06890827700491267,0.29737934299750507,0.039593992040061046,0.3030039799694759,0.0
goe10k,goe10k.npz,/home/vipuser/Meri-FID-Gate-Airfoil/data/airfoil/raw/uiuc/coord_seligFmt/coord_seligFmt/goe10k.dat,True,29,257,0.0385,0.49999999999999994,0.014217054193209679,0.5975451610080641,0.0
goe113,goe113.npz,/home/vipuser/Meri-FID-Gate-Airfoil/data/airfoil/raw/uiuc/coord_seligFmt/coord_seligFmt/goe113.dat,True,31,257,0.06645494030045786,0.3030039799694759,0.030292888623807777,0.39644431190389073,0.003
goe114,goe114.npz,/home/vipuser/Meri-FID-Gate-Airfoil/data/airfoil/raw/uiuc/coord_seligFmt/coord_seligFmt/goe114.dat,True,33,257,0.09551713119412596,0.29737934299750507,0.03495301937257579,0.49999999999999994,0.0
goe115,goe115.npz,/home/vipuser/Meri-FID-Gate-Airfoil/data/airfoil/raw/uiuc/coord_seligFmt/coord_seligFmt/goe115.dat,True,33,257,0.09706980796702033,0.29737934299750507,0.03729547892009504,0.40245483899193585,0.0
goe116,goe116.npz,/home/vipuser/Meri-FID-Gate-Airfoil/data/airfoil/raw/uiuc/coord_seligFmt/coord_seligFmt/goe116.dat,True,33,257,0.09323425568779287,0.39644431190389073,0.04075783402557417,0.40245483899193585,0.0035
goe117,goe117.npz,/home/vipuser/Meri-FID-Gate-Airfoil/data/airfoil/raw/uiuc/coord_seligFmt/coord_seligFmt/goe117.dat,True,33,257,0.08999469565305444,0.29737934299750507,0.04567752324562279,0.40245483899193585,0.0
goe118,goe118.npz,/home/vipuser/Meri-FID-Gate-Airfoil/data/airfoil/raw/uiuc/coord_seligFmt/coord_seligFmt/goe118.dat,True,33,257,0.08634677874987834,0.3030039799694759,0.05724101536515861,0.40245483899193585,0.0021
goe11k,goe11k.npz,/home/vipuser/Meri-FID-Gate-Airfoil/data/airfoil/raw/uiuc/coord_seligFmt/coord_seligFmt/goe11k.dat,True,29,257,0.0745,0.49999999999999994,0.02740484483811693,0.5975451610080641,0.0
goe121,goe121.npz,/home/vipuser/Meri-FID-Gate-Airfoil/data/airfoil/raw/uiuc/coord_seligFmt/coord_seligFmt/goe121.dat,True,33,257,0.06645520675323621,0.19724447929783723,0.04596986932437122,0.39644431190389073,0.002
goe122,goe122.npz,/home/vipuser/Meri-FID-Gate-Airfoil/data/airfoil/raw/uiuc/coord_seligFmt/coord_seligFmt/goe122.dat,True,33,257,0.07301875296888818,0.29737934299750507,0.04060114452370513,0.3030039799694759,0.0025
goe123,goe123.npz,/home/vipuser/Meri-FID-Gate-Airfoil/data/airfoil/raw/uiuc/coord_seligFmt/coord_seligFmt/goe123.dat,True,33,257,0.05400000000000002,0.3257906598752828,0.05656799880713502,0.39644431190389073,0.002
goe124,goe124.npz,/home/vipuser/Meri-FID-Gate-Airfoil/data/airfoil/raw/uiuc/coord_seligFmt/coord_seligFmt/goe124.dat,True,33,257,0.0792212685050831,0.29737934299750507,0.05552776787535544,0.39644431190389073,0.005
goe12k,goe12k.npz,/home/vipuser/Meri-FID-Gate-Airfoil/data/airfoil/raw/uiuc/coord_seligFmt/coord_seligFmt/goe12k.dat,True,29,257,0.111,0.49999999999999994,0.04083165354742742,0.5975451610080641,0.0
goe133,goe133.npz,/home/vipuser/Meri-FID-Gate-Airfoil/data/airfoil/raw/uiuc/coord_seligFmt/coord_seligFmt/goe133.dat,True,33,257,0.07892138028992515,0.29737934299750507,0.04288197612018314,0.3030039799694759,0.002
goe134,goe134.npz,/home/vipuser/Meri-FID-Gate-Airfoil/data/airfoil/raw/uiuc/coord_seligFmt/coord_seligFmt/goe134.dat,True,33,257,0.09443090846070205,0.3030039799694759,0.03964867174221672,0.3030039799694759,0.009
goe137,goe137.npz,/home/vipuser/Meri-FID-Gate-Airfoil/data/airfoil/raw/uiuc/coord_seligFmt/coord_seligFmt/goe137.dat,True,33,257,0.08590039567434876,0.29737934299750507,0.04420505137755332,0.39644431190389073,0.0029
goe13k,goe13k.npz,/home/vipuser/Meri-FID-Gate-Airfoil/data/airfoil/raw/uiuc/coord_seligFmt/coord_seligFmt/goe13k.dat,True,29,257,0.148,0.49999999999999994,0.05452797128893952,0.5975451610080641,0.0
goe14,goe14.npz,/home/vipuser/Meri-FID-Gate-Airfoil/data/airfoil/raw/uiuc/coord_seligFmt/coord_seligFmt/goe14.dat,True,33,257,0.09902494726900343,0.29737934299750507,0.06928201996831382,0.29737934299750507,0.0013
goe140,goe140.npz,/home/vipuser/Meri-FID-Gate-Airfoil/data/airfoil/raw/uiuc/coord_seligFmt/coord_seligFmt/goe140.dat,True,33,257,0.08777746209720466,0.29737934299750507,0.05284255940744864,0.3030039799694759,0.0058
goe142,goe142.npz,/home/vipuser/Meri-FID-Gate-Airfoil/data/airfoil/raw/uiuc/coord_seligFmt/coord_seligFmt/goe142.dat,True,99,257,0.061628706715234655,0.2482308081371412,0.038487995122213875,0.3489970253403859,0.002
goe143,goe143.npz,/home/vipuser/Meri-FID-Gate-Airfoil/data/airfoil/raw/uiuc/coord_seligFmt/coord_seligFmt/goe143.dat,True,33,257,0.07441181281988724,0.20215034775378327,0.03785310396035261,0.3030039799694759,0.0029
goe144,goe144.npz,/home/vipuser/Meri-FID-Gate-Airfoil/data/airfoil/raw/uiuc/coord_seligFmt/coord_seligFmt/goe144.dat,True,33,257,0.07309685746650707,0.19724447929783723,0.04716310522160036,0.39644431190389073,0.0
goe147,goe147.npz,/home/vipuser/Meri-FID-Gate-Airfoil/data/airfoil/raw/uiuc/coord_seligFmt/coord_seligFmt/goe147.dat,True,33,257,0.07544543986456188,0.15081187529551354,0.037557438108723966,0.3030039799694759,0.0033
goe14k,goe14k.npz,/home/vipuser/Meri-FID-Gate-Airfoil/data/airfoil/raw/uiuc/coord_seligFmt/coord_seligFmt/goe14k.dat,True,29,257,0.12,0.49999999999999994,0.026999999999999996,0.49999999999999994,0.0
goe15,goe15.npz,/home/vipuser/Meri-FID-Gate-Airfoil/data/airfoil/raw/uiuc/coord_seligFmt/coord_seligFmt/goe15.dat,True,33,257,0.09002221594477536,0.29737934299750507,0.07748859823137437,0.29737934299750507,0.0
goe155,goe155.npz,/home/vipuser/Meri-FID-Gate-Airfoil/data/airfoil/raw/uiuc/coord_seligFmt/coord_seligFmt/goe155.dat,True,33,257,0.07017448149603245,0.29737934299750507,0.052787056389113414,0.39644431190389073,0.004
goe15k,goe15k.npz,/home/vipuser/Meri-FID-Gate-Airfoil/data/airfoil/raw/uiuc/coord_seligFmt/coord_seligFmt/goe15k.dat,True,29,257,0.15,0.49999999999999994,0.03375,0.49999999999999994,0.0
goe164,goe164.npz,/home/vipuser/Meri-FID-Gate-Airfoil/data/airfoil/raw/uiuc/coord_seligFmt/coord_seligFmt/goe164.dat,True,33,257,0.08864951272531323,0.19724447929783723,0.06633303008979216,0.40245483899193585,0.0011
goe165,goe165.npz,/home/vipuser/Meri-FID-Gate-Airfoil/data/airfoil/raw/uiuc/coord_seligFmt/coord_seligFmt/goe165.dat,True,33,257,0.12112928710801762,0.20215034775378327,0.057449741049368286,0.49999999999999994,0.0012
goe167,goe167.npz,/home/vipuser/Meri-FID-Gate-Airfoil/data/airfoil/raw/uiuc/coord_seligFmt/coord_seligFmt/goe167.dat,True,33,257,0.10080256373515806,0.3030039799694759,0.04534892817782239,0.3030039799694759,0.009
goe16k,goe16k.npz,/home/vipuser/Meri-FID-Gate-Airfoil/data/airfoil/raw/uiuc/coord_seligFmt/coord_seligFmt/goe16k.dat,True,29,257,0.1815,0.49999999999999994,0.04085,0.49999999999999994,0.0
goe173,goe173.npz,/home/vipuser/Meri-FID-Gate-Airfoil/data/airfoil/raw/uiuc/coord_seligFmt/coord_seligFmt/goe173.dat,True,33,257,0.07759573849253477,0.20215034775378327,0.05905675303704838,0.39644431190389073,0.0018
goe174,goe174.npz,/home/vipuser/Meri-FID-Gate-Airfoil/data/airfoil/raw/uiuc/coord_seligFmt/coord_seligFmt/goe174.dat,True,33,257,0.08579387726435424,0.20215034775378327,0.05565860842602474,0.39644431190389073,0.0029
goe176,goe176.npz,/home/vipuser/Meri-FID-Gate-Airfoil/data/airfoil/raw/uiuc/coord_seligFmt/coord_seligFmt/goe176.dat,True,33,257,0.10325840276875739,0.19724447929783723,0.05549963916134299,0.40245483899193585,0.0023
goe177,goe177.npz,/home/vipuser/Meri-FID-Gate-Airfoil/data/airfoil/raw/uiuc/coord_seligFmt/coord_seligFmt/goe177.dat,True,33,257,0.0769354895673865,0.20215034775378327,0.05017155449523113,0.39644431190389073,0.002
goe178,goe178.npz,/home/vipuser/Meri-FID-Gate-Airfoil/data/airfoil/raw/uiuc/coord_seligFmt/coord_seligFmt/goe178.dat,True,33,257,0.08497379342997505,0.29737934299750507,0.04354549403004578,0.3030039799694759,0.003
goe180,goe180.npz,/home/vipuser/Meri-FID-Gate-Airfoil/data/airfoil/raw/uiuc/coord_seligFmt/coord_seligFmt/goe180.dat,True,33,257,0.08664234554594512,0.29737934299750507,0.043940221857735696,0.39644431190389073,0.0025
goe182,goe182.npz,/home/vipuser/Meri-FID-Gate-Airfoil/data/airfoil/raw/uiuc/coord_seligFmt/coord_seligFmt/goe182.dat,True,33,257,0.09446951088435877,0.19724447929783723,0.052585319248457954,0.39644431190389073,0.0015
goe184,goe184.npz,/home/vipuser/Meri-FID-Gate-Airfoil/data/airfoil/raw/uiuc/coord_seligFmt/coord_seligFmt/goe184.dat,True,33,257,0.08290798861615381,0.20215034775378327,0.052819783303927254,0.39644431190389073,0.0022
goe187,goe187.npz,/home/vipuser/Meri-FID-Gate-Airfoil/data/airfoil/raw/uiuc/coord_seligFmt/coord_seligFmt/goe187.dat,True,33,257,0.08269963268103782,0.3030039799694759,0.048340354936207565,0.3030039799694759,0.005
goe188,goe188.npz,/home/vipuser/Meri-FID-Gate-Airfoil/data/airfoil/raw/uiuc/coord_seligFmt/coord_seligFmt/goe188.dat,True,33,257,0.0893489323405189,0.3030039799694759,0.04315026059830219,0.3030039799694759,0.005
goe190,goe190.npz,/home/vipuser/Meri-FID-Gate-Airfoil/data/airfoil/raw/uiuc/coord_seligFmt/coord_seligFmt/goe190.dat,True,33,257,0.12669216259662594,0.20215034775378327,0.059255311876885194,0.49999999999999994,0.0
goe195,goe195.npz,/home/vipuser/Meri-FID-Gate-Airfoil/data/airfoil/raw/uiuc/coord_seligFmt/coord_seligFmt/goe195.dat,True,33,257,0.08591398608984867,0.20215034775378327,0.0505,0.49999999999999994,0.002
goe198,goe198.npz,/home/vipuser/Meri-FID-Gate-Airfoil/data/airfoil/raw/uiuc/coord_seligFmt/coord_seligFmt/goe198.dat,True,33,257,0.07762680769415144,0.20215034775378327,0.06515093258513457,0.39644431190389073,0.0085
goe199,goe199.npz,/home/vipuser/Meri-FID-Gate-Airfoil/data/airfoil/raw/uiuc/coord_seligFmt/coord_seligFmt/goe199.dat,True,33,257,0.07326989245905821,0.29737934299750507,0.05181119597385907,0.3030039799694759,0.011
goe207,goe207.npz,/home/vipuser/Meri-FID-Gate-Airfoil/data/airfoil/raw/uiuc/coord_seligFmt/coord_seligFmt/goe207.dat,True,33,257,0.08771124629034552,0.19724447929783723,0.06624563311963019,0.29737934299750507,0.0075
goe210,goe210.npz,/home/vipuser/Meri-FID-Gate-Airfoil/data/airfoil/raw/uiuc/coord_seligFmt/coord_seligFmt/goe210.dat,True,33,257,0.0662799206987199,0.3030039799694759,0.0433932621116799,0.40245483899193585,0.0016
goe217,goe217.npz,/home/vipuser/Meri-FID-Gate-Airfoil/data/airfoil/raw/uiuc/coord_seligFmt/coord_seligFmt/goe217.dat,True,33,257,0.1899064216450289,0.29178521995118134,0.06322139220492941,0.5915199439775705,0.0074
goe222,goe222.npz,/home/vipuser/Meri-FID-Gate-Airfoil/data/airfoil/raw/uiuc/coord_seligFmt/coord_seligFmt/goe222.dat,True,33,257,0.18538266850094998,0.29178521995118134,0.0717479354141681,0.49999999999999994,0.003
goe223,goe223.npz,/home/vipuser/Meri-FID-Gate-Airfoil/data/airfoil/raw/uiuc/coord_seligFmt/coord_seligFmt/goe223.dat,True,33,257,0.18818001153510266,0.3030039799694759,0.0570120522138981,0.49999999999999994,0.002
goe225,goe225.npz,/home/vipuser/Meri-FID-Gate-Airfoil/data/airfoil/raw/uiuc/coord_seligFmt/coord_seligFmt/goe225.dat,True,33,257,0.12830828621268167,0.20215034775378327,0.07628656751115301,0.49999999999999994,0.006
goe226,goe226.npz,/home/vipuser/Meri-FID-Gate-Airfoil/data/airfoil/raw/uiuc/coord_seligFmt/coord_seligFmt/goe226.dat,True,33,257,0.1388890782391961,0.20215034775378327,0.08070668109270769,0.49386423085714004,0.002
goe227,goe227.npz,/home/vipuser/Meri-FID-Gate-Airfoil/data/airfoil/raw/uiuc/coord_seligFmt/coord_seligFmt/goe227.dat,True,33,257,0.1458584646509713,0.2482308081371412,0.07775,0.49999999999999994,0.003
goe228,goe228.npz,/home/vipuser/Meri-FID-Gate-Airfoil/data/airfoil/raw/uiuc/coord_seligFmt/coord_seligFmt/goe228.dat,True,33,257,0.17868482813064232,0.29178521995118134,0.07004363607004159,0.49386423085714004,0.003
goe229,goe229.npz,/home/vipuser/Meri-FID-Gate-Airfoil/data/airfoil/raw/uiuc/coord_seligFmt/coord_seligFmt/goe229.dat,True,33,257,0.1934781227424753,0.3030039799694759,0.05912403174269072,0.49386423085714004,0.002
goe233,goe233.npz,/home/vipuser/Meri-FID-Gate-Airfoil/data/airfoil/raw/uiuc/coord_seligFmt/coord_seligFmt/goe233.dat,True,33,257,0.11616161279038408,0.20215034775378327,0.08205501536421606,0.49999999999999994,0.0031
goe234,goe234.npz,/home/vipuser/Meri-FID-Gate-Airfoil/data/airfoil/raw/uiuc/coord_seligFmt/coord_seligFmt/goe234.dat,True,33,257,0.1425694006778914,0.20215034775378327,0.09160875863785851,0.49999999999999994,0.0074
goe235,goe235.npz,/home/vipuser/Meri-FID-Gate-Airfoil/data/airfoil/raw/uiuc/coord_seligFmt/coord_seligFmt/goe235.dat,True,33,257,0.06542958437735574,0.19724447929783723,0.035379139362160694,0.39644431190389073,0.0032
goe238,goe238.npz,/home/vipuser/Meri-FID-Gate-Airfoil/data/airfoil/raw/uiuc/coord_seligFmt/coord_seligFmt/goe238.dat,True,33,257,0.09807819882861299,0.29737934299750507,0.0550621596210208,0.3030039799694759,0.0
goe239,goe239.npz,/home/vipuser/Meri-FID-Gate-Airfoil/data/airfoil/raw/uiuc/coord_seligFmt/coord_seligFmt/goe239.dat,True,33,257,0.1121818843594962,0.20215034775378327,0.06013923679252064,0.40245483899193585,0.0042
goe240,goe240.npz,/home/vipuser/Meri-FID-Gate-Airfoil/data/airfoil/raw/uiuc/coord_seligFmt/coord_seligFmt/goe240.dat,True,33,257,0.07002466925990071,0.29737934299750507,0.0515475295693462,0.39644431190389073,0.0022
goe241,goe241.npz,/home/vipuser/Meri-FID-Gate-Airfoil/data/airfoil/raw/uiuc/coord_seligFmt/coord_seligFmt/goe241.dat,True,33,257,0.18864897453631044,0.29178521995118134,0.0837334670588929,0.49999999999999994,0.004
goe242,goe242.npz,/home/vipuser/Meri-FID-Gate-Airfoil/data/airfoil/raw/uiuc/coord_seligFmt/coord_seligFmt/goe242.dat,True,33,257,0.1617757777740953,0.29737934299750507,0.075066956571437,0.49999999999999994,0.004
goe243,goe243.npz,/home/vipuser/Meri-FID-Gate-Airfoil/data/airfoil/raw/uiuc/coord_seligFmt/coord_seligFmt/goe243.dat,True,33,257,0.19005428654857964,0.29178521995118134,0.08394968440815645,0.5915199439775705,0.003
goe244,goe244.npz,/home/vipuser/Meri-FID-Gate-Airfoil/data/airfoil/raw/uiuc/coord_seligFmt/coord_seligFmt/goe244.dat,True,33,257,0.17677681371566073,0.19724447929783723,0.09981743029027149,0.49999999999999994,0.002
goe255,goe255.npz,/home/vipuser/Meri-FID-Gate-Airfoil/data/airfoil/raw/uiuc/coord_seligFmt/coord_seligFmt/goe255.dat,True,33,257,0.18566153201502011,0.3030039799694759,0.048467925010368604,0.48772938573854385,0.005000050000500005
goe256,goe256.npz,/home/vipuser/Meri-FID-Gate-Airfoil/data/airfoil/raw/uiuc/coord_seligFmt/coord_seligFmt/goe256.dat,True,33,257,0.15991921975739232,0.29737934299750507,0.047122646814588554,0.39644431190389073,0.0025
goe257,goe257.npz,/home/vipuser/Meri-FID-Gate-Airfoil/data/airfoil/raw/uiuc/coord_seligFmt/coord_seligFmt/goe257.dat,True,33,257,0.08823354242064099,0.3030039799694759,0.0408013218460702,0.3030039799694759,0.0128
goe264,goe264.npz,/home/vipuser/Meri-FID-Gate-Airfoil/data/airfoil/raw/uiuc/coord_seligFmt/coord_seligFmt/goe264.dat,True,33,257,0.06439426709320382,0.20215034775378327,0.056876630976988946,0.3030039799694759,0.0064
goe265,goe265.npz,/home/vipuser/Meri-FID-Gate-Airfoil/data/airfoil/raw/uiuc/coord_seligFmt/coord_seligFmt/goe265.dat,True,33,257,0.07651571610401137,0.15081187529551354,0.0725576149959299,0.39644431190389073,0.0021
goe269,goe269.npz,/home/vipuser/Meri-FID-Gate-Airfoil/data/airfoil/raw/uiuc/coord_seligFmt/coord_seligFmt/goe269.dat,True,33,257,0.06591736332755704,0.29737934299750507,0.05022485956919634,0.39644431190389073,0.0058
goe274,goe274.npz,/home/vipuser/Meri-FID-Gate-Airfoil/data/airfoil/raw/uiuc/coord_seligFmt/coord_seligFmt/goe274.dat,True,33,257,0.08646260438194099,0.29737934299750507,0.04845234390438707,0.3030039799694759,0.008
goe275,goe275.npz,/home/vipuser/Meri-FID-Gate-Airfoil/data/airfoil/raw/uiuc/coord_seligFmt/coord_seligFmt/goe275.dat,True,33,257,0.07729800517183771,0.20215034775378327,0.04711022814739625,0.3030039799694759,0.0
goe276,goe276.npz,/home/vipuser/Meri-FID-Gate-Airfoil/data/airfoil/raw/uiuc/coord_seligFmt/coord_seligFmt/goe276.dat,True,33,257,0.0725840168140895,0.29737934299750507,0.04029842433168683,0.3030039799694759,0.008
goe277,goe277.npz,/home/vipuser/Meri-FID-Gate-Airfoil/data/airfoil/raw/uiuc/coord_seligFmt/coord_seligFmt/goe277.dat,True,33,257,0.083408494487464,0.29737934299750507,0.043873915555288794,0.3030039799694759,0.0032
goe278,goe278.npz,/home/vipuser/Meri-FID-Gate-Airfoil/data/airfoil/raw/uiuc/coord_seligFmt/coord_seligFmt/goe278.dat,True,33,257,0.07435884378192296,0.29737934299750507,0.04257835452968214,0.3030039799694759,0.002
goe279,goe279.npz,/home/vipuser/Meri-FID-Gate-Airfoil/data/airfoil/raw/uiuc/coord_seligFmt/coord_seligFmt/goe279.dat,True,33,257,0.07425623628042734,0.3030039799694759,0.04727923050452128,0.39644431190389073,0.0037
goe280,goe280.npz,/home/vipuser/Meri-FID-Gate-Airfoil/data/airfoil/raw/uiuc/coord_seligFmt/coord_seligFmt/goe280.dat,True,33,257,0.07925100730045787,0.3030039799694759,0.04542854849629914,0.3030039799694759,0.008
goe281,goe281.npz,/home/vipuser/Meri-FID-Gate-Airfoil/data/airfoil/raw/uiuc/coord_seligFmt/coord_seligFmt/goe281.dat,True,33,257,0.08034591211559582,0.29737934299750507,0.045436528884009675,0.39644431190389073,0.0052
goe282,goe282.npz,/home/vipuser/Meri-FID-Gate-Airfoil/data/airfoil/raw/uiuc/coord_seligFmt/coord_seligFmt/goe282.dat,True,33,257,0.09116496734298249,0.19724447929783723,0.050195469764740056,0.39644431190389073,0.0064
goe284,goe284.npz,/home/vipuser/Meri-FID-Gate-Airfoil/data/airfoil/raw/uiuc/coord_seligFmt/coord_seligFmt/goe284.dat,True,33,257,0.17643135750597716,0.29178521995118134,0.05124696040314245,0.39044937992156514,0.0059
goe285,goe285.npz,/home/vipuser/Meri-FID-Gate-Airfoil/data/airfoil/raw/uiuc/coord_seligFmt/coord_seligFmt/goe285.dat,True,35,257,0.11728375192658454,0.29737934299750507,0.03670309084607021,0.3030039799694759,0.003
goe286,goe286.npz,/home/vipuser/Meri-FID-Gate-Airfoil/data/airfoil/raw/uiuc/coord_seligFmt/coord_seligFmt/goe286.dat,True,33,257,0.09349121441147543,0.29737934299750507,0.04096965290326829,0.3030039799694759,0.005
goe287,goe287.npz,/home/vipuser/Meri-FID-Gate-Airfoil/data/airfoil/raw/uiuc/coord_seligFmt/coord_seligFmt/goe287.dat,True,33,257,0.08865885394199617,0.3030039799694759,0.048805863103565474,0.39644431190389073,0.005
goe288,goe288.npz,/home/vipuser/Meri-FID-Gate-Airfoil/data/airfoil/raw/uiuc/coord_seligFmt/coord_seligFmt/goe288.dat,True,33,257,0.17384034380985408,0.29178521995118134,0.05529236743749726,0.40245483899193585,0.0059
goe289,goe289.npz,/home/vipuser/Meri-FID-Gate-Airfoil/data/airfoil/raw/uiuc/coord_seligFmt/coord_seligFmt/goe289.dat,True,33,257,0.16782965729483781,0.29737934299750507,0.06113985644469757,0.40245483899193585,0.0
goe290,goe290.npz,/home/vipuser/Meri-FID-Gate-Airfoil/data/airfoil/raw/uiuc/coord_seligFmt/coord_seligFmt/goe290.dat,True,33,257,0.17563403454990567,0.29178521995118134,0.038717028077863605,0.39044937992156514,0.006000060000600006
goe298,goe298.npz,/home/vipuser/Meri-FID-Gate-Airfoil/data/airfoil/raw/uiuc/coord_seligFmt/coord_seligFmt/goe298.dat,True,33,257,0.12824869672170916,0.19724447929783723,0.04531772315682142,0.39644431190389073,0.0059
goe29b,goe29b.npz,/home/vipuser/Meri-FID-Gate-Airfoil/data/airfoil/raw/uiuc/coord_seligFmt/coord_seligFmt/goe29b.dat,True,33,257,0.09428140543188619,0.19724447929783723,0.06541328280977018,0.3030039799694759,0.0028
goe300,goe300.npz,/home/vipuser/Meri-FID-Gate-Airfoil/data/airfoil/raw/uiuc/coord_seligFmt/coord_seligFmt/goe300.dat,True,27,257,0.08426996020030524,0.3030039799694759,0.06655626855824114,0.3030039799694759,0.0018
goe301,goe301.npz,/home/vipuser/Meri-FID-Gate-Airfoil/data/airfoil/raw/uiuc/coord_seligFmt/coord_seligFmt/goe301.dat,True,33,257,0.09944696279529883,0.2862224532848589,0.06484740589657181,0.39644431190389073,0.003
goe303,goe303.npz,/home/vipuser/Meri-FID-Gate-Airfoil/data/airfoil/raw/uiuc/coord_seligFmt/coord_seligFmt/goe303.dat,True,33,257,0.09839111500540557,0.29737934299750507,0.058726830391159585,0.39644431190389073,0.0045
goe304,goe304.npz,/home/vipuser/Meri-FID-Gate-Airfoil/data/airfoil/raw/uiuc/coord_seligFmt/coord_seligFmt/goe304.dat,True,33,257,0.0898612079402419,0.29737934299750507,0.06315720528004524,0.39644431190389073,0.0023
goe308,goe308.npz,/home/vipuser/Meri-FID-Gate-Airfoil/data/airfoil/raw/uiuc/coord_seligFmt/coord_seligFmt/goe308.dat,True,33,257,0.08089528787946143,0.29737934299750507,0.05037135618333466,0.3030039799694759,0.0
goe309,goe309.npz,/home/vipuser/Meri-FID-Gate-Airfoil/data/airfoil/raw/uiuc/coord_seligFmt/coord_seligFmt/goe309.dat,True,33,257,0.08429235006009156,0.3030039799694759,0.04667699662464711,0.3030039799694759,0.004
goe310,goe310.npz,/home/vipuser/Meri-FID-Gate-Airfoil/data/airfoil/raw/uiuc/coord_seligFmt/coord_seligFmt/goe310.dat,True,33,257,0.08145512784283035,0.29737934299750507,0.04803009939407757,0.39644431190389073,0.0
goe311,goe311.npz,/home/vipuser/Meri-FID-Gate-Airfoil/data/airfoil/raw/uiuc/coord_seligFmt/coord_seligFmt/goe311.dat,True,33,257,0.08435613268969497,0.20215034775378327,0.06069733339279172,0.39644431190389073,0.0042
goe314,goe314.npz,/home/vipuser/Meri-FID-Gate-Airfoil/data/airfoil/raw/uiuc/coord_seligFmt/coord_seligFmt/goe314.dat,True,33,257,0.08039944307566806,0.29737934299750507,0.046842393064478065,0.29737934299750507,0.0
goe315,goe315.npz,/home/vipuser/Meri-FID-Gate-Airfoil/data/airfoil/raw/uiuc/coord_seligFmt/coord_seligFmt/goe315.dat,True,33,257,0.08070771719628378,0.29737934299750507,0.04093229220394039,0.29737934299750507,0.0
goe316,goe316.npz,/home/vipuser/Meri-FID-Gate-Airfoil/data/airfoil/raw/uiuc/coord_seligFmt/coord_seligFmt/goe316.dat,True,33,257,0.09075095575476506,0.29737934299750507,0.0424188512348763,0.29737934299750507,0.0042
goe318,goe318.npz,/home/vipuser/Meri-FID-Gate-Airfoil/data/airfoil/raw/uiuc/coord_seligFmt/coord_seligFmt/goe318.dat,True,33,257,0.09127614960262594,0.29737934299750507,0.04316897040333419,0.3030039799694759,0.004
goe319,goe319.npz,/home/vipuser/Meri-FID-Gate-Airfoil/data/airfoil/raw/uiuc/coord_seligFmt/coord_seligFmt/goe319.dat,True,33,257,0.10252509842071708,0.29737934299750507,0.05751778466290366,0.3030039799694759,0.0011
goe320,goe320.npz,/home/vipuser/Meri-FID-Gate-Airfoil/data/airfoil/raw/uiuc/coord_seligFmt/coord_seligFmt/goe320.dat,True,33,257,0.12334327669861138,0.29737934299750507,0.06185308578340867,0.3030039799694759,0.0053
goe321,goe321.npz,/home/vipuser/Meri-FID-Gate-Airfoil/data/airfoil/raw/uiuc/coord_seligFmt/coord_seligFmt/goe321.dat,True,33,257,0.11155735164838897,0.29737934299750507,0.05141659852781204,0.3030039799694759,0.0043
goe322,goe322.npz,/home/vipuser/Meri-FID-Gate-Airfoil/data/airfoil/raw/uiuc/coord_seligFmt/coord_seligFmt/goe322.dat,True,33,257,0.13068416230647625,0.29737934299750507,0.06014950683323735,0.3030039799694759,0.006
goe323,goe323.npz,/home/vipuser/Meri-FID-Gate-Airfoil/data/airfoil/raw/uiuc/coord_seligFmt/coord_seligFmt/goe323.dat,True,33,257,0.11049433010432473,0.29737934299750507,0.05168368565853656,0.29737934299750507,0.0011
goe324,goe324.npz,/home/vipuser/Meri-FID-Gate-Airfoil/data/airfoil/raw/uiuc/coord_seligFmt/coord_seligFmt/goe324.dat,True,33,257,0.13138400747814066,0.29737934299750507,0.05942130880994304,0.29737934299750507,0.0024
goe325,goe325.npz,/home/vipuser/Meri-FID-Gate-Airfoil/data/airfoil/raw/uiuc/coord_seligFmt/coord_seligFmt/goe325.dat,True,33,257,0.082,0.20215034775378327,0.04622747015022893,0.3030039799694759,0.003
goe326,goe326.npz,/home/vipuser/Meri-FID-Gate-Airfoil/data/airfoil/raw/uiuc/coord_seligFmt/coord_seligFmt/goe326.dat,True,33,257,0.08178236151602518,0.29737934299750507,0.04721481689893841,0.39644431190389073,0.003
goe328,goe328.npz,/home/vipuser/Meri-FID-Gate-Airfoil/data/airfoil/raw/uiuc/coord_seligFmt/coord_seligFmt/goe328.dat,True,33,257,0.08192138028992516,0.29737934299750507,0.04274249005007631,0.3030039799694759,0.005
goe329,goe329.npz,/home/vipuser/Meri-FID-Gate-Airfoil/data/airfoil/raw/uiuc/coord_seligFmt/coord_seligFmt/goe329.dat,True,33,257,0.10154785111858391,0.29737934299750507,0.05530656157817035,0.3030039799694759,0.006
goe330,goe330.npz,/home/vipuser/Meri-FID-Gate-Airfoil/data/airfoil/raw/uiuc/coord_seligFmt/coord_seligFmt/goe330.dat,True,33,257,0.10199824813034485,0.29737934299750507,0.057550434319029314,0.39644431190389073,0.001
goe331,goe331.npz,/home/vipuser/Meri-FID-Gate-Airfoil/data/airfoil/raw/uiuc/coord_seligFmt/coord_seligFmt/goe331.dat,True,33,257,0.10637498107021758,0.3030039799694759,0.06865408573783215,0.39644431190389073,0.0026
goe332,goe332.npz,/home/vipuser/Meri-FID-Gate-Airfoil/data/airfoil/raw/uiuc/coord_seligFmt/coord_seligFmt/goe332.dat,True,33,257,0.11782176548286225,0.29737934299750507,0.06360193108569562,0.39644431190389073,0.003
goe335,goe335.npz,/home/vipuser/Meri-FID-Gate-Airfoil/data/airfoil/raw/uiuc/coord_seligFmt/coord_seligFmt/goe335.dat,True,33,257,0.06846774478369325,0.20215034775378327,0.047991110779759726,0.39644431190389073,0.0
goe336,goe336.npz,/home/vipuser/Meri-FID-Gate-Airfoil/data/airfoil/raw/uiuc/coord_seligFmt/coord_seligFmt/goe336.dat,True,33,257,0.08943823468486388,0.29737934299750507,0.05401379897360688,0.3030039799694759,0.003
goe342,goe342.npz,/home/vipuser/Meri-FID-Gate-Airfoil/data/airfoil/raw/uiuc/coord_seligFmt/coord_seligFmt/goe342.dat,True,31,257,0.053956993044924344,0.20215034775378327,0.0615729967710887,0.40245483899193585,0.003
goe344,goe344.npz,/home/vipuser/Meri-FID-Gate-Airfoil/data/airfoil/raw/uiuc/coord_seligFmt/coord_seligFmt/goe344.dat,True,33,257,0.07197962910611026,0.19724447929783723,0.02705325251658941,0.39644431190389073,0.0065
goe346,goe346.npz,/home/vipuser/Meri-FID-Gate-Airfoil/data/airfoil/raw/uiuc/coord_seligFmt/coord_seligFmt/goe346.dat,True,33,257,0.057362321226217025,0.39644431190389073,0.037933673090254506,0.39644431190389073,0.0035
goe358,goe358.npz,/home/vipuser/Meri-FID-Gate-Airfoil/data/airfoil/raw/uiuc/coord_seligFmt/coord_seligFmt/goe358.dat,True,27,257,0.10859463296006462,0.20215034775378327,0.05615,0.49999999999999994,0.0032
goe359,goe359.npz,/home/vipuser/Meri-FID-Gate-Airfoil/data/airfoil/raw/uiuc/coord_seligFmt/coord_seligFmt/goe359.dat,True,33,257,0.07798689671498753,0.29737934299750507,0.058434888325591544,0.39644431190389073,0.0015
goe360,goe360.npz,/home/vipuser/Meri-FID-Gate-Airfoil/data/airfoil/raw/uiuc/coord_seligFmt/coord_seligFmt/goe360.dat,True,33,257,0.0967505283550512,0.29737934299750507,0.05862734265906104,0.3030039799694759,0.0021
goe361,goe361.npz,/home/vipuser/Meri-FID-Gate-Airfoil/data/airfoil/raw/uiuc/coord_seligFmt/coord_seligFmt/goe361.dat,True,33,257,0.0679354895673865,0.20215034775378327,0.05523222155951946,0.39644431190389073,0.0
goe362,goe362.npz,/home/vipuser/Meri-FID-Gate-Airfoil/data/airfoil/raw/uiuc/coord_seligFmt/coord_seligFmt/goe362.dat,True,33,257,0.06595699304492435,0.20215034775378327,0.05285335805915322,0.40245483899193585,0.0
goe363,goe363.npz,/home/vipuser/Meri-FID-Gate-Airfoil/data/airfoil/raw/uiuc/coord_seligFmt/coord_seligFmt/goe363.dat,True,33,257,0.11064633022621322,0.19724447929783723,0.05714681206900822,0.39644431190389073,0.0011
goe364,goe364.npz,/home/vipuser/Meri-FID-Gate-Airfoil/data/airfoil/raw/uiuc/coord_seligFmt/coord_seligFmt/goe364.dat,True,33,257,0.10792138028992515,0.29737934299750507,0.06507596816024419,0.3030039799694759,0.0
goe365,goe365.npz,/home/vipuser/Meri-FID-Gate-Airfoil/data/airfoil/raw/uiuc/coord_seligFmt/coord_seligFmt/goe365.dat,True,33,257,0.11694060222997184,0.3030039799694759,0.051431376032035056,0.39644431190389073,0.0
goe366,goe366.npz,/home/vipuser/Meri-FID-Gate-Airfoil/data/airfoil/raw/uiuc/coord_seligFmt/coord_seligFmt/goe366.dat,True,33,257,0.1314169243831038,0.29737934299750507,0.07245426386610941,0.39644431190389073,0.003
goe367,goe367.npz,/home/vipuser/Meri-FID-Gate-Airfoil/data/airfoil/raw/uiuc/coord_seligFmt/coord_seligFmt/goe367.dat,True,33,257,0.16283088075499702,0.3030039799694759,0.04599041517851088,0.39644431190389073,0.0032
goe368,goe368.npz,/home/vipuser/Meri-FID-Gate-Airfoil/data/airfoil/raw/uiuc/coord_seligFmt/coord_seligFmt/goe368.dat,True,33,257,0.0770487770698102,0.15081187529551354,0.038038073880012985,0.3030039799694759,0.0
goe369,goe369.npz,/home/vipuser/Meri-FID-Gate-Airfoil/data/airfoil/raw/uiuc/coord_seligFmt/coord_seligFmt/goe369.dat,True,33,257,0.05845964188216158,0.29737934299750507,0.05388755509166361,0.39644431190389073,0.0
goe370,goe370.npz,/home/vipuser/Meri-FID-Gate-Airfoil/data/airfoil/raw/uiuc/coord_seligFmt/coord_seligFmt/goe370.dat,True,33,257,0.0465135122872417,0.20215034775378327,0.057367053760525616,0.40245483899193585,0.0
goe371,goe371.npz,/home/vipuser/Meri-FID-Gate-Airfoil/data/airfoil/raw/uiuc/coord_seligFmt/coord_seligFmt/goe371.dat,True,33,257,0.06947113275863502,0.29737934299750507,0.046049675092030035,0.39644431190389073,0.0
goe372,goe372.npz,/home/vipuser/Meri-FID-Gate-Airfoil/data/airfoil/raw/uiuc/coord_seligFmt/coord_seligFmt/goe372.dat,True,33,257,0.06200541320728978,0.29737934299750507,0.043045167193727925,0.40245483899193585,0.0
goe373,goe373.npz,/home/vipuser/Meri-FID-Gate-Airfoil/data/airfoil/raw/uiuc/coord_seligFmt/coord_seligFmt/goe373.dat,True,33,257,0.06501030686842173,0.29737934299750507,0.05073049689858317,0.39644431190389073,0.0
goe374,goe374.npz,/home/vipuser/Meri-FID-Gate-Airfoil/data/airfoil/raw/uiuc/coord_seligFmt/coord_seligFmt/goe374.dat,True,33,257,0.0644731296490662,0.29737934299750507,0.04519827794308404,0.3030039799694759,0.0
goe375,goe375.npz,/home/vipuser/Meri-FID-Gate-Airfoil/data/airfoil/raw/uiuc/coord_seligFmt/coord_seligFmt/goe375.dat,True,33,257,0.06500420542054205,0.20710107127178057,0.04481496947041086,0.29737934299750507,0.0
goe376,goe376.npz,/home/vipuser/Meri-FID-Gate-Airfoil/data/airfoil/raw/uiuc/coord_seligFmt/coord_seligFmt/goe376.dat,True,33,257,0.06598130240544367,0.29737934299750507,0.04948551761360742,0.3030039799694759,0.0
goe377,goe377.npz,/home/vipuser/Meri-FID-Gate-Airfoil/data/airfoil/raw/uiuc/coord_seligFmt/coord_seligFmt/goe377.dat,True,33,257,0.06445494030045787,0.3030039799694759,0.038869776651183074,0.39644431190389073,0.0
goe379,goe379.npz,/home/vipuser/Meri-FID-Gate-Airfoil/data/airfoil/raw/uiuc/coord_seligFmt/coord_seligFmt/goe379.dat,True,33,257,0.06446355873463527,0.29737934299750507,0.052395247434320995,0.39644431190389073,0.0
goe380,goe380.npz,/home/vipuser/Meri-FID-Gate-Airfoil/data/airfoil/raw/uiuc/coord_seligFmt/coord_seligFmt/goe380.dat,True,33,257,0.06546998714367694,0.29737934299750507,0.05597562015022893,0.3030039799694759,0.0
goe381,goe381.npz,/home/vipuser/Meri-FID-Gate-Airfoil/data/airfoil/raw/uiuc/coord_seligFmt/coord_seligFmt/goe381.dat,True,33,257,0.06375167725338582,0.29737934299750507,0.057567725468103785,0.3030039799694759,0.0016
goe382,goe382.npz,/home/vipuser/Meri-FID-Gate-Airfoil/data/airfoil/raw/uiuc/coord_seligFmt/coord_seligFmt/goe382.dat,True,33,257,0.200244423823788,0.29178521995118134,0.06030068404285234,0.39044937992156514,0.0021
goe383,goe383.npz,/home/vipuser/Meri-FID-Gate-Airfoil/data/airfoil/raw/uiuc/coord_seligFmt/coord_seligFmt/goe383.dat,True,33,257,0.20171345228347692,0.2862224532848589,0.049781752495924175,0.38447094585966435,0.003200064001280026
goe384,goe384.npz,/home/vipuser/Meri-FID-Gate-Airfoil/data/airfoil/raw/uiuc/coord_seligFmt/coord_seligFmt/goe384.dat,True,33,257,0.19545234910661294,0.29737934299750507,0.06846857334553533,0.39044937992156514,0.0043
goe385,goe385.npz,/home/vipuser/Meri-FID-Gate-Airfoil/data/airfoil/raw/uiuc/coord_seligFmt/coord_seligFmt/goe385.dat,True,33,257,0.09881788864351189,0.3030039799694759,0.04138388564562887,0.3030039799694759,0.0042
goe386,goe386.npz,/home/vipuser/Meri-FID-Gate-Airfoil/data/airfoil/raw/uiuc/coord_seligFmt/coord_seligFmt/goe386.dat,True,33,257,0.20248577480895324,0.29178521995118134,0.05439528073336046,0.39044937992156514,0.0032000320003200034
goe387,goe387.npz,/home/vipuser/Meri-FID-Gate-Airfoil/data/airfoil/raw/uiuc/coord_seligFmt/coord_seligFmt/goe387.dat,True,33,257,0.14838207043488774,0.29737934299750507,0.05513599761427003,0.39644431190389073,0.0
goe388,goe388.npz,/home/vipuser/Meri-FID-Gate-Airfoil/data/airfoil/raw/uiuc/coord_seligFmt/coord_seligFmt/goe388.dat,True,33,257,0.10195756356646495,0.29737934299750507,0.05428693512146788,0.39644431190389073,0.0021
goe389,goe389.npz,/home/vipuser/Meri-FID-Gate-Airfoil/data/airfoil/raw/uiuc/coord_seligFmt/coord_seligFmt/goe389.dat,True,33,257,0.10323458590491122,0.29737934299750507,0.039691957664001284,0.39644431190389073,0.0021
goe390,goe390.npz,/home/vipuser/Meri-FID-Gate-Airfoil/data/airfoil/raw/uiuc/coord_seligFmt/coord_seligFmt/goe390.dat,True,33,257,0.20312179048885187,0.29178521995118134,0.06897890366952703,0.39044937992156514,0.0021
goe391,goe391.npz,/home/vipuser/Meri-FID-Gate-Airfoil/data/airfoil/raw/uiuc/coord_seligFmt/coord_seligFmt/goe391.dat,True,33,257,0.050975451610080644,0.40245483899193585,0.032072996771088706,0.40245483899193585,0.0
goe392,goe392.npz,/home/vipuser/Meri-FID-Gate-Airfoil/data/airfoil/raw/uiuc/coord_seligFmt/coord_seligFmt/goe392.dat,True,33,257,0.10134980100152621,0.3030039799694759,0.04832667902957661,0.40245483899193585,0.0
goe393,goe393.npz,/home/vipuser/Meri-FID-Gate-Airfoil/data/airfoil/raw/uiuc/coord_seligFmt/coord_seligFmt/goe393.dat,True,33,257,0.06071059296296287,0.19724447929783723,0.042042872000240754,0.3030039799694759,0.0013
goe394,goe394.npz,/home/vipuser/Meri-FID-Gate-Airfoil/data/airfoil/raw/uiuc/coord_seligFmt/coord_seligFmt/goe394.dat,True,33,257,0.06105502262668478,0.19724447929783723,0.058804084648751254,0.40245483899193585,0.0015
goe395,goe395.npz,/home/vipuser/Meri-FID-Gate-Airfoil/data/airfoil/raw/uiuc/coord_seligFmt/coord_seligFmt/goe395.dat,True,33,257,0.06107902289562332,0.19724447929783723,0.0697265685821605,0.49999999999999994,0.0015
goe396,goe396.npz,/home/vipuser/Meri-FID-Gate-Airfoil/data/airfoil/raw/uiuc/coord_seligFmt/coord_seligFmt/goe396.dat,True,33,257,0.047,0.20215034775378327,0.057621445152258054,0.40245483899193585,0.0
goe397,goe397.npz,/home/vipuser/Meri-FID-Gate-Airfoil/data/airfoil/raw/uiuc/coord_seligFmt/coord_seligFmt/goe397.dat,True,33,257,0.05096996020030524,0.3030039799694759,0.03954967580066532,0.40245483899193585,0.0
goe398,goe398.npz,/home/vipuser/Meri-FID-Gate-Airfoil/data/airfoil/raw/uiuc/coord_seligFmt/coord_seligFmt/goe398.dat,True,33,257,0.13836896714987526,0.29737934299750507,0.04848424329796865,0.39644431190389073,0.0
goe399,goe399.npz,/home/vipuser/Meri-FID-Gate-Airfoil/data/airfoil/raw/uiuc/coord_seligFmt/coord_seligFmt/goe399.dat,True,33,257,0.06896328623120146,0.29737934299750507,0.04217025445190153,0.39644431190389073,0.0
goe400,goe400.npz,/home/vipuser/Meri-FID-Gate-Airfoil/data/airfoil/raw/uiuc/coord_seligFmt/coord_seligFmt/goe400.dat,True,33,257,0.06118897791719135,0.19724447929783723,0.04871119892642152,0.39644431190389073,0.0008
goe401,goe401.npz,/home/vipuser/Meri-FID-Gate-Airfoil/data/airfoil/raw/uiuc/coord_seligFmt/coord_seligFmt/goe401.dat,True,33,257,0.07099886697676576,0.29737934299750507,0.0485769680116922,0.3030039799694759,0.0
goe402,goe402.npz,/home/vipuser/Meri-FID-Gate-Airfoil/data/airfoil/raw/uiuc/coord_seligFmt/coord_seligFmt/goe402.dat,True,33,257,0.06797849652246216,0.20215034775378327,0.0572879840801221,0.3030039799694759,0.0
goe403,goe403.npz,/home/vipuser/Meri-FID-Gate-Airfoil/data/airfoil/raw/uiuc/coord_seligFmt/coord_seligFmt/goe403.dat,True,33,257,0.06651754888166583,0.29737934299750507,0.043147352904312236,0.39644431190389073,0.0
goe404,goe404.npz,/home/vipuser/Meri-FID-Gate-Airfoil/data/airfoil/raw/uiuc/coord_seligFmt/coord_seligFmt/goe404.dat,True,33,257,0.13186874070466528,0.29178521995118134,0.04964531797656624,0.29737934299750507,0.0016
goe405,goe405.npz,/home/vipuser/Meri-FID-Gate-Airfoil/data/airfoil/raw/uiuc/coord_seligFmt/coord_seligFmt/goe405.dat,True,29,257,0.11093992040061049,0.3030039799694759,0.0653349467667137,0.40245483899193585,0.0
goe406,goe406.npz,/home/vipuser/Meri-FID-Gate-Airfoil/data/airfoil/raw/uiuc/coord_seligFmt/coord_seligFmt/goe406.dat,True,33,257,0.1168672605887949,0.3030039799694759,0.055307146761929486,0.39644431190389073,0.0
goe407,goe407.npz,/home/vipuser/Meri-FID-Gate-Airfoil/data/airfoil/raw/uiuc/coord_seligFmt/coord_seligFmt/goe407.dat,True,33,257,0.09457385595062555,0.3030039799694759,0.047776493702322426,0.39644431190389073,0.0
goe408,goe408.npz,/home/vipuser/Meri-FID-Gate-Airfoil/data/airfoil/raw/uiuc/coord_seligFmt/coord_seligFmt/goe408.dat,True,33,257,0.07746800020030524,0.3030039799694759,0.04144605602003052,0.3030039799694759,0.0
goe409,goe409.npz,/home/vipuser/Meri-FID-Gate-Airfoil/data/airfoil/raw/uiuc/coord_seligFmt/coord_seligFmt/goe409.dat,True,33,257,0.127,0.3030039799694759,0.0,0.0,0.0
goe410,goe410.npz,/home/vipuser/Meri-FID-Gate-Airfoil/data/airfoil/raw/uiuc/coord_seligFmt/coord_seligFmt/goe410.dat,True,33,257,0.16086896714987525,0.29737934299750507,0.0,0.0,0.0
goe411,goe411.npz,/home/vipuser/Meri-FID-Gate-Airfoil/data/airfoil/raw/uiuc/coord_seligFmt/coord_seligFmt/goe411.dat,True,31,257,0.13196996020030524,0.3030039799694759,0.0,0.0,0.0
goe412,goe412.npz,/home/vipuser/Meri-FID-Gate-Airfoil/data/airfoil/raw/uiuc/coord_seligFmt/coord_seligFmt/goe412.dat,True,33,257,0.13128786117780966,0.29737934299750507,0.05099818969039043,0.39644431190389073,0.0032
goe413,goe413.npz,/home/vipuser/Meri-FID-Gate-Airfoil/data/airfoil/raw/uiuc/coord_seligFmt/coord_seligFmt/goe413.dat,True,33,257,0.1634397248889426,0.29737934299750507,0.046135270966048386,0.40245483899193585,0.0016
goe414,goe414.npz,/home/vipuser/Meri-FID-Gate-Airfoil/data/airfoil/raw/uiuc/coord_seligFmt/coord_seligFmt/goe414.dat,True,33,257,0.1360640113551693,0.29737934299750507,0.05250357874349411,0.39644431190389073,0.0021
goe415,goe415.npz,/home/vipuser/Meri-FID-Gate-Airfoil/data/airfoil/raw/uiuc/coord_seligFmt/coord_seligFmt/goe415.dat,True,33,257,0.08467524815044822,0.20215034775378327,0.036566573693231075,0.3030039799694759,0.0011
goe416a,goe416a.npz,/home/vipuser/Meri-FID-Gate-Airfoil/data/airfoil/raw/uiuc/coord_seligFmt/coord_seligFmt/goe416a.dat,True,33,257,0.11672826279137485,0.3030039799694759,0.01331776436034205,0.6035556880961093,0.0027000270002700026
goe417,goe417.npz,/home/vipuser/Meri-FID-Gate-Airfoil/data/airfoil/raw/uiuc/coord_seligFmt/coord_seligFmt/goe417.dat,True,33,257,0.05997189368883794,0.19724447929783723,0.06130910958689474,0.39644431190389073,0.0
goe417a,goe417a.npz,/home/vipuser/Meri-FID-Gate-Airfoil/data/airfoil/raw/uiuc/coord_seligFmt/coord_seligFmt/goe417a.dat,True,31,257,0.031995281805930365,0.025235909703481663,0.05892888623807781,0.39644431190389073,0.0
goe418,goe418.npz,/home/vipuser/Meri-FID-Gate-Airfoil/data/airfoil/raw/uiuc/coord_seligFmt/coord_seligFmt/goe418.dat,True,33,257,0.1269354895673865,0.20215034775378327,0.05073955330236614,0.39644431190389073,0.0
goe419,goe419.npz,/home/vipuser/Meri-FID-Gate-Airfoil/data/airfoil/raw/uiuc/coord_seligFmt/coord_seligFmt/goe419.dat,True,33,257,0.053000000000000005,0.3030039799694759,0.04096444311903891,0.39644431190389073,0.0
goe420,goe420.npz,/home/vipuser/Meri-FID-Gate-Airfoil/data/airfoil/raw/uiuc/coord_seligFmt/coord_seligFmt/goe420.dat,True,33,257,0.18727724415478791,0.29737934299750507,0.043,0.49999999999999994,0.0
goe421,goe421.npz,/home/vipuser/Meri-FID-Gate-Airfoil/data/airfoil/raw/uiuc/coord_seligFmt/coord_seligFmt/goe421.dat,True,33,257,0.19003832133711387,0.29178521995118134,0.08103459500621013,0.49386423085714004,0.0021
goe422,goe422.npz,/home/vipuser/Meri-FID-Gate-Airfoil/data/airfoil/raw/uiuc/coord_seligFmt/coord_seligFmt/goe422.dat,True,33,257,0.17060824320414847,0.29737934299750507,0.06505665518618037,0.39644431190389073,0.0021
goe423,goe423.npz,/home/vipuser/Meri-FID-Gate-Airfoil/data/airfoil/raw/uiuc/coord_seligFmt/coord_seligFmt/goe423.dat,True,33,257,0.16939431062825655,0.39644431190389073,0.05063052978062607,0.39644431190389073,0.0016
goe424,goe424.npz,/home/vipuser/Meri-FID-Gate-Airfoil/data/airfoil/raw/uiuc/coord_seligFmt/coord_seligFmt/goe424.dat,True,33,257,0.19986734572048834,0.3086582838174551,0.047787950522014955,0.38447094585966435,0.001600032000640013
goe425,goe425.npz,/home/vipuser/Meri-FID-Gate-Airfoil/data/airfoil/raw/uiuc/coord_seligFmt/coord_seligFmt/goe425.dat,True,33,257,0.16015856739942666,0.29737934299750507,0.045373985069381596,0.39044937992156514,0.0011
goe426,goe426.npz,/home/vipuser/Meri-FID-Gate-Airfoil/data/airfoil/raw/uiuc/coord_seligFmt/coord_seligFmt/goe426.dat,True,33,257,0.13581976120183145,0.3030039799694759,0.0454386290252016,0.40245483899193585,0.0
goe427,goe427.npz,/home/vipuser/Meri-FID-Gate-Airfoil/data/airfoil/raw/uiuc/coord_seligFmt/coord_seligFmt/goe427.dat,True,33,257,0.04598924826123109,0.20215034775378327,0.05422512741074596,0.40245483899193585,0.0
goe428,goe428.npz,/home/vipuser/Meri-FID-Gate-Airfoil/data/airfoil/raw/uiuc/coord_seligFmt/coord_seligFmt/goe428.dat,True,33,257,0.07897379342997504,0.29737934299750507,0.05215377605475058,0.39644431190389073,0.0
goe429,goe429.npz,/home/vipuser/Meri-FID-Gate-Airfoil/data/airfoil/raw/uiuc/coord_seligFmt/coord_seligFmt/goe429.dat,True,33,257,0.11377117277297255,0.29737934299750507,0.0018967924685193566,0.09839623425967753,0.0032
goe430,goe430.npz,/home/vipuser/Meri-FID-Gate-Airfoil/data/airfoil/raw/uiuc/coord_seligFmt/coord_seligFmt/goe430.dat,True,33,257,0.13365569263282936,0.29178521995118134,0.04824023254081353,0.49999999999999994,0.0022
goe431,goe431.npz,/home/vipuser/Meri-FID-Gate-Airfoil/data/airfoil/raw/uiuc/coord_seligFmt/coord_seligFmt/goe431.dat,True,33,257,0.117870979134773,0.20215034775378327,0.07219754516100807,0.5975451610080641,0.0
goe432,goe432.npz,/home/vipuser/Meri-FID-Gate-Airfoil/data/airfoil/raw/uiuc/coord_seligFmt/coord_seligFmt/goe432.dat,True,33,257,0.07695699304492434,0.20215034775378327,0.04332688802737529,0.39644431190389073,0.0
goe433,goe433.npz,/home/vipuser/Meri-FID-Gate-Airfoil/data/airfoil/raw/uiuc/coord_seligFmt/coord_seligFmt/goe433.dat,True,33,257,0.17413298249363285,0.29178521995118134,0.0484391594853995,0.49386423085714004,0.0016
goe434,goe434.npz,/home/vipuser/Meri-FID-Gate-Airfoil/data/airfoil/raw/uiuc/coord_seligFmt/coord_seligFmt/goe434.dat,True,33,257,0.22739095005505677,0.2862224532848589,0.05174747384244137,0.48772938573854385,0.0016000480014400431
goe435,goe435.npz,/home/vipuser/Meri-FID-Gate-Airfoil/data/airfoil/raw/uiuc/coord_seligFmt/coord_seligFmt/goe435.dat,True,33,257,0.2604180448071191,0.28069188073073614,0.046557244536564166,0.4815963885293205,0.0027001890132309263
goe436,goe436.npz,/home/vipuser/Meri-FID-Gate-Airfoil/data/airfoil/raw/uiuc/coord_seligFmt/coord_seligFmt/goe436.dat,True,33,257,0.10993448357493762,0.29737934299750507,0.03749249005007631,0.3030039799694759,0.0
goe437,goe437.npz,/home/vipuser/Meri-FID-Gate-Airfoil/data/airfoil/raw/uiuc/coord_seligFmt/coord_seligFmt/goe437.dat,True,33,257,0.07046069014496259,0.29737934299750507,0.04800733174284669,0.39644431190389073,0.0
goe438,goe438.npz,/home/vipuser/Meri-FID-Gate-Airfoil/data/airfoil/raw/uiuc/coord_seligFmt/coord_seligFmt/goe438.dat,True,33,257,0.10998948338247087,0.29737934299750507,0.03768884493072433,0.39644431190389073,0.0
goe439,goe439.npz,/home/vipuser/Meri-FID-Gate-Airfoil/data/airfoil/raw/uiuc/coord_seligFmt/coord_seligFmt/goe439.dat,True,29,257,0.07896069014496257,0.29737934299750507,0.05215377605475058,0.39644431190389073,0.0
goe440,goe440.npz,/home/vipuser/Meri-FID-Gate-Airfoil/data/airfoil/raw/uiuc/coord_seligFmt/coord_seligFmt/goe440.dat,True,33,257,0.15248007321759113,0.29737934299750507,0.09691917116363208,0.40245483899193585,0.0026
goe441,goe441.npz,/home/vipuser/Meri-FID-Gate-Airfoil/data/airfoil/raw/uiuc/coord_seligFmt/coord_seligFmt/goe441.dat,True,33,257,0.15979630703742773,0.29178521995118134,0.0772351485242585,0.39644431190389073,0.0027
goe442,goe442.npz,/home/vipuser/Meri-FID-Gate-Airfoil/data/airfoil/raw/uiuc/coord_seligFmt/coord_seligFmt/goe442.dat,True,33,257,0.07697752064028146,0.20215034775378327,0.04331432026519388,0.39644431190389073,0.0
goe443,goe443.npz,/home/vipuser/Meri-FID-Gate-Airfoil/data/airfoil/raw/uiuc/coord_seligFmt/coord_seligFmt/goe443.dat,True,29,257,0.05,0.3030039799694759,0.0,0.0,0.0
goe444,goe444.npz,/home/vipuser/Meri-FID-Gate-Airfoil/data/airfoil/raw/uiuc/coord_seligFmt/coord_seligFmt/goe444.dat,True,33,257,0.056,0.3030039799694759,0.0,0.0,0.0
goe445,goe445.npz,/home/vipuser/Meri-FID-Gate-Airfoil/data/airfoil/raw/uiuc/coord_seligFmt/coord_seligFmt/goe445.dat,True,33,257,0.06396444311903891,0.39644431190389073,0.0,0.0,0.0
goe446,goe446.npz,/home/vipuser/Meri-FID-Gate-Airfoil/data/airfoil/raw/uiuc/coord_seligFmt/coord_seligFmt/goe446.dat,True,33,257,0.1288332458278749,0.29737934299750507,0.06323714684078816,0.39644431190389073,0.0032
goe447,goe447.npz,/home/vipuser/Meri-FID-Gate-Airfoil/data/airfoil/raw/uiuc/coord_seligFmt/coord_seligFmt/goe447.dat,True,33,257,0.12684409556688597,0.29737934299750507,0.08006165693955831,0.40245483899193585,0.0032
goe448,goe448.npz,/home/vipuser/Meri-FID-Gate-Airfoil/data/airfoil/raw/uiuc/coord_seligFmt/coord_seligFmt/goe448.dat,True,33,257,0.12894982796288484,0.29737934299750507,0.10507147811487307,0.40245483899193585,0.0026
goe449,goe449.npz,/home/vipuser/Meri-FID-Gate-Airfoil/data/airfoil/raw/uiuc/coord_seligFmt/coord_seligFmt/goe449.dat,True,33,257,0.16948498010015262,0.3030039799694759,0.0538656322541129,0.40245483899193585,0.0
goe450,goe450.npz,/home/vipuser/Meri-FID-Gate-Airfoil/data/airfoil/raw/uiuc/coord_seligFmt/coord_seligFmt/goe450.dat,True,33,257,0.08895112323798517,0.29737934299750507,0.05180222837778835,0.40245483899193585,0.0021
goe451,goe451.npz,/home/vipuser/Meri-FID-Gate-Airfoil/data/airfoil/raw/uiuc/coord_seligFmt/coord_seligFmt/goe451.dat,True,33,257,0.04397412496995656,0.29737934299750507,0.055648104934970105,0.40245483899193585,0.0
goe456,goe456.npz,/home/vipuser/Meri-FID-Gate-Airfoil/data/airfoil/raw/uiuc/coord_seligFmt/coord_seligFmt/goe456.dat,True,33,257,0.07201738189171605,0.29737934299750507,0.05195666156197346,0.40245483899193585,0.0
goe457,goe457.npz,/home/vipuser/Meri-FID-Gate-Airfoil/data/airfoil/raw/uiuc/coord_seligFmt/coord_seligFmt/goe457.dat,True,33,257,0.07828831206823594,0.20215034775378327,0.042177293142400804,0.39644431190389073,0.0
goe458,goe458.npz,/home/vipuser/Meri-FID-Gate-Airfoil/data/airfoil/raw/uiuc/coord_seligFmt/coord_seligFmt/goe458.dat,True,33,257,0.07201738189171605,0.29737934299750507,0.05195666156197346,0.40245483899193585,0.0
goe459,goe459.npz,/home/vipuser/Meri-FID-Gate-Airfoil/data/airfoil/raw/uiuc/coord_seligFmt/coord_seligFmt/goe459.dat,True,33,257,0.12696996020030524,0.3030039799694759,0.0,0.0,0.0
goe460,goe460.npz,/home/vipuser/Meri-FID-Gate-Airfoil/data/airfoil/raw/uiuc/coord_seligFmt/coord_seligFmt/goe460.dat,True,33,257,0.20487984080122096,0.3030039799694759,0.0,0.0,0.0
goe462,goe462.npz,/home/vipuser/Meri-FID-Gate-Airfoil/data/airfoil/raw/uiuc/coord_seligFmt/coord_seligFmt/goe462.dat,True,33,257,0.10954840019842076,0.10208154769555822,0.133640435076269,0.3030039799694759,0.0
goe464,goe464.npz,/home/vipuser/Meri-FID-Gate-Airfoil/data/airfoil/raw/uiuc/coord_seligFmt/coord_seligFmt/goe464.dat,True,33,257,0.07719212361360654,0.0743224034473674,0.09907914031933701,0.3030039799694759,0.0
goe474,goe474.npz,/home/vipuser/Meri-FID-Gate-Airfoil/data/airfoil/raw/uiuc/coord_seligFmt/coord_seligFmt/goe474.dat,True,33,257,0.06946996020030524,0.3030039799694759,0.029048772580504027,0.40245483899193585,0.0
goe476,goe476.npz,/home/vipuser/Meri-FID-Gate-Airfoil/data/airfoil/raw/uiuc/coord_seligFmt/coord_seligFmt/goe476.dat,True,33,257,0.14455105491998216,0.29737934299750507,0.052116630571766936,0.39644431190389073,0.0
goe477,goe477.npz,/home/vipuser/Meri-FID-Gate-Airfoil/data/airfoil/raw/uiuc/coord_seligFmt/coord_seligFmt/goe477.dat,True,25,257,0.10044758685995009,0.29737934299750507,0.04878649838554436,0.40245483899193585,0.0
goe478,goe478.npz,/home/vipuser/Meri-FID-Gate-Airfoil/data/airfoil/raw/uiuc/coord_seligFmt/coord_seligFmt/goe478.dat,True,33,257,0.13345460128712502,0.29737934299750507,0.04298098830374884,0.39644431190389073,0.0
goe479,goe479.npz,/home/vipuser/Meri-FID-Gate-Airfoil/data/airfoil/raw/uiuc/coord_seligFmt/coord_seligFmt/goe479.dat,True,33,257,0.11589517371990021,0.29737934299750507,0.04001194999562499,0.40245483899193585,0.0
goe480,goe480.npz,/home/vipuser/Meri-FID-Gate-Airfoil/data/airfoil/raw/uiuc/coord_seligFmt/coord_seligFmt/goe480.dat,True,25,257,0.11740827700491269,0.29737934299750507,0.05490213063965726,0.40245483899193585,0.0
goe481,goe481.npz,/home/vipuser/Meri-FID-Gate-Airfoil/data/airfoil/raw/uiuc/coord_seligFmt/coord_seligFmt/goe481.dat,True,33,257,0.13568453418174264,0.10208154769555822,0.08800303319618707,0.39044937992156514,0.0
goe481a,goe481a.npz,/home/vipuser/Meri-FID-Gate-Airfoil/data/airfoil/raw/uiuc/coord_seligFmt/coord_seligFmt/goe481a.dat,True,33,257,0.15320445401558544,0.29178521995118134,0.054952987323018426,0.39644431190389073,0.0
goe482,goe482.npz,/home/vipuser/Meri-FID-Gate-Airfoil/data/airfoil/raw/uiuc/coord_seligFmt/coord_seligFmt/goe482.dat,True,33,257,0.16523018415905796,0.29178521995118134,0.08794242656336448,0.39644431190389073,0.0
goe483,goe483.npz,/home/vipuser/Meri-FID-Gate-Airfoil/data/airfoil/raw/uiuc/coord_seligFmt/coord_seligFmt/goe483.dat,True,33,257,0.054483762494089726,0.15081187529551354,0.05821444311903891,0.39644431190389073,0.0
goe484,goe484.npz,/home/vipuser/Meri-FID-Gate-Airfoil/data/airfoil/raw/uiuc/coord_seligFmt/coord_seligFmt/goe484.dat,True,31,257,0.062439920400610485,0.3030039799694759,0.049499999999999995,0.49999999999999994,0.0
goe488,goe488.npz,/home/vipuser/Meri-FID-Gate-Airfoil/data/airfoil/raw/uiuc/coord_seligFmt/coord_seligFmt/goe488.dat,True,31,257,0.0679851633808016,0.19724447929783723,0.03042946793571167,0.39644431190389073,0.0
goe490,goe490.npz,/home/vipuser/Meri-FID-Gate-Airfoil/data/airfoil/raw/uiuc/coord_seligFmt/coord_seligFmt/goe490.dat,True,33,257,0.0880365806193423,0.20215034775378327,0.038339813308780654,0.39644431190389073,0.0
goe491,goe491.npz,/home/vipuser/Meri-FID-Gate-Airfoil/data/airfoil/raw/uiuc/coord_seligFmt/coord_seligFmt/goe491.dat,True,33,257,0.0485,0.20710107127178057,0.029401936320488382,0.3030039799694759,0.0
goe492,goe492.npz,/home/vipuser/Meri-FID-Gate-Airfoil/data/airfoil/raw/uiuc/coord_seligFmt/coord_seligFmt/goe492.dat,True,33,257,0.0620159873433544,0.39644431190389073,0.033723462329167175,0.49386423085714004,0.0
goe493,goe493.npz,/home/vipuser/Meri-FID-Gate-Airfoil/data/airfoil/raw/uiuc/coord_seligFmt/coord_seligFmt/goe493.dat,True,33,257,0.14967587703955876,0.3030039799694759,0.03368115493407999,0.49386423085714004,0.0
goe494,goe494.npz,/home/vipuser/Meri-FID-Gate-Airfoil/data/airfoil/raw/uiuc/coord_seligFmt/coord_seligFmt/goe494.dat,True,33,257,0.04951193131180941,0.20215034775378327,0.050988339026344906,0.49999999999999994,0.0
goe495,goe495.npz,/home/vipuser/Meri-FID-Gate-Airfoil/data/airfoil/raw/uiuc/coord_seligFmt/coord_seligFmt/goe495.dat,True,33,257,0.06898689671498753,0.29737934299750507,0.049999999999999996,0.49999999999999994,0.0
goe496,goe496.npz,/home/vipuser/Meri-FID-Gate-Airfoil/data/airfoil/raw/uiuc/coord_seligFmt/coord_seligFmt/goe496.dat,True,29,257,0.09948689671498753,0.29737934299750507,0.049999999999999996,0.49999999999999994,0.0
goe497,goe497.npz,/home/vipuser/Meri-FID-Gate-Airfoil/data/airfoil/raw/uiuc/coord_seligFmt/coord_seligFmt/goe497.dat,True,33,257,0.12696069014496258,0.29737934299750507,0.05324999999999999,0.49999999999999994,0.0
goe498,goe498.npz,/home/vipuser/Meri-FID-Gate-Airfoil/data/airfoil/raw/uiuc/coord_seligFmt/coord_seligFmt/goe498.dat,True,33,257,0.15922647350011704,0.29178521995118134,0.05501074534551177,0.49386423085714004,0.0
goe499,goe499.npz,/home/vipuser/Meri-FID-Gate-Airfoil/data/airfoil/raw/uiuc/coord_seligFmt/coord_seligFmt/goe499.dat,True,33,257,0.06798689671498753,0.29737934299750507,0.058499999999999996,0.49999999999999994,0.0
goe500,goe500.npz,/home/vipuser/Meri-FID-Gate-Airfoil/data/airfoil/raw/uiuc/coord_seligFmt/coord_seligFmt/goe500.dat,True,33,257,0.09994758685995012,0.29737934299750507,0.06004999999999999,0.49999999999999994,0.0
goe501,goe501.npz,/home/vipuser/Meri-FID-Gate-Airfoil/data/airfoil/raw/uiuc/coord_seligFmt/coord_seligFmt/goe501.dat,True,33,257,0.1279344835749376,0.29737934299750507,0.063,0.49999999999999994,0.0
goe502,goe502.npz,/home/vipuser/Meri-FID-Gate-Airfoil/data/airfoil/raw/uiuc/coord_seligFmt/coord_seligFmt/goe502.dat,True,33,257,0.1590256196017615,0.29178521995118134,0.06096799200499365,0.49386423085714004,0.0
goe503,goe503.npz,/home/vipuser/Meri-FID-Gate-Airfoil/data/airfoil/raw/uiuc/coord_seligFmt/coord_seligFmt/goe503.dat,True,33,257,0.15615375544641685,0.29737934299750507,0.06976120907690608,0.39644431190389073,0.0
goe504,goe504.npz,/home/vipuser/Meri-FID-Gate-Airfoil/data/airfoil/raw/uiuc/coord_seligFmt/coord_seligFmt/goe504.dat,True,33,257,0.17980119728069063,0.29178521995118134,0.05401835492123842,0.39044937992156514,0.0
goe505,goe505.npz,/home/vipuser/Meri-FID-Gate-Airfoil/data/airfoil/raw/uiuc/coord_seligFmt/coord_seligFmt/goe505.dat,True,33,257,0.13969561964254545,0.20215034775378327,0.058807376742083924,0.39644431190389073,0.0
goe506,goe506.npz,/home/vipuser/Meri-FID-Gate-Airfoil/data/airfoil/raw/uiuc/coord_seligFmt/coord_seligFmt/goe506.dat,True,33,257,0.1647347052751088,0.29178521995118134,0.046586029496662684,0.39644431190389073,0.0
goe507,goe507.npz,/home/vipuser/Meri-FID-Gate-Airfoil/data/airfoil/raw/uiuc/coord_seligFmt/coord_seligFmt/goe507.dat,True,25,257,0.08643448357493763,0.29737934299750507,0.02918281612705645,0.40245483899193585,0.0
goe508,goe508.npz,/home/vipuser/Meri-FID-Gate-Airfoil/data/airfoil/raw/uiuc/coord_seligFmt/coord_seligFmt/goe508.dat,True,33,257,0.16490988060091571,0.3030039799694759,0.056328809669233856,0.40245483899193585,0.0
goe509,goe509.npz,/home/vipuser/Meri-FID-Gate-Airfoil/data/airfoil/raw/uiuc/coord_seligFmt/coord_seligFmt/goe509.dat,True,33,257,0.11054199691519286,0.20215034775378327,0.05174088224067921,0.39644431190389073,0.0
goe510,goe510.npz,/home/vipuser/Meri-FID-Gate-Airfoil/data/airfoil/raw/uiuc/coord_seligFmt/coord_seligFmt/goe510.dat,True,33,257,0.1372067639796634,0.20215034775378327,0.05844085751311489,0.39644431190389073,0.0
goe511,goe511.npz,/home/vipuser/Meri-FID-Gate-Airfoil/data/airfoil/raw/uiuc/coord_seligFmt/coord_seligFmt/goe511.dat,True,33,257,0.16611118324890298,0.20215034775378327,0.0797929874725254,0.3030039799694759,0.0
goe512,goe512.npz,/home/vipuser/Meri-FID-Gate-Airfoil/data/airfoil/raw/uiuc/coord_seligFmt/coord_seligFmt/goe512.dat,True,33,257,0.13904688974229856,0.20215034775378327,0.056132230063076424,0.3030039799694759,0.0
goe513,goe513.npz,/home/vipuser/Meri-FID-Gate-Airfoil/data/airfoil/raw/uiuc/coord_seligFmt/coord_seligFmt/goe513.dat,True,33,257,0.16616122665235403,0.29737934299750507,0.05218299315645412,0.39644431190389073,0.0
goe514,goe514.npz,/home/vipuser/Meri-FID-Gate-Airfoil/data/airfoil/raw/uiuc/coord_seligFmt/coord_seligFmt/goe514.dat,True,33,257,0.16574067367618114,0.20215034775378327,0.0644494863035302,0.39644431190389073,0.0
goe515,goe515.npz,/home/vipuser/Meri-FID-Gate-Airfoil/data/airfoil/raw/uiuc/coord_seligFmt/coord_seligFmt/goe515.dat,True,33,257,0.0844475868599501,0.29737934299750507,0.027945090322016128,0.40245483899193585,0.0
goe517,goe517.npz,/home/vipuser/Meri-FID-Gate-Airfoil/data/airfoil/raw/uiuc/coord_seligFmt/coord_seligFmt/goe517.dat,True,25,257,0.06996996020030524,0.3030039799694759,0.04647333233927918,0.39644431190389073,0.0
goe518,goe518.npz,/home/vipuser/Meri-FID-Gate-Airfoil/data/airfoil/raw/uiuc/coord_seligFmt/coord_seligFmt/goe518.dat,True,33,257,0.17992859334795105,0.29737934299750507,0.07293638731301448,0.29737934299750507,0.0
goe522,goe522.npz,/home/vipuser/Meri-FID-Gate-Airfoil/data/airfoil/raw/uiuc/coord_seligFmt/coord_seligFmt/goe522.dat,True,33,257,0.21841718896212187,0.2862224532848589,0.0520988955310169,0.48772938573854385,0.0
goe523,goe523.npz,/home/vipuser/Meri-FID-Gate-Airfoil/data/airfoil/raw/uiuc/coord_seligFmt/coord_seligFmt/goe523.dat,True,33,257,0.1647662345822878,0.29737934299750507,0.09698286073879789,0.49999999999999994,0.0
goe525,goe525.npz,/home/vipuser/Meri-FID-Gate-Airfoil/data/airfoil/raw/uiuc/coord_seligFmt/coord_seligFmt/goe525.dat,True,33,257,0.1647662345822878,0.29737934299750507,0.09698286073879789,0.49999999999999994,0.0
goe526,goe526.npz,/home/vipuser/Meri-FID-Gate-Airfoil/data/airfoil/raw/uiuc/coord_seligFmt/coord_seligFmt/goe526.dat,True,33,257,0.12303895204310765,0.29737934299750507,0.04129910273672561,0.39644431190389073,0.0
goe527,goe527.npz,/home/vipuser/Meri-FID-Gate-Airfoil/data/airfoil/raw/uiuc/coord_seligFmt/coord_seligFmt/goe527.dat,True,33,257,0.16536966180139726,0.29737934299750507,0.05827699685445089,0.39644431190389073,0.0
goe528,goe528.npz,/home/vipuser/Meri-FID-Gate-Airfoil/data/airfoil/raw/uiuc/coord_seligFmt/coord_seligFmt/goe528.dat,True,33,257,0.12455099970985424,0.29737934299750507,0.061910134964058824,0.39644431190389073,0.0
goe529,goe529.npz,/home/vipuser/Meri-FID-Gate-Airfoil/data/airfoil/raw/uiuc/coord_seligFmt/coord_seligFmt/goe529.dat,True,33,257,0.09700946611987384,0.29737934299750507,0.05779246684805702,0.39644431190389073,0.0
goe530,goe530.npz,/home/vipuser/Meri-FID-Gate-Airfoil/data/airfoil/raw/uiuc/coord_seligFmt/coord_seligFmt/goe530.dat,True,33,257,0.1290301102292916,0.29737934299750507,0.050796097314148386,0.3030039799694759,0.0
goe531,goe531.npz,/home/vipuser/Meri-FID-Gate-Airfoil/data/airfoil/raw/uiuc/coord_seligFmt/coord_seligFmt/goe531.dat,True,33,257,0.13786249356429026,0.19724447929783723,0.14688590181852818,0.49386423085714004,0.0
goe532,goe532.npz,/home/vipuser/Meri-FID-Gate-Airfoil/data/airfoil/raw/uiuc/coord_seligFmt/coord_seligFmt/goe532.dat,True,33,257,0.12493448357493761,0.29737934299750507,0.04836977665118306,0.39644431190389073,0.0
goe533,goe533.npz,/home/vipuser/Meri-FID-Gate-Airfoil/data/airfoil/raw/uiuc/coord_seligFmt/coord_seligFmt/goe533.dat,True,31,257,0.1368558638648628,0.29737934299750507,0.04677511018332724,0.39644431190389073,0.0
goe534,goe534.npz,/home/vipuser/Meri-FID-Gate-Airfoil/data/airfoil/raw/uiuc/coord_seligFmt/coord_seligFmt/goe534.dat,True,33,257,0.1411066361534523,0.19724447929783723,0.05213215416056534,0.39644431190389073,0.0
goe535,goe535.npz,/home/vipuser/Meri-FID-Gate-Airfoil/data/airfoil/raw/uiuc/coord_seligFmt/coord_seligFmt/goe535.dat,True,33,257,0.16050000000000003,0.26973064452088,0.0575,0.49999999999999994,0.0
goe54,goe54.npz,/home/vipuser/Meri-FID-Gate-Airfoil/data/airfoil/raw/uiuc/coord_seligFmt/coord_seligFmt/goe54.dat,True,33,257,0.06478647862987945,0.15081187529551354,0.034765838595017626,0.19724447929783723,0.0035
goe546,goe546.npz,/home/vipuser/Meri-FID-Gate-Airfoil/data/airfoil/raw/uiuc/coord_seligFmt/coord_seligFmt/goe546.dat,True,33,257,0.10389486070106833,0.3030039799694759,0.03575,0.49999999999999994,0.0
goe547,goe547.npz,/home/vipuser/Meri-FID-Gate-Airfoil/data/airfoil/raw/uiuc/coord_seligFmt/coord_seligFmt/goe547.dat,True,33,257,0.10504223455292648,0.29737934299750507,0.04009740270579687,0.49999999999999994,0.0
goe548,goe548.npz,/home/vipuser/Meri-FID-Gate-Airfoil/data/airfoil/raw/uiuc/coord_seligFmt/coord_seligFmt/goe548.dat,True,33,257,0.11898222155951946,0.39644431190389073,0.023,0.49999999999999994,0.0
goe549,goe549.npz,/home/vipuser/Meri-FID-Gate-Airfoil/data/airfoil/raw/uiuc/coord_seligFmt/coord_seligFmt/goe549.dat,True,41,257,0.13833478110167882,0.3030039799694759,0.04674353870318547,0.40245483899193585,0.0
goe55,goe55.npz,/home/vipuser/Meri-FID-Gate-Airfoil/data/airfoil/raw/uiuc/coord_seligFmt/coord_seligFmt/goe55.dat,True,33,257,0.06161534845611854,0.15081187529551354,0.020357916690171368,0.20215034775378327,0.0075
goe550,goe550.npz,/home/vipuser/Meri-FID-Gate-Airfoil/data/airfoil/raw/uiuc/coord_seligFmt/coord_seligFmt/goe550.dat,True,33,257,0.12944624130615542,0.20215034775378327,0.042749999999999996,0.49999999999999994,0.0
goe553,goe553.npz,/home/vipuser/Meri-FID-Gate-Airfoil/data/airfoil/raw/uiuc/coord_seligFmt/coord_seligFmt/goe553.dat,True,33,257,0.13689905141210668,0.29737934299750507,0.046657668864903176,0.39644431190389073,0.0
goe559,goe559.npz,/home/vipuser/Meri-FID-Gate-Airfoil/data/airfoil/raw/uiuc/coord_seligFmt/coord_seligFmt/goe559.dat,True,33,257,0.11143992040061049,0.3030039799694759,0.03423498010015262,0.3030039799694759,0.0
goe561,goe561.npz,/home/vipuser/Meri-FID-Gate-Airfoil/data/airfoil/raw/uiuc/coord_seligFmt/coord_seligFmt/goe561.dat,True,33,257,0.24941585087463303,0.29737934299750507,0.10238253698544886,0.29737934299750507,0.0
goe562,goe562.npz,/home/vipuser/Meri-FID-Gate-Airfoil/data/airfoil/raw/uiuc/coord_seligFmt/coord_seligFmt/goe562.dat,True,33,257,0.14085043876779657,0.3030039799694759,0.06251537212876068,0.3030039799694759,0.0
goe563,goe563.npz,/home/vipuser/Meri-FID-Gate-Airfoil/data/airfoil/raw/uiuc/coord_seligFmt/coord_seligFmt/goe563.dat,True,33,257,0.08889241915345515,0.29737934299750507,0.02240778413448825,0.49386423085714004,0.0
goe564,goe564.npz,/home/vipuser/Meri-FID-Gate-Airfoil/data/airfoil/raw/uiuc/coord_seligFmt/coord_seligFmt/goe564.dat,True,33,257,0.08196996020030524,0.3030039799694759,0.02669509032201613,0.40245483899193585,0.0
goe565,goe565.npz,/home/vipuser/Meri-FID-Gate-Airfoil/data/airfoil/raw/uiuc/coord_seligFmt/coord_seligFmt/goe565.dat,True,31,257,0.08396069014496257,0.29737934299750507,0.027899999999999998,0.49999999999999994,0.0
goe566,goe566.npz,/home/vipuser/Meri-FID-Gate-Airfoil/data/airfoil/raw/uiuc/coord_seligFmt/coord_seligFmt/goe566.dat,True,33,257,0.08648498010015263,0.3030039799694759,0.025491110779759726,0.39644431190389073,0.0
goe567,goe567.npz,/home/vipuser/Meri-FID-Gate-Airfoil/data/airfoil/raw/uiuc/coord_seligFmt/coord_seligFmt/goe567.dat,True,33,257,0.14753139260479442,0.29737934299750507,0.05253038582484971,0.49386423085714004,0.0
goe57,goe57.npz,/home/vipuser/Meri-FID-Gate-Airfoil/data/airfoil/raw/uiuc/coord_seligFmt/coord_seligFmt/goe57.dat,True,33,257,0.06285167113256396,0.19724447929783723,0.05116811280714746,0.39644431190389073,0.0017
goe570,goe570.npz,/home/vipuser/Meri-FID-Gate-Airfoil/data/airfoil/raw/uiuc/coord_seligFmt/coord_seligFmt/goe570.dat,True,33,257,0.33683478110167886,0.3030039799694759,0.09668777545831808,0.39644431190389073,0.0
goe571,goe571.npz,/home/vipuser/Meri-FID-Gate-Airfoil/data/airfoil/raw/uiuc/coord_seligFmt/coord_seligFmt/goe571.dat,True,33,257,0.24916659854477527,0.29737934299750507,0.09827808936388639,0.29737934299750507,0.0
goe572,goe572.npz,/home/vipuser/Meri-FID-Gate-Airfoil/data/airfoil/raw/uiuc/coord_seligFmt/coord_seligFmt/goe572.dat,True,33,257,0.18591708773961035,0.29737934299750507,0.08314799197687045,0.29737934299750507,0.0
goe573,goe573.npz,/home/vipuser/Meri-FID-Gate-Airfoil/data/airfoil/raw/uiuc/coord_seligFmt/coord_seligFmt/goe573.dat,True,33,257,0.14081053605636087,0.3030039799694759,0.06479839505044006,0.3030039799694759,0.0
goe574,goe574.npz,/home/vipuser/Meri-FID-Gate-Airfoil/data/airfoil/raw/uiuc/coord_seligFmt/coord_seligFmt/goe574.dat,True,33,257,0.10240253136494104,0.3030039799694759,0.049246320033931056,0.39644431190389073,0.0
goe575,goe575.npz,/home/vipuser/Meri-FID-Gate-Airfoil/data/airfoil/raw/uiuc/coord_seligFmt/coord_seligFmt/goe575.dat,True,33,257,0.13345437864359194,0.29737934299750507,0.036064587273807125,0.39644431190389073,0.0
goe584,goe584.npz,/home/vipuser/Meri-FID-Gate-Airfoil/data/airfoil/raw/uiuc/coord_seligFmt/coord_seligFmt/goe584.dat,True,25,257,0.12687984080122094,0.3030039799694759,0.04943249192772176,0.40245483899193585,0.0
goe585,goe585.npz,/home/vipuser/Meri-FID-Gate-Airfoil/data/airfoil/raw/uiuc/coord_seligFmt/coord_seligFmt/goe585.dat,True,33,257,0.08196774478369324,0.20215034775378327,0.03362176935159274,0.40245483899193585,0.0
goe587,goe587.npz,/home/vipuser/Meri-FID-Gate-Airfoil/data/airfoil/raw/uiuc/coord_seligFmt/coord_seligFmt/goe587.dat,True,33,257,0.057977342883697706,0.40245483899193585,0.029636463167854645,0.3030039799694759,0.0
goe590,goe590.npz,/home/vipuser/Meri-FID-Gate-Airfoil/data/airfoil/raw/uiuc/coord_seligFmt/coord_seligFmt/goe590.dat,True,33,257,0.05698464010015262,0.3030039799694759,0.04011368724036629,0.3030039799694759,0.0
goe591,goe591.npz,/home/vipuser/Meri-FID-Gate-Airfoil/data/airfoil/raw/uiuc/coord_seligFmt/coord_seligFmt/goe591.dat,True,33,257,0.11187984080122096,0.3030039799694759,0.05045555389879863,0.39644431190389073,0.0
goe592,goe592.npz,/home/vipuser/Meri-FID-Gate-Airfoil/data/airfoil/raw/uiuc/coord_seligFmt/coord_seligFmt/goe592.dat,True,33,257,0.1426530649336628,0.29737934299750507,0.07487819134490845,0.39644431190389073,0.0
goe593,goe593.npz,/home/vipuser/Meri-FID-Gate-Airfoil/data/airfoil/raw/uiuc/coord_seligFmt/coord_seligFmt/goe593.dat,True,33,257,0.1189399204006105,0.3030039799694759,0.04046931451260081,0.40245483899193585,0.0
goe595,goe595.npz,/home/vipuser/Meri-FID-Gate-Airfoil/data/airfoil/raw/uiuc/coord_seligFmt/coord_seligFmt/goe595.dat,True,33,257,0.09545494030045787,0.3030039799694759,0.030188953224536293,0.40245483899193585,0.0
goe596,goe596.npz,/home/vipuser/Meri-FID-Gate-Airfoil/data/airfoil/raw/uiuc/coord_seligFmt/coord_seligFmt/goe596.dat,True,33,257,0.0973951737199002,0.29737934299750507,0.04026622096308696,0.39644431190389073,0.0
goe598,goe598.npz,/home/vipuser/Meri-FID-Gate-Airfoil/data/airfoil/raw/uiuc/coord_seligFmt/coord_seligFmt/goe598.dat,True,33,257,0.06540526346985494,0.39644431190389073,0.009678985199721206,0.49999999999999994,0.002
goe599,goe599.npz,/home/vipuser/Meri-FID-Gate-Airfoil/data/airfoil/raw/uiuc/coord_seligFmt/coord_seligFmt/goe599.dat,True,33,257,0.09972836532195337,0.3030039799694759,0.01525330771946208,0.5915199439775705,0.0035
goe600,goe600.npz,/home/vipuser/Meri-FID-Gate-Airfoil/data/airfoil/raw/uiuc/coord_seligFmt/coord_seligFmt/goe600.dat,True,33,257,0.13081235004605649,0.3030039799694759,0.018867251868713786,0.49386423085714004,0.005000050000500005
goe601,goe601.npz,/home/vipuser/Meri-FID-Gate-Airfoil/data/airfoil/raw/uiuc/coord_seligFmt/coord_seligFmt/goe601.dat,True,33,257,0.1603566557886556,0.3086582838174551,0.024599522496413118,0.49386423085714004,0.0
goe602,goe602.npz,/home/vipuser/Meri-FID-Gate-Airfoil/data/airfoil/raw/uiuc/coord_seligFmt/coord_seligFmt/goe602.dat,True,33,257,0.09940988060091573,0.3030039799694759,0.03473772580504032,0.40245483899193585,0.0
goe602m,goe602m.npz,/home/vipuser/Meri-FID-Gate-Airfoil/data/airfoil/raw/uiuc/coord_seligFmt/coord_seligFmt/goe602m.dat,True,33,257,0.09593448357493763,0.29737934299750507,0.038,0.49999999999999994,0.0
goe604,goe604.npz,/home/vipuser/Meri-FID-Gate-Airfoil/data/airfoil/raw/uiuc/coord_seligFmt/coord_seligFmt/goe604.dat,True,33,257,0.17832343722600671,0.29178521995118134,0.053551072113672764,0.29737934299750507,0.0
goe610b,goe610b.npz,/home/vipuser/Meri-FID-Gate-Airfoil/data/airfoil/raw/uiuc/coord_seligFmt/coord_seligFmt/goe610b.dat,True,31,257,0.07796712735539263,0.39644431190389073,0.05292206899302941,0.39644431190389073,0.0
goe610bm,goe610bm.npz,/home/vipuser/Meri-FID-Gate-Airfoil/data/airfoil/raw/uiuc/coord_seligFmt/coord_seligFmt/goe610bm.dat,True,29,257,0.07692138028992515,0.29737934299750507,0.05513599761427003,0.39644431190389073,0.008
goe611,goe611.npz,/home/vipuser/Meri-FID-Gate-Airfoil/data/airfoil/raw/uiuc/coord_seligFmt/coord_seligFmt/goe611.dat,True,31,257,0.12897530549814956,0.3030039799694759,0.058141871201783754,0.39644431190389073,0.0065
goe612,goe612.npz,/home/vipuser/Meri-FID-Gate-Airfoil/data/airfoil/raw/uiuc/coord_seligFmt/coord_seligFmt/goe612.dat,True,33,257,0.15008031625436208,0.29178521995118134,0.05016913651668714,0.49386423085714004,0.0
goe613,goe613.npz,/home/vipuser/Meri-FID-Gate-Airfoil/data/airfoil/raw/uiuc/coord_seligFmt/coord_seligFmt/goe613.dat,True,33,257,0.1029249005007631,0.3030039799694759,0.04093933293571168,0.39644431190389073,0.0
goe614,goe614.npz,/home/vipuser/Meri-FID-Gate-Airfoil/data/airfoil/raw/uiuc/coord_seligFmt/coord_seligFmt/goe614.dat,True,33,257,0.18769900233895162,0.29178521995118134,0.06173997941714796,0.39644431190389073,0.0
goe615,goe615.npz,/home/vipuser/Meri-FID-Gate-Airfoil/data/airfoil/raw/uiuc/coord_seligFmt/coord_seligFmt/goe615.dat,True,33,257,0.13656822516988412,0.29737934299750507,0.05596245353955562,0.39644431190389073,0.0
goe617,goe617.npz,/home/vipuser/Meri-FID-Gate-Airfoil/data/airfoil/raw/uiuc/coord_seligFmt/coord_seligFmt/goe617.dat,True,33,257,0.13843992040061048,0.3030039799694759,0.021750000000000002,0.3086582838174551,0.0
goe619,goe619.npz,/home/vipuser/Meri-FID-Gate-Airfoil/data/airfoil/raw/uiuc/coord_seligFmt/coord_seligFmt/goe619.dat,True,33,257,0.1376790708571519,0.20215034775378327,0.04545604242990539,0.49386423085714004,0.0
goe620,goe620.npz,/home/vipuser/Meri-FID-Gate-Airfoil/data/airfoil/raw/uiuc/coord_seligFmt/coord_seligFmt/goe620.dat,True,33,257,0.17485586386486277,0.29737934299750507,0.059,0.49999999999999994,0.0
goe621,goe621.npz,/home/vipuser/Meri-FID-Gate-Airfoil/data/airfoil/raw/uiuc/coord_seligFmt/coord_seligFmt/goe621.dat,True,33,257,0.15008031625436208,0.29178521995118134,0.05016913651668714,0.49386423085714004,0.0
goe622,goe622.npz,/home/vipuser/Meri-FID-Gate-Airfoil/data/airfoil/raw/uiuc/coord_seligFmt/coord_seligFmt/goe622.dat,True,33,257,0.0799399204006105,0.3030039799694759,0.024170541932096775,0.40245483899193585,0.002
goe623,goe623.npz,/home/vipuser/Meri-FID-Gate-Airfoil/data/airfoil/raw/uiuc/coord_seligFmt/coord_seligFmt/goe623.dat,True,33,257,0.11990988060091573,0.3030039799694759,0.03834722096167338,0.40245483899193585,0.003
goe624,goe624.npz,/home/vipuser/Meri-FID-Gate-Airfoil/data/airfoil/raw/uiuc/coord_seligFmt/coord_seligFmt/goe624.dat,True,33,257,0.15981976120183145,0.3030039799694759,0.051973332339279185,0.39644431190389073,0.005
goe625,goe625.npz,/home/vipuser/Meri-FID-Gate-Airfoil/data/airfoil/raw/uiuc/coord_seligFmt/coord_seligFmt/goe625.dat,True,33,257,0.1997903474398004,0.29737934299750507,0.06093488832559153,0.39644431190389073,0.0065
goe626,goe626.npz,/home/vipuser/Meri-FID-Gate-Airfoil/data/airfoil/raw/uiuc/coord_seligFmt/coord_seligFmt/goe626.dat,True,33,257,0.1657250437815208,0.20215034775378327,0.05071898178044376,0.49386423085714004,0.0
goe627,goe627.npz,/home/vipuser/Meri-FID-Gate-Airfoil/data/airfoil/raw/uiuc/coord_seligFmt/coord_seligFmt/goe627.dat,True,33,257,0.15736896714987525,0.29737934299750507,0.040712450250381546,0.3030039799694759,0.0
goe628,goe628.npz,/home/vipuser/Meri-FID-Gate-Airfoil/data/airfoil/raw/uiuc/coord_seligFmt/coord_seligFmt/goe628.dat,True,33,257,0.1672014313603019,0.20215034775378327,0.05624195036090511,0.40245483899193585,0.0
goe629,goe629.npz,/home/vipuser/Meri-FID-Gate-Airfoil/data/airfoil/raw/uiuc/coord_seligFmt/coord_seligFmt/goe629.dat,True,33,257,0.13624792231308772,0.29737934299750507,0.027680057636661485,0.49386423085714004,0.0
goe63,goe63.npz,/home/vipuser/Meri-FID-Gate-Airfoil/data/airfoil/raw/uiuc/coord_seligFmt/coord_seligFmt/goe63.dat,True,33,257,0.08253945992972361,0.19724447929783723,0.0668994451956685,0.39644431190389073,0.007
goe630,goe630.npz,/home/vipuser/Meri-FID-Gate-Airfoil/data/airfoil/raw/uiuc/coord_seligFmt/coord_seligFmt/goe630.dat,True,33,257,0.12562217473053716,0.29737934299750507,0.07659606897517893,0.39644431190389073,0.0
goe632,goe632.npz,/home/vipuser/Meri-FID-Gate-Airfoil/data/airfoil/raw/uiuc/coord_seligFmt/coord_seligFmt/goe632.dat,True,33,257,0.13990988060091572,0.3030039799694759,0.039189332935711675,0.39644431190389073,0.0
goe633,goe633.npz,/home/vipuser/Meri-FID-Gate-Airfoil/data/airfoil/raw/uiuc/coord_seligFmt/coord_seligFmt/goe633.dat,True,33,257,0.13759851747919785,0.20215034775378327,0.03951651709737254,0.39644431190389073,0.0
goe645,goe645.npz,/home/vipuser/Meri-FID-Gate-Airfoil/data/airfoil/raw/uiuc/coord_seligFmt/coord_seligFmt/goe645.dat,True,33,257,0.154647126587866,0.20215034775378327,0.04819762574094313,0.39644431190389073,0.0
goe646,goe646.npz,/home/vipuser/Meri-FID-Gate-Airfoil/data/airfoil/raw/uiuc/coord_seligFmt/coord_seligFmt/goe646.dat,True,33,257,0.18326772711018607,0.29178521995118134,0.04475268339668706,0.48772938573854385,0.0
goe647,goe647.npz,/home/vipuser/Meri-FID-Gate-Airfoil/data/airfoil/raw/uiuc/coord_seligFmt/coord_seligFmt/goe647.dat,True,33,257,0.16256668529575846,0.20215034775378327,0.053322558029138684,0.39644431190389073,0.0
goe648,goe648.npz,/home/vipuser/Meri-FID-Gate-Airfoil/data/airfoil/raw/uiuc/coord_seligFmt/coord_seligFmt/goe648.dat,True,34,257,0.1516771425936932,0.29178521995118134,0.03920376323090566,0.39044937992156514,0.0
goe650,goe650.npz,/home/vipuser/Meri-FID-Gate-Airfoil/data/airfoil/raw/uiuc/coord_seligFmt/coord_seligFmt/goe650.dat,True,33,257,0.134203700542794,0.20215034775378327,0.044126682211108145,0.49999999999999994,0.0
goe652,goe652.npz,/home/vipuser/Meri-FID-Gate-Airfoil/data/airfoil/raw/uiuc/coord_seligFmt/coord_seligFmt/goe652.dat,True,33,257,0.1703897791719135,0.19724447929783723,0.09249999999999999,0.49999999999999994,0.0
goe654,goe654.npz,/home/vipuser/Meri-FID-Gate-Airfoil/data/airfoil/raw/uiuc/coord_seligFmt/coord_seligFmt/goe654.dat,True,33,257,0.14490827700491268,0.29737934299750507,0.05198222155951945,0.39644431190389073,0.0
goe655,goe655.npz,/home/vipuser/Meri-FID-Gate-Airfoil/data/airfoil/raw/uiuc/coord_seligFmt/coord_seligFmt/goe655.dat,True,33,257,0.13897379342997504,0.29737934299750507,0.043869776651183065,0.39644431190389073,0.0
goe670,goe670.npz,/home/vipuser/Meri-FID-Gate-Airfoil/data/airfoil/raw/uiuc/coord_seligFmt/coord_seligFmt/goe670.dat,True,29,257,0.08998498010015263,0.3030039799694759,0.03382913386856855,0.40245483899193585,0.0
goe673,goe673.npz,/home/vipuser/Meri-FID-Gate-Airfoil/data/airfoil/raw/uiuc/coord_seligFmt/coord_seligFmt/goe673.dat,True,33,257,0.10789165631496773,0.3030039799694759,0.027597052726898816,0.49386423085714004,0.004
goe675,goe675.npz,/home/vipuser/Meri-FID-Gate-Airfoil/data/airfoil/raw/uiuc/coord_seligFmt/coord_seligFmt/goe675.dat,True,33,257,0.14909108421860934,0.29737934299750507,0.05868766134894877,0.40245483899193585,0.0035
goe676,goe676.npz,/home/vipuser/Meri-FID-Gate-Airfoil/data/airfoil/raw/uiuc/coord_seligFmt/coord_seligFmt/goe676.dat,True,33,257,0.11896996020030523,0.3030039799694759,0.01998498010015261,0.3030039799694759,0.003
goe677,goe677.npz,/home/vipuser/Meri-FID-Gate-Airfoil/data/airfoil/raw/uiuc/coord_seligFmt/coord_seligFmt/goe677.dat,True,33,257,0.11946996020030526,0.3030039799694759,0.022204940300457863,0.3030039799694759,0.004
goe679,goe679.npz,/home/vipuser/Meri-FID-Gate-Airfoil/data/airfoil/raw/uiuc/coord_seligFmt/coord_seligFmt/goe679.dat,True,33,257,0.1827987961603836,0.29178521995118134,0.045329557519269044,0.39044937992156514,0.0
goe681,goe681.npz,/home/vipuser/Meri-FID-Gate-Airfoil/data/airfoil/raw/uiuc/coord_seligFmt/coord_seligFmt/goe681.dat,True,33,257,0.16839508249182863,0.29178521995118134,0.04350576383277932,0.39044937992156514,0.0
goe682,goe682.npz,/home/vipuser/Meri-FID-Gate-Airfoil/data/airfoil/raw/uiuc/coord_seligFmt/coord_seligFmt/goe682.dat,True,29,257,0.1064475868599501,0.29737934299750507,0.043213177415120964,0.40245483899193585,0.0
goe683,goe683.npz,/home/vipuser/Meri-FID-Gate-Airfoil/data/airfoil/raw/uiuc/coord_seligFmt/coord_seligFmt/goe683.dat,True,33,257,0.1987897214021367,0.3030039799694759,0.02945494030045786,0.3030039799694759,0.0
goe685,goe685.npz,/home/vipuser/Meri-FID-Gate-Airfoil/data/airfoil/raw/uiuc/coord_seligFmt/coord_seligFmt/goe685.dat,True,33,257,0.13078465947423662,0.20215034775378327,0.04196532783549562,0.49386423085714004,0.0
goe692,goe692.npz,/home/vipuser/Meri-FID-Gate-Airfoil/data/airfoil/raw/uiuc/coord_seligFmt/coord_seligFmt/goe692.dat,True,33,257,0.16093992040061048,0.3030039799694759,0.049981588707560476,0.40245483899193585,0.005
goe693,goe693.npz,/home/vipuser/Meri-FID-Gate-Airfoil/data/airfoil/raw/uiuc/coord_seligFmt/coord_seligFmt/goe693.dat,True,33,257,0.11995494030045786,0.3030039799694759,0.03603649838554435,0.40245483899193585,0.005
goe701,goe701.npz,/home/vipuser/Meri-FID-Gate-Airfoil/data/airfoil/raw/uiuc/coord_seligFmt/coord_seligFmt/goe701.dat,True,33,257,0.12459481779254186,0.29737934299750507,0.04867944608676597,0.39644431190389073,0.0
goe702,goe702.npz,/home/vipuser/Meri-FID-Gate-Airfoil/data/airfoil/raw/uiuc/coord_seligFmt/coord_seligFmt/goe702.dat,True,33,257,0.1667146789227281,0.20215034775378327,0.05106384335201808,0.39044937992156514,0.0
goe703,goe703.npz,/home/vipuser/Meri-FID-Gate-Airfoil/data/airfoil/raw/uiuc/coord_seligFmt/coord_seligFmt/goe703.dat,True,33,257,0.19398498010015264,0.3030039799694759,0.02296245025038155,0.3030039799694759,0.0
goe704,goe704.npz,/home/vipuser/Meri-FID-Gate-Airfoil/data/airfoil/raw/uiuc/coord_seligFmt/coord_seligFmt/goe704.dat,True,33,257,0.12942508533237573,0.29737934299750507,0.02136130357124503,0.39644431190389073,0.0055
goe711,goe711.npz,/home/vipuser/Meri-FID-Gate-Airfoil/data/airfoil/raw/uiuc/coord_seligFmt/coord_seligFmt/goe711.dat,True,31,257,0.14842490050076312,0.3030039799694759,0.06303047413019841,0.3030039799694759,0.014
goe723,goe723.npz,/home/vipuser/Meri-FID-Gate-Airfoil/data/airfoil/raw/uiuc/coord_seligFmt/coord_seligFmt/goe723.dat,True,33,257,0.1156277970610281,0.29737934299750507,0.0448388167644623,0.49386423085714004,0.0
goe735,goe735.npz,/home/vipuser/Meri-FID-Gate-Airfoil/data/airfoil/raw/uiuc/coord_seligFmt/coord_seligFmt/goe735.dat,True,33,257,0.20086110517886777,0.29737934299750507,0.04367400094692765,0.29737934299750507,0.0
goe738,goe738.npz,/home/vipuser/Meri-FID-Gate-Airfoil/data/airfoil/raw/uiuc/coord_seligFmt/coord_seligFmt/goe738.dat,True,33,257,0.15424538123685277,0.29737934299750507,0.021209446270412075,0.3030039799694759,0.0
goe741,goe741.npz,/home/vipuser/Meri-FID-Gate-Airfoil/data/airfoil/raw/uiuc/coord_seligFmt/coord_seligFmt/goe741.dat,True,33,257,0.15322138028992516,0.29737934299750507,0.04810387264097677,0.3030039799694759,0.0
goe744,goe744.npz,/home/vipuser/Meri-FID-Gate-Airfoil/data/airfoil/raw/uiuc/coord_seligFmt/coord_seligFmt/goe744.dat,True,33,257,0.14476774478369325,0.20215034775378327,0.0700313427912057,0.3030039799694759,0.0
goe746,goe746.npz,/home/vipuser/Meri-FID-Gate-Airfoil/data/airfoil/raw/uiuc/coord_seligFmt/coord_seligFmt/goe746.dat,True,33,257,0.09743448357493763,0.29737934299750507,0.05035687662094625,0.3030039799694759,0.0
goe758,goe758.npz,/home/vipuser/Meri-FID-Gate-Airfoil/data/airfoil/raw/uiuc/coord_seligFmt/coord_seligFmt/goe758.dat,True,33,257,0.13833478110167882,0.3030039799694759,0.04674353870318547,0.40245483899193585,0.0
goe765,goe765.npz,/home/vipuser/Meri-FID-Gate-Airfoil/data/airfoil/raw/uiuc/coord_seligFmt/coord_seligFmt/goe765.dat,True,211,257,0.14400177513281892,0.3030039799694759,0.019013568600501823,0.25890811396043856,0.0
goe766,goe766.npz,/home/vipuser/Meri-FID-Gate-Airfoil/data/airfoil/raw/uiuc/coord_seligFmt/coord_seligFmt/goe766.dat,True,33,257,0.12004318553783828,0.2535509038851079,0.01483071135508486,0.19724447929783723,0.0
goe767,goe767.npz,/home/vipuser/Meri-FID-Gate-Airfoil/data/airfoil/raw/uiuc/coord_seligFmt/coord_seligFmt/goe767.dat,True,33,257,0.11995269234941676,0.20215034775378327,0.014983466875787024,0.19724447929783723,0.0
goe769,goe769.npz,/home/vipuser/Meri-FID-Gate-Airfoil/data/airfoil/raw/uiuc/coord_seligFmt/coord_seligFmt/goe769.dat,True,33,257,0.13813118887187892,0.20215034775378327,0.04788649709375858,0.29737934299750507,0.0
goe770,goe770.npz,/home/vipuser/Meri-FID-Gate-Airfoil/data/airfoil/raw/uiuc/coord_seligFmt/coord_seligFmt/goe770.dat,True,31,257,0.20970774528195352,0.3030039799694759,0.03995474564063787,0.29737934299750507,0.0026
goe775,goe775.npz,/home/vipuser/Meri-FID-Gate-Airfoil/data/airfoil/raw/uiuc/coord_seligFmt/coord_seligFmt/goe775.dat,True,33,257,0.2097897214021367,0.3030039799694759,4.952818059299896e-06,0.025235909703481663,0.0044
goe776,goe776.npz,/home/vipuser/Meri-FID-Gate-Airfoil/data/airfoil/raw/uiuc/coord_seligFmt/coord_seligFmt/goe776.dat,True,33,257,0.249747665682564,0.3030039799694759,4.864480689467654e-06,0.0743224034473674,0.0052
goe777,goe777.npz,/home/vipuser/Meri-FID-Gate-Airfoil/data/airfoil/raw/uiuc/coord_seligFmt/coord_seligFmt/goe777.dat,True,33,257,0.21976869354235035,0.3030039799694759,0.05913241045068679,0.3030039799694759,0.0026
goe780,goe780.npz,/home/vipuser/Meri-FID-Gate-Airfoil/data/airfoil/raw/uiuc/coord_seligFmt/coord_seligFmt/goe780.dat,True,33,257,0.12000000000000001,0.49999999999999994,0.010000000000000005,0.4327096457464369,0.0
goe79,goe79.npz,/home/vipuser/Meri-FID-Gate-Airfoil/data/airfoil/raw/uiuc/coord_seligFmt/coord_seligFmt/goe79.dat,True,33,257,0.06165267067067068,0.15081187529551354,0.059891927068500404,0.3030039799694759,0.0056
goe795,goe795.npz,/home/vipuser/Meri-FID-Gate-Airfoil/data/airfoil/raw/uiuc/coord_seligFmt/coord_seligFmt/goe795.dat,True,97,257,0.08005998041939377,0.3086582838174551,0.024462140158510514,0.4327096457464369,0.0
goe795sm,goe795sm.npz,/home/vipuser/Meri-FID-Gate-Airfoil/data/airfoil/raw/uiuc/coord_seligFmt/coord_seligFmt/goe795sm.dat,True,69,257,0.08027998041939377,0.3086582838174551,0.024436086348720347,0.4327096457464369,0.0
goe796,goe796.npz,/home/vipuser/Meri-FID-Gate-Airfoil/data/airfoil/raw/uiuc/coord_seligFmt/coord_seligFmt/goe796.dat,True,41,257,0.11995494030045786,0.3030039799694759,0.03603649838554436,0.40245483899193585,0.004
goe797,goe797.npz,/home/vipuser/Meri-FID-Gate-Airfoil/data/airfoil/raw/uiuc/coord_seligFmt/coord_seligFmt/goe797.dat,True,27,257,0.1599399204006105,0.3030039799694759,0.048585270966048394,0.40245483899193585,0.008
goe798,goe798.npz,/home/vipuser/Meri-FID-Gate-Airfoil/data/airfoil/raw/uiuc/coord_seligFmt/coord_seligFmt/goe798.dat,True,31,257,0.19992490050076311,0.3030039799694759,0.06022852015882056,0.40245483899193585,0.0075
goe801,goe801.npz,/home/vipuser/Meri-FID-Gate-Airfoil/data/airfoil/raw/uiuc/coord_seligFmt/coord_seligFmt/goe801.dat,True,33,257,0.09797379342997505,0.29737934299750507,0.060964443119038904,0.39644431190389073,0.004
goe802,goe802.npz,/home/vipuser/Meri-FID-Gate-Airfoil/data/airfoil/raw/uiuc/coord_seligFmt/coord_seligFmt/goe802.dat,True,33,257,0.09797379342997505,0.29737934299750507,0.060964443119038904,0.39644431190389073,0.004
goe802a,goe802a.npz,/home/vipuser/Meri-FID-Gate-Airfoil/data/airfoil/raw/uiuc/coord_seligFmt/coord_seligFmt/goe802a.dat,True,41,257,0.09797379342997505,0.29737934299750507,0.060964443119038904,0.39644431190389073,0.004
goe802b,goe802b.npz,/home/vipuser/Meri-FID-Gate-Airfoil/data/airfoil/raw/uiuc/coord_seligFmt/coord_seligFmt/goe802b.dat,True,46,257,0.09797379342997505,0.29737934299750507,0.060964443119038904,0.39644431190389073,0.004
goe803h,goe803h.npz,/home/vipuser/Meri-FID-Gate-Airfoil/data/airfoil/raw/uiuc/coord_seligFmt/coord_seligFmt/goe803h.dat,True,39,257,0.06298376249408973,0.15081187529551354,0.06604231128368951,0.40245483899193585,0.003
goe804,goe804.npz,/home/vipuser/Meri-FID-Gate-Airfoil/data/airfoil/raw/uiuc/coord_seligFmt/coord_seligFmt/goe804.dat,True,31,257,0.06000000000000001,0.39644431190389073,0.0625,0.49999999999999994,0.0
goe81,goe81.npz,/home/vipuser/Meri-FID-Gate-Airfoil/data/airfoil/raw/uiuc/coord_seligFmt/coord_seligFmt/goe81.dat,True,33,257,0.07431571828721076,0.29737934299750507,0.06303163266678169,0.3030039799694759,0.0027
goe92,goe92.npz,/home/vipuser/Meri-FID-Gate-Airfoil/data/airfoil/raw/uiuc/coord_seligFmt/coord_seligFmt/goe92.dat,True,33,257,0.08770198603074475,0.29737934299750507,0.05541358440764843,0.3030039799694759,0.0016
griffith30SymSuction,griffith30SymSuction.npz,/home/vipuser/Meri-FID-Gate-Airfoil/data/airfoil/raw/uiuc/coord_seligFmt/coord_seligFmt/griffith30SymSuction.dat,True,73,257,0.3056741667848871,0.49386423085714004,0.0,0.0,0.002
gs1,gs1.npz,/home/vipuser/Meri-FID-Gate-Airfoil/data/airfoil/raw/uiuc/coord_seligFmt/coord_seligFmt/gs1.dat,True,31,257,0.13894234554594512,0.29737934299750507,0.04135,0.49999999999999994,0.0
gu255118,gu255118.npz,/home/vipuser/Meri-FID-Gate-Airfoil/data/airfoil/raw/uiuc/coord_seligFmt/coord_seligFmt/gu255118.dat,True,47,257,0.19984170451172578,0.40245483899193585,0.07127770627004326,0.4509914298352196,0.0
gw19,gw19.npz,/home/vipuser/Meri-FID-Gate-Airfoil/data/airfoil/raw/uiuc/coord_seligFmt/coord_seligFmt/gw19.dat,True,200,257,0.16197195551649882,0.38447094585966435,0.06811388614961279,0.5428986561722199,0.002000007174622169
gw25,gw25.npz,/home/vipuser/Meri-FID-Gate-Airfoil/data/airfoil/raw/uiuc/coord_seligFmt/coord_seligFmt/gw25.dat,True,200,257,0.15696385481025488,0.3489970253403859,0.06687613847349665,0.5367822817998337,0.0020000045612088516
gw27,gw27.npz,/home/vipuser/Meri-FID-Gate-Airfoil/data/airfoil/raw/uiuc/coord_seligFmt/coord_seligFmt/gw27.dat,True,200,257,0.139316076394353,0.3143414030240812,0.06257892318515189,0.5306603681511043,0.002000032899665281
gw30,gw30.npz,/home/vipuser/Meri-FID-Gate-Airfoil/data/airfoil/raw/uiuc/coord_seligFmt/coord_seligFmt/gw30.dat,True,200,257,0.1254537544306527,0.29178521995118134,0.05290008367174209,0.5184036114706795,0.001999984402481738
gw31,gw31.npz,/home/vipuser/Meri-FID-Gate-Airfoil/data/airfoil/raw/uiuc/coord_seligFmt/coord_seligFmt/gw31.dat,True,200,257,0.11282994678442058,0.24294862790338917,0.04660515849042416,0.45710134382778006,0.0019669144842978286
hh02,hh02.npz,/home/vipuser/Meri-FID-Gate-Airfoil/data/airfoil/raw/uiuc/coord_seligFmt/coord_seligFmt/hh02.dat,True,79,257,0.09567974666840903,0.3030039799694759,0.020193617418620965,0.40245483899193585,0.0038
hobie,hobie.npz,/home/vipuser/Meri-FID-Gate-Airfoil/data/airfoil/raw/uiuc/coord_seligFmt/coord_seligFmt/hobie.dat,True,35,257,0.08493224548057446,0.2535509038851079,0.03960379684286202,0.4509914298352196,0.0
hobiesm,hobiesm.npz,/home/vipuser/Meri-FID-Gate-Airfoil/data/airfoil/raw/uiuc/coord_seligFmt/coord_seligFmt/hobiesm.dat,True,63,257,0.08568949963806716,0.2482308081371412,0.03844952518196404,0.4509914298352196,0.0
hor04,hor04.npz,/home/vipuser/Meri-FID-Gate-Airfoil/data/airfoil/raw/uiuc/coord_seligFmt/coord_seligFmt/hor04.dat,True,110,257,0.04056565584051754,0.3257906598752828,0.013192388083962074,0.38447094585966435,0.009041728746103227
hor07,hor07.npz,/home/vipuser/Meri-FID-Gate-Airfoil/data/airfoil/raw/uiuc/coord_seligFmt/coord_seligFmt/hor07.dat,True,100,257,0.07177812167366303,0.24294862790338917,0.04271655163374494,0.39644431190389073,0.009817489483910213
hor12,hor12.npz,/home/vipuser/Meri-FID-Gate-Airfoil/data/airfoil/raw/uiuc/coord_seligFmt/coord_seligFmt/hor12.dat,True,121,257,0.11932830772656003,0.23250119005645137,0.036382667553565964,0.4632177182001663,0.008985551596590858
hor20,hor20.npz,/home/vipuser/Meri-FID-Gate-Airfoil/data/airfoil/raw/uiuc/coord_seligFmt/coord_seligFmt/hor20.dat,True,117,257,0.2038451184361356,0.24294862790338917,0.0318695234774151,0.512270614261456,0.008999964000144
hq010,hq010.npz,/home/vipuser/Meri-FID-Gate-Airfoil/data/airfoil/raw/uiuc/coord_seligFmt/coord_seligFmt/hq010.dat,True,97,257,0.09995340796272141,0.3431591298005542,0.0,0.0,0.0
hq07,hq07.npz,/home/vipuser/Meri-FID-Gate-Airfoil/data/airfoil/raw/uiuc/coord_seligFmt/coord_seligFmt/hq07.dat,True,97,257,0.06994812123765148,0.3431591298005542,0.0,0.0,0.0
hq09,hq09.npz,/home/vipuser/Meri-FID-Gate-Airfoil/data/airfoil/raw/uiuc/coord_seligFmt/coord_seligFmt/hq09.dat,True,97,257,0.08108321681267479,0.3431591298005542,0.0,0.0,0.0
hq1010,hq1010.npz,/home/vipuser/Meri-FID-Gate-Airfoil/data/airfoil/raw/uiuc/coord_seligFmt/coord_seligFmt/hq1010.dat,True,77,257,0.09959478453177001,0.3489970253403859,0.009995,0.49999999999999994,0.0
hq1012,hq1012.npz,/home/vipuser/Meri-FID-Gate-Airfoil/data/airfoil/raw/uiuc/coord_seligFmt/coord_seligFmt/hq1012.dat,True,77,257,0.11957438334190616,0.3489970253403859,0.010000000000000002,0.49999999999999994,0.0
hq108,hq108.npz,/home/vipuser/Meri-FID-Gate-Airfoil/data/airfoil/raw/uiuc/coord_seligFmt/coord_seligFmt/hq108.dat,True,77,257,0.07971759286081692,0.3489970253403859,0.009984999999999999,0.49999999999999994,0.0
hq109,hq109.npz,/home/vipuser/Meri-FID-Gate-Airfoil/data/airfoil/raw/uiuc/coord_seligFmt/coord_seligFmt/hq109.dat,True,77,257,0.08979277858245077,0.3489970253403859,0.009999999999999998,0.49999999999999994,0.0
hq1510,hq1510.npz,/home/vipuser/Meri-FID-Gate-Airfoil/data/airfoil/raw/uiuc/coord_seligFmt/coord_seligFmt/hq1510.dat,True,77,257,0.09962679048108923,0.3489970253403859,0.014984999999999997,0.49999999999999994,0.0
hq1511,hq1511.npz,/home/vipuser/Meri-FID-Gate-Airfoil/data/airfoil/raw/uiuc/coord_seligFmt/coord_seligFmt/hq1511.dat,True,97,257,0.10995007297831176,0.3373448539188685,0.014990000000000003,0.49999999999999994,0.0
hq1512,hq1512.npz,/home/vipuser/Meri-FID-Gate-Airfoil/data/airfoil/raw/uiuc/coord_seligFmt/coord_seligFmt/hq1512.dat,True,77,257,0.11958237739258692,0.3489970253403859,0.014984999999999998,0.49999999999999994,0.0
hq158,hq158.npz,/home/vipuser/Meri-FID-Gate-Airfoil/data/airfoil/raw/uiuc/coord_seligFmt/coord_seligFmt/hq158.dat,True,77,257,0.07957873494419955,0.3257906598752828,0.014929999999999999,0.49999999999999994,0.0
hq1585,hq1585.npz,/home/vipuser/Meri-FID-Gate-Airfoil/data/airfoil/raw/uiuc/coord_seligFmt/coord_seligFmt/hq1585.dat,True,39,257,0.08559799405068078,0.3489970253403859,0.01495,0.49999999999999994,0.0
hq159,hq159.npz,/home/vipuser/Meri-FID-Gate-Airfoil/data/airfoil/raw/uiuc/coord_seligFmt/coord_seligFmt/hq159.dat,True,77,257,0.08966679048108923,0.3489970253403859,0.014984999999999997,0.49999999999999994,0.0
hq159b,hq159b.npz,/home/vipuser/Meri-FID-Gate-Airfoil/data/airfoil/raw/uiuc/coord_seligFmt/coord_seligFmt/hq159b.dat,True,49,257,0.08950024580318733,0.3666436212625508,0.01499,0.49999999999999994,0.0
hq17,hq17.npz,/home/vipuser/Meri-FID-Gate-Airfoil/data/airfoil/raw/uiuc/coord_seligFmt/coord_seligFmt/hq17.dat,True,95,257,0.15217,0.4205709283330693,0.045115,0.4205709283330693,0.0
hq2010,hq2010.npz,/home/vipuser/Meri-FID-Gate-Airfoil/data/airfoil/raw/uiuc/coord_seligFmt/coord_seligFmt/hq2010.dat,True,77,257,0.09969277858245078,0.3489970253403859,0.019950000000000006,0.4815963885293205,0.0
hq2012,hq2012.npz,/home/vipuser/Meri-FID-Gate-Airfoil/data/airfoil/raw/uiuc/coord_seligFmt/coord_seligFmt/hq2012.dat,True,77,257,0.11971997025340386,0.3489970253403859,0.01994,0.49999999999999994,0.0
hq208,hq208.npz,/home/vipuser/Meri-FID-Gate-Airfoil/data/airfoil/raw/uiuc/coord_seligFmt/coord_seligFmt/hq208.dat,True,77,257,0.07975478453177001,0.3489970253403859,0.019944999999999997,0.49999999999999994,0.0
hq209,hq209.npz,/home/vipuser/Meri-FID-Gate-Airfoil/data/airfoil/raw/uiuc/coord_seligFmt/coord_seligFmt/hq209.dat,True,77,257,0.08972478453176999,0.3489970253403859,0.019944999999999997,0.49999999999999994,0.0
hq2090sm,hq2090sm.npz,/home/vipuser/Meri-FID-Gate-Airfoil/data/airfoil/raw/uiuc/coord_seligFmt/coord_seligFmt/hq2090sm.dat,True,39,257,0.08968796430408463,0.3489970253403859,0.0199,0.49999999999999994,0.0
hq2195,hq2195.npz,/home/vipuser/Meri-FID-Gate-Airfoil/data/airfoil/raw/uiuc/coord_seligFmt/coord_seligFmt/hq2195.dat,True,53,257,0.0949155869114977,0.3489970253403859,0.02098249609394012,0.5490085701647803,1e-05
hq2510,hq2510.npz,/home/vipuser/Meri-FID-Gate-Airfoil/data/airfoil/raw/uiuc/coord_seligFmt/coord_seligFmt/hq2510.dat,True,77,257,0.09964438334190616,0.3489970253403859,0.024974999999999997,0.49999999999999994,0.0
hq2511,hq2511.npz,/home/vipuser/Meri-FID-Gate-Airfoil/data/airfoil/raw/uiuc/coord_seligFmt/coord_seligFmt/hq2511.dat,True,97,257,0.10995007297831176,0.3373448539188685,0.02499,0.49999999999999994,0.0
hq2512,hq2512.npz,/home/vipuser/Meri-FID-Gate-Airfoil/data/airfoil/raw/uiuc/coord_seligFmt/coord_seligFmt/hq2512.dat,True,77,257,0.11960358096217846,0.3489970253403859,0.02497,0.49999999999999994,0.0
hq258,hq258.npz,/home/vipuser/Meri-FID-Gate-Airfoil/data/airfoil/raw/uiuc/coord_seligFmt/coord_seligFmt/hq258.dat,True,77,257,0.07968679048108923,0.3489970253403859,0.024985,0.49999999999999994,0.0
hq259,hq259.npz,/home/vipuser/Meri-FID-Gate-Airfoil/data/airfoil/raw/uiuc/coord_seligFmt/coord_seligFmt/hq259.dat,True,77,257,0.08966638929122539,0.3489970253403859,0.024985,0.49999999999999994,0.0
hq2590sm,hq2590sm.npz,/home/vipuser/Meri-FID-Gate-Airfoil/data/airfoil/raw/uiuc/coord_seligFmt/coord_seligFmt/hq2590sm.dat,True,53,257,0.09031566921004056,0.3489970253403859,0.02527998919689178,0.5490085701647803,0.0
hq259b,hq259b.npz,/home/vipuser/Meri-FID-Gate-Airfoil/data/airfoil/raw/uiuc/coord_seligFmt/coord_seligFmt/hq259b.dat,True,53,257,0.0903155869114977,0.3489970253403859,0.02527998919689178,0.5490085701647803,0.0
hq300gd2,hq300gd2.npz,/home/vipuser/Meri-FID-Gate-Airfoil/data/airfoil/raw/uiuc/coord_seligFmt/coord_seligFmt/hq300gd2.dat,True,80,257,0.1657626158316,0.37256717019774266,0.03874638987577893,0.39644431190389073,0.003575
hq3010,hq3010.npz,/home/vipuser/Meri-FID-Gate-Airfoil/data/airfoil/raw/uiuc/coord_seligFmt/coord_seligFmt/hq3010.dat,True,77,257,0.09983956906354,0.3489970253403859,0.029909999999999996,0.49999999999999994,0.0
hq3011,hq3011.npz,/home/vipuser/Meri-FID-Gate-Airfoil/data/airfoil/raw/uiuc/coord_seligFmt/coord_seligFmt/hq3011.dat,True,77,257,0.10983676073449308,0.3489970253403859,0.02992,0.49999999999999994,0.0
hq3012,hq3012.npz,/home/vipuser/Meri-FID-Gate-Airfoil/data/airfoil/raw/uiuc/coord_seligFmt/coord_seligFmt/hq3012.dat,True,77,257,0.11978555716490155,0.3489970253403859,0.02989,0.49999999999999994,0.0
hq3013,hq3013.npz,/home/vipuser/Meri-FID-Gate-Airfoil/data/airfoil/raw/uiuc/coord_seligFmt/coord_seligFmt/hq3013.dat,True,77,257,0.12985355121558234,0.3489970253403859,0.030025,0.49999999999999994,0.0
hq3014,hq3014.npz,/home/vipuser/Meri-FID-Gate-Airfoil/data/airfoil/raw/uiuc/coord_seligFmt/coord_seligFmt/hq3014.dat,True,77,257,0.13984194645612696,0.3489970253403859,0.029864999999999996,0.49999999999999994,0.0
hq3015,hq3015.npz,/home/vipuser/Meri-FID-Gate-Airfoil/data/airfoil/raw/uiuc/coord_seligFmt/coord_seligFmt/hq3015.dat,True,77,257,0.14980994050680774,0.3489970253403859,0.029854999999999996,0.49999999999999994,0.0
hq308,hq308.npz,/home/vipuser/Meri-FID-Gate-Airfoil/data/airfoil/raw/uiuc/coord_seligFmt/coord_seligFmt/hq308.dat,True,77,257,0.07978398215204231,0.3489970253403859,0.029935,0.49999999999999994,0.0
hq309,hq309.npz,/home/vipuser/Meri-FID-Gate-Airfoil/data/airfoil/raw/uiuc/coord_seligFmt/coord_seligFmt/hq309.dat,True,77,257,0.08978277858245079,0.3489970253403859,0.029925,0.49999999999999994,0.0
hq3510,hq3510.npz,/home/vipuser/Meri-FID-Gate-Airfoil/data/airfoil/raw/uiuc/coord_seligFmt/coord_seligFmt/hq3510.dat,True,77,257,0.09963438334190615,0.3489970253403859,0.03498,0.49999999999999994,0.0
hq3512,hq3512.npz,/home/vipuser/Meri-FID-Gate-Airfoil/data/airfoil/raw/uiuc/coord_seligFmt/coord_seligFmt/hq3512.dat,True,77,257,0.11956478453177001,0.3489970253403859,0.03496,0.49999999999999994,0.0
hq3513,hq3513.npz,/home/vipuser/Meri-FID-Gate-Airfoil/data/airfoil/raw/uiuc/coord_seligFmt/coord_seligFmt/hq3513.dat,True,77,257,0.12999438334190616,0.3489970253403859,0.03496,0.49999999999999994,0.0
hq3514,hq3514.npz,/home/vipuser/Meri-FID-Gate-Airfoil/data/airfoil/raw/uiuc/coord_seligFmt/coord_seligFmt/hq3514.dat,True,39,257,0.13996068339334314,0.3489970253403859,0.034999999999999996,0.49999999999999994,0.0
hq3518,hq3518.npz,/home/vipuser/Meri-FID-Gate-Airfoil/data/airfoil/raw/uiuc/coord_seligFmt/coord_seligFmt/hq3518.dat,True,39,257,0.17994945007715546,0.3489970253403859,0.035,0.49999999999999994,0.0
hq358,hq358.npz,/home/vipuser/Meri-FID-Gate-Airfoil/data/airfoil/raw/uiuc/coord_seligFmt/coord_seligFmt/hq358.dat,True,77,257,0.07968679048108923,0.3489970253403859,0.034985,0.49999999999999994,0.0
hq359,hq359.npz,/home/vipuser/Meri-FID-Gate-Airfoil/data/airfoil/raw/uiuc/coord_seligFmt/coord_seligFmt/hq359.dat,True,77,257,0.08969558691149769,0.3489970253403859,0.034975,0.49999999999999994,0.0
hs1404,hs1404.npz,/home/vipuser/Meri-FID-Gate-Airfoil/data/airfoil/raw/uiuc/coord_seligFmt/coord_seligFmt/hs1404.dat,True,124,257,0.04020878656832729,0.18280335791817726,0.03120968979285839,0.45710134382778006,0.0031600000000000005
hs1430,hs1430.npz,/home/vipuser/Meri-FID-Gate-Airfoil/data/airfoil/raw/uiuc/coord_seligFmt/coord_seligFmt/hs1430.dat,True,122,257,0.2999227495411627,0.3431591298005542,0.03974809469025346,0.5428986561722199,0.047088012405481515
hs1606,hs1606.npz,/home/vipuser/Meri-FID-Gate-Airfoil/data/airfoil/raw/uiuc/coord_seligFmt/coord_seligFmt/hs1606.dat,True,123,257,0.06013439328416365,0.18280335791817726,0.04391125790036462,0.45710134382778006,0.00474
hs1620,hs1620.npz,/home/vipuser/Meri-FID-Gate-Airfoil/data/airfoil/raw/uiuc/coord_seligFmt/coord_seligFmt/hs1620.dat,True,123,257,0.2001347269615956,0.3431591298005542,0.041321769782786816,0.4387946624003919,0.02699
hs1708,hs1708.npz,/home/vipuser/Meri-FID-Gate-Airfoil/data/airfoil/raw/uiuc/coord_seligFmt/coord_seligFmt/hs1708.dat,True,123,257,0.0791511404660392,0.22221488349019886,0.05044868398099428,0.45710134382778006,0.00648
hs1712,hs1712.npz,/home/vipuser/Meri-FID-Gate-Airfoil/data/airfoil/raw/uiuc/coord_seligFmt/coord_seligFmt/hs1712.dat,True,124,257,0.11975629922346263,0.3607401553074735,0.048514559992610465,0.4448888963530584,0.0179
hsnlf213,hsnlf213.npz,/home/vipuser/Meri-FID-Gate-Airfoil/data/airfoil/raw/uiuc/coord_seligFmt/coord_seligFmt/hsnlf213.dat,True,119,257,0.13253339020308194,0.42663476277231915,0.013735513173626472,0.3257906598752828,0.0013398
ht05,ht05.npz,/home/vipuser/Meri-FID-Gate-Airfoil/data/airfoil/raw/uiuc/coord_seligFmt/coord_seligFmt/ht05.dat,True,179,257,0.04810475208428428,0.1687921112049141,5.037453239787552e-07,0.0009409435499254104,0.0036
ht08,ht08.npz,/home/vipuser/Meri-FID-Gate-Airfoil/data/airfoil/raw/uiuc/coord_seligFmt/coord_seligFmt/ht08.dat,True,160,257,0.05000163860756361,0.20215034775378327,0.0007216999932944518,0.0006022718974137975,0.0034721701363366808
ht12,ht12.npz,/home/vipuser/Meri-FID-Gate-Airfoil/data/airfoil/raw/uiuc/coord_seligFmt/coord_seligFmt/ht12.dat,True,141,257,0.05019408257945515,0.18280335791817726,4.272663392396181e-07,0.12139557674675772,0.002379954780859164
ht13,ht13.npz,/home/vipuser/Meri-FID-Gate-Airfoil/data/airfoil/raw/uiuc/coord_seligFmt/coord_seligFmt/ht13.dat,True,140,257,0.06499334989656869,0.18757025592880677,0.0009660699462142903,0.0003388077058252281,0.002083066658133061
ht14,ht14.npz,/home/vipuser/Meri-FID-Gate-Airfoil/data/airfoil/raw/uiuc/coord_seligFmt/coord_seligFmt/ht14.dat,True,140,257,0.07489551601177002,0.18757025592880677,0.0009694724293028546,0.0003388077058252281,0.0018850226202714435
ht21,ht21.npz,/home/vipuser/Meri-FID-Gate-Airfoil/data/airfoil/raw/uiuc/coord_seligFmt/coord_seligFmt/ht21.dat,True,140,257,0.051040797992130495,0.19724447929783723,0.000872529185972274,0.0006022718974137975,0.011928751511345214
ht22,ht22.npz,/home/vipuser/Meri-FID-Gate-Airfoil/data/airfoil/raw/uiuc/coord_seligFmt/coord_seligFmt/ht22.dat,True,143,257,0.050789143698606404,0.1923842047096866,0.010563067761289475,0.22733750578897677,0.0016295730239026347
ht23,ht23.npz,/home/vipuser/Meri-FID-Gate-Airfoil/data/airfoil/raw/uiuc/coord_seligFmt/coord_seligFmt/ht23.dat,True,143,257,0.06507240316920665,0.20710107127178057,0.01053318632858611,0.21209590429107733,0.002081945869055556
ht33,ht33.npz,/home/vipuser/Meri-FID-Gate-Airfoil/data/airfoil/raw/uiuc/coord_seligFmt/coord_seligFmt/ht33.dat,True,240,257,0.05947073978100596,0.22221488349019886,0.0005042128457642479,3.7649080427748505e-05,0.0011900221292707087
ht34,ht34.npz,/home/vipuser/Meri-FID-Gate-Airfoil/data/airfoil/raw/uiuc/coord_seligFmt/coord_seligFmt/ht34.dat,True,240,257,0.06973145303281603,0.2482308081371412,0.0005049520313767117,3.7649080427748505e-05,0.0003927108291542712
ht35,ht35.npz,/home/vipuser/Meri-FID-Gate-Airfoil/data/airfoil/raw/uiuc/coord_seligFmt/coord_seligFmt/ht35.dat,True,240,257,0.07499544653608213,0.2643016315870011,0.0005211003763734397,0.00015059065189787502,0.0
isa571,isa571.npz,/home/vipuser/Meri-FID-Gate-Airfoil/data/airfoil/raw/uiuc/coord_seligFmt/coord_seligFmt/isa571.dat,True,33,257,0.07366855211597007,0.29737934299750507,0.035887984080122094,0.3030039799694759,0.003
isa960,isa960.npz,/home/vipuser/Meri-FID-Gate-Airfoil/data/airfoil/raw/uiuc/coord_seligFmt/coord_seligFmt/isa960.dat,True,33,257,0.09457117277297257,0.29737934299750507,0.045413112575254024,0.40245483899193585,0.0042
isa961,isa961.npz,/home/vipuser/Meri-FID-Gate-Airfoil/data/airfoil/raw/uiuc/coord_seligFmt/coord_seligFmt/isa961.dat,True,33,257,0.09269569930449242,0.20215034775378327,0.04585319862820527,0.39644431190389073,0.0037
isa962,isa962.npz,/home/vipuser/Meri-FID-Gate-Airfoil/data/airfoil/raw/uiuc/coord_seligFmt/coord_seligFmt/isa962.dat,True,33,257,0.0957720454792008,0.20215034775378327,0.04640329321928628,0.40245483899193585,0.0042
ist-mt1-12,ist-mt1-12.npz,/home/vipuser/Meri-FID-Gate-Airfoil/data/airfoil/raw/uiuc/coord_seligFmt/coord_seligFmt/ist-mt1-12.dat,True,201,257,0.11998581379326759,0.29178521995118134,0.06211273756895282,0.5854809443801506,0.0001325712
ist-mt1-15,ist-mt1-15.npz,/home/vipuser/Meri-FID-Gate-Airfoil/data/airfoil/raw/uiuc/coord_seligFmt/coord_seligFmt/ist-mt1-15.dat,True,161,257,0.14998749020983956,0.29178521995118134,0.0854226357112478,0.5306603681511043,0.0006947928
ist-mt1-18,ist-mt1-18.npz,/home/vipuser/Meri-FID-Gate-Airfoil/data/airfoil/raw/uiuc/coord_seligFmt/coord_seligFmt/ist-mt1-18.dat,True,201,257,0.1799933282196543,0.2643016315870011,0.08243026535108884,0.4815963885293205,0.0006733338
ist-mt1-21,ist-mt1-21.npz,/home/vipuser/Meri-FID-Gate-Airfoil/data/airfoil/raw/uiuc/coord_seligFmt/coord_seligFmt/ist-mt1-21.dat,True,201,257,0.20998854960733676,0.28069188073073614,0.05697475199083177,0.5428986561722199,0.0004315472
ist-mt1-24,ist-mt1-24.npz,/home/vipuser/Meri-FID-Gate-Airfoil/data/airfoil/raw/uiuc/coord_seligFmt/coord_seligFmt/ist-mt1-24.dat,True,201,257,0.23997861897363418,0.2643016315870011,0.0485950971374452,0.5733652372276808,0.0005084034
j5012,j5012.npz,/home/vipuser/Meri-FID-Gate-Airfoil/data/airfoil/raw/uiuc/coord_seligFmt/coord_seligFmt/j5012.dat,True,61,257,0.11997614746009572,0.3431591298005542,6.364234828755422e-07,0.8357794774235092,0.0
jn153,jn153.npz,/home/vipuser/Meri-FID-Gate-Airfoil/data/airfoil/raw/uiuc/coord_seligFmt/coord_seligFmt/jn153.dat,True,120,257,0.17567414984530957,0.2862224532848589,0.08351686211292346,0.378509910048368,0.0
joukowsk,joukowsk.npz,/home/vipuser/Meri-FID-Gate-Airfoil/data/airfoil/raw/uiuc/coord_seligFmt/coord_seligFmt/joukowsk.dat,True,91,257,0.1179652091612318,0.2482308081371412,9.413622413176337e-08,0.09477140087370262,0.0
jx-gs-04,jx-gs-04.npz,/home/vipuser/Meri-FID-Gate-Airfoil/data/airfoil/raw/uiuc/coord_seligFmt/coord_seligFmt/jx-gs-04.dat,True,201,257,0.06899599406342813,0.23250119005645137,0.014780143112189177,0.29737934299750507,0.0
jx-gs-06,jx-gs-06.npz,/home/vipuser/Meri-FID-Gate-Airfoil/data/airfoil/raw/uiuc/coord_seligFmt/coord_seligFmt/jx-gs-06.dat,True,201,257,0.07099181894161995,0.2482308081371412,0.014654603644896699,0.3257906598752828,0.0
jx-gs-10,jx-gs-10.npz,/home/vipuser/Meri-FID-Gate-Airfoil/data/airfoil/raw/uiuc/coord_seligFmt/coord_seligFmt/jx-gs-10.dat,True,201,257,0.0740917896313029,0.2643016315870011,0.014704640024491468,0.3607401553074735,0.0
jx-gs-15,jx-gs-15.npz,/home/vipuser/Meri-FID-Gate-Airfoil/data/airfoil/raw/uiuc/coord_seligFmt/coord_seligFmt/jx-gs-15.dat,True,201,257,0.07599293036603502,0.28069188073073614,0.014624997677287513,0.40245483899193585,0.0
k1,k1.npz,/home/vipuser/Meri-FID-Gate-Airfoil/data/airfoil/raw/uiuc/coord_seligFmt/coord_seligFmt/k1.dat,True,169,257,0.1159173626290434,0.3257906598752828,0.019457406732507065,0.746449096114892,0.001
k2,k2.npz,/home/vipuser/Meri-FID-Gate-Airfoil/data/airfoil/raw/uiuc/coord_seligFmt/coord_seligFmt/k2.dat,True,178,257,0.1028295738050192,0.4084800560224295,0.012812523913593232,0.8825836328112295,0.0010000000000000009
k3,k3.npz,/home/vipuser/Meri-FID-Gate-Airfoil/data/airfoil/raw/uiuc/coord_seligFmt/coord_seligFmt/k3.dat,True,183,257,0.17312623016096856,0.3373448539188685,0.02613733463823739,0.746449096114892,0.0076414
k3311,k3311.npz,/home/vipuser/Meri-FID-Gate-Airfoil/data/airfoil/raw/uiuc/coord_seligFmt/coord_seligFmt/k3311.dat,True,49,257,0.10997716975223198,0.3030039799694759,0.03251493516013307,0.40245483899193585,0.0
k3311sm,k3311sm.npz,/home/vipuser/Meri-FID-Gate-Airfoil/data/airfoil/raw/uiuc/coord_seligFmt/coord_seligFmt/k3311sm.dat,True,79,257,0.1102621398900038,0.3086582838174551,0.03233305432649371,0.4145190556198493,0.0
kc135a,kc135a.npz,/home/vipuser/Meri-FID-Gate-Airfoil/data/airfoil/raw/uiuc/coord_seligFmt/coord_seligFmt/kc135a.dat,True,51,257,0.15487945007715545,0.3489970253403859,0.009983951737199001,0.29737934299750507,0.0
kc135b,kc135b.npz,/home/vipuser/Meri-FID-Gate-Airfoil/data/airfoil/raw/uiuc/coord_seligFmt/coord_seligFmt/kc135b.dat,True,51,257,0.12974310899046226,0.39644431190389073,0.011473655414184228,0.2482308081371412,0.0
kc135c,kc135c.npz,/home/vipuser/Meri-FID-Gate-Airfoil/data/airfoil/raw/uiuc/coord_seligFmt/coord_seligFmt/kc135c.dat,True,51,257,0.10588366838291935,0.40245483899193585,0.013710506252668338,0.2482308081371412,0.0
kc135d,kc135d.npz,/home/vipuser/Meri-FID-Gate-Airfoil/data/airfoil/raw/uiuc/coord_seligFmt/coord_seligFmt/kc135d.dat,True,51,257,0.08989348773888708,0.40245483899193585,0.01793493684686081,0.3489970253403859,0.0
kc135winglet,kc135winglet.npz,/home/vipuser/Meri-FID-Gate-Airfoil/data/airfoil/raw/uiuc/coord_seligFmt/coord_seligFmt/kc135winglet.dat,True,75,257,0.07959288862380778,0.39644431190389073,0.02687579981851953,0.645142338627231,0.0047
kenmar,kenmar.npz,/home/vipuser/Meri-FID-Gate-Airfoil/data/airfoil/raw/uiuc/coord_seligFmt/coord_seligFmt/kenmar.dat,True,101,257,0.27917007875584277,0.3086582838174551,0.07696807245777577,0.3666436212625508,0.0
l1003,l1003.npz,/home/vipuser/Meri-FID-Gate-Airfoil/data/airfoil/raw/uiuc/coord_seligFmt/coord_seligFmt/l1003.dat,True,49,257,0.17670481560206178,0.29737934299750507,0.06519178975484552,0.3030039799694759,0.0
l188root,l188root.npz,/home/vipuser/Meri-FID-Gate-Airfoil/data/airfoil/raw/uiuc/coord_seligFmt/coord_seligFmt/l188root.dat,True,91,257,0.13984787314880254,0.4084800560224295,0.019964753888073887,0.5184036114706795,0.0028
l188tip,l188tip.npz,/home/vipuser/Meri-FID-Gate-Airfoil/data/airfoil/raw/uiuc/coord_seligFmt/coord_seligFmt/l188tip.dat,True,91,257,0.1198873970380841,0.4084800560224295,0.026619014314634804,0.5184036114706795,0.0024
l7769,l7769.npz,/home/vipuser/Meri-FID-Gate-Airfoil/data/airfoil/raw/uiuc/coord_seligFmt/coord_seligFmt/l7769.dat,True,33,257,0.10971089766191516,0.29737934299750507,0.044179840801220956,0.3030039799694759,0.0
la203a,la203a.npz,/home/vipuser/Meri-FID-Gate-Airfoil/data/airfoil/raw/uiuc/coord_seligFmt/coord_seligFmt/la203a.dat,True,101,257,0.15730564951759413,0.3431591298005542,0.054792903641551316,0.45710134382778006,0.0
la2573a,la2573a.npz,/home/vipuser/Meri-FID-Gate-Airfoil/data/airfoil/raw/uiuc/coord_seligFmt/coord_seligFmt/la2573a.dat,True,101,257,0.1369901008286697,0.2862224532848589,0.031930334399973094,0.2643016315870011,0.0
la5055,la5055.npz,/home/vipuser/Meri-FID-Gate-Airfoil/data/airfoil/raw/uiuc/coord_seligFmt/coord_seligFmt/la5055.dat,True,49,257,0.15926188696293467,0.3489970253403859,0.05925000000000001,0.378509910048368,0.0
lds2,lds2.npz,/home/vipuser/Meri-FID-Gate-Airfoil/data/airfoil/raw/uiuc/coord_seligFmt/coord_seligFmt/lds2.dat,True,57,257,0.11973351067331267,0.3489970253403859,0.02161200612154627,0.4509914298352196,0.0
legionair140_sm,legionair140_sm.npz,/home/vipuser/Meri-FID-Gate-Airfoil/data/airfoil/raw/uiuc/coord_seligFmt/coord_seligFmt/legionair140_sm.dat,True,198,257,0.08600644080750929,0.29178521995118134,0.030535232081853055,0.3200524817325059,0.00644411534054
lg10sc,lg10sc.npz,/home/vipuser/Meri-FID-Gate-Airfoil/data/airfoil/raw/uiuc/coord_seligFmt/coord_seligFmt/lg10sc.dat,True,89,257,0.09998963262787246,0.3200524817325059,0.014649901902964675,0.15969950110227343,0.003
lnv109a,lnv109a.npz,/home/vipuser/Meri-FID-Gate-Airfoil/data/airfoil/raw/uiuc/coord_seligFmt/coord_seligFmt/lnv109a.dat,True,101,257,0.12982298753524732,0.23770515866076558,0.05968525997469827,0.3143414030240812,0.0
lrn1007,lrn1007.npz,/home/vipuser/Meri-FID-Gate-Airfoil/data/airfoil/raw/uiuc/coord_seligFmt/coord_seligFmt/lrn1007.dat,True,59,257,0.07271844166089378,0.40245483899193585,0.05901111305420188,0.4448888963530584,0.0
lrn1015,lrn1015.npz,/home/vipuser/Meri-FID-Gate-Airfoil/data/airfoil/raw/uiuc/coord_seligFmt/coord_seligFmt/lrn1015.dat,True,79,257,0.1518350355053886,0.39644431190389073,0.048879323121600274,0.4387946624003919,0.0
ls013,ls013.npz,/home/vipuser/Meri-FID-Gate-Airfoil/data/airfoil/raw/uiuc/coord_seligFmt/coord_seligFmt/ls013.dat,True,57,257,0.12860418637354473,0.39644431190389073,0.0,0.0,0.00604
ls413,ls413.npz,/home/vipuser/Meri-FID-Gate-Airfoil/data/airfoil/raw/uiuc/coord_seligFmt/coord_seligFmt/ls413.dat,True,89,257,0.1293,0.378509910048368,0.024225845091811637,0.651002974659614,0.0055000000000000005
ls413mod,ls413mod.npz,/home/vipuser/Meri-FID-Gate-Airfoil/data/airfoil/raw/uiuc/coord_seligFmt/coord_seligFmt/ls413mod.dat,True,88,257,0.1301919762027231,0.3489970253403859,0.022437176935159273,0.40245483899193585,0.0051
ls417,ls417.npz,/home/vipuser/Meri-FID-Gate-Airfoil/data/airfoil/raw/uiuc/coord_seligFmt/coord_seligFmt/ls417.dat,True,75,257,0.16978946515570437,0.39644431190389073,0.024479532873118378,0.651002974659614,0.00709
ls417mod,ls417mod.npz,/home/vipuser/Meri-FID-Gate-Airfoil/data/airfoil/raw/uiuc/coord_seligFmt/coord_seligFmt/ls417mod.dat,True,92,257,0.16999021307221873,0.29737934299750507,0.02323831459151271,0.20215034775378327,0.00732
ls421,ls421.npz,/home/vipuser/Meri-FID-Gate-Airfoil/data/airfoil/raw/uiuc/coord_seligFmt/coord_seligFmt/ls421.dat,True,75,257,0.20889306491713133,0.39644431190389073,0.02419104568674356,0.651002974659614,0.00902
ls421mod,ls421mod.npz,/home/vipuser/Meri-FID-Gate-Airfoil/data/airfoil/raw/uiuc/coord_seligFmt/coord_seligFmt/ls421mod.dat,True,89,257,0.20959051208149662,0.3257906598752828,0.02315816554009826,0.29737934299750507,0.009000000000000001
lwk79100,lwk79100.npz,/home/vipuser/Meri-FID-Gate-Airfoil/data/airfoil/raw/uiuc/coord_seligFmt/coord_seligFmt/lwk79100.dat,True,97,257,0.09993016439876115,0.28069188073073614,0.0,0.0,0.0
lwk80080,lwk80080.npz,/home/vipuser/Meri-FID-Gate-Airfoil/data/airfoil/raw/uiuc/coord_seligFmt/coord_seligFmt/lwk80080.dat,True,97,257,0.0806199910083767,0.40245483899193585,0.0,0.0,0.0
lwk80100,lwk80100.npz,/home/vipuser/Meri-FID-Gate-Airfoil/data/airfoil/raw/uiuc/coord_seligFmt/coord_seligFmt/lwk80100.dat,True,97,257,0.10061998201675341,0.40245483899193585,2.9479407575664848e-05,0.016511764477573965,0.0
lwk80120k25,lwk80120k25.npz,/home/vipuser/Meri-FID-Gate-Airfoil/data/airfoil/raw/uiuc/coord_seligFmt/coord_seligFmt/lwk80120k25.dat,True,97,257,0.12061997602233789,0.40245483899193585,0.0,0.0,0.0
lwk80150k25,lwk80150k25.npz,/home/vipuser/Meri-FID-Gate-Airfoil/data/airfoil/raw/uiuc/coord_seligFmt/coord_seligFmt/lwk80150k25.dat,True,97,257,0.15041997002792235,0.40245483899193585,0.0,0.0,0.0
m1,m1.npz,/home/vipuser/Meri-FID-Gate-Airfoil/data/airfoil/raw/uiuc/coord_seligFmt/coord_seligFmt/m1.dat,True,33,257,0.061581976120183145,0.3030039799694759,0.0,0.0,0.004
m10,m10.npz,/home/vipuser/Meri-FID-Gate-Airfoil/data/airfoil/raw/uiuc/coord_seligFmt/coord_seligFmt/m10.dat,True,33,257,0.06188098145808852,0.3030039799694759,0.019084802167102257,0.3030039799694759,0.0039
m11,m11.npz,/home/vipuser/Meri-FID-Gate-Airfoil/data/airfoil/raw/uiuc/coord_seligFmt/coord_seligFmt/m11.dat,True,33,257,0.08147897214021367,0.3030039799694759,0.018754679702155677,0.3030039799694759,0.0
m12,m12.npz,/home/vipuser/Meri-FID-Gate-Airfoil/data/airfoil/raw/uiuc/coord_seligFmt/coord_seligFmt/m12.dat,True,33,257,0.11926695622033577,0.3030039799694759,0.019839486070106833,0.3030039799694759,0.004
m13,m13.npz,/home/vipuser/Meri-FID-Gate-Airfoil/data/airfoil/raw/uiuc/coord_seligFmt/coord_seligFmt/m13.dat,True,33,257,0.06208798408012209,0.3030039799694759,0.038407770548225875,0.3030039799694759,0.0044
m14,m14.npz,/home/vipuser/Meri-FID-Gate-Airfoil/data/airfoil/raw/uiuc/coord_seligFmt/coord_seligFmt/m14.dat,True,33,257,0.0806,0.3257906598752828,0.03905467970215567,0.3030039799694759,0.0042
m15,m15.npz,/home/vipuser/Meri-FID-Gate-Airfoil/data/airfoil/raw/uiuc/coord_seligFmt/coord_seligFmt/m15.dat,True,33,257,0.11996332855824114,0.3030039799694759,0.03831102995123046,0.3030039799694759,0.0045
m16,m16.npz,/home/vipuser/Meri-FID-Gate-Airfoil/data/airfoil/raw/uiuc/coord_seligFmt/coord_seligFmt/m16.dat,True,33,257,0.06149756626001947,0.3030039799694759,0.041046383240554964,0.3030039799694759,0.0056
m17,m17.npz,/home/vipuser/Meri-FID-Gate-Airfoil/data/airfoil/raw/uiuc/coord_seligFmt/coord_seligFmt/m17.dat,True,33,257,0.08079901025759942,0.39644431190389073,0.041081792063092926,0.3030039799694759,0.0041
m18,m18.npz,/home/vipuser/Meri-FID-Gate-Airfoil/data/airfoil/raw/uiuc/coord_seligFmt/coord_seligFmt/m18.dat,True,33,257,0.12014893234051892,0.3030039799694759,0.04105352517657385,0.3030039799694759,0.0044
m19,m19.npz,/home/vipuser/Meri-FID-Gate-Airfoil/data/airfoil/raw/uiuc/coord_seligFmt/coord_seligFmt/m19.dat,True,33,257,0.06167824029615353,0.3030039799694759,0.06027471614301754,0.3030039799694759,0.0038
m2,m2.npz,/home/vipuser/Meri-FID-Gate-Airfoil/data/airfoil/raw/uiuc/coord_seligFmt/coord_seligFmt/m2.dat,True,33,257,0.08,0.3030039799694759,0.0,0.0,0.004
m20,m20.npz,/home/vipuser/Meri-FID-Gate-Airfoil/data/airfoil/raw/uiuc/coord_seligFmt/coord_seligFmt/m20.dat,True,33,257,0.08148197612018315,0.3030039799694759,0.060580865027651684,0.3030039799694759,0.0047
m21,m21.npz,/home/vipuser/Meri-FID-Gate-Airfoil/data/airfoil/raw/uiuc/coord_seligFmt/coord_seligFmt/m21.dat,True,33,257,0.11948197612018314,0.3030039799694759,0.060386916420641,0.3030039799694759,0.0048
m22,m22.npz,/home/vipuser/Meri-FID-Gate-Airfoil/data/airfoil/raw/uiuc/coord_seligFmt/coord_seligFmt/m22.dat,True,33,257,0.06249561743397262,0.3030039799694759,0.06295011235427492,0.3030039799694759,0.0053
m23,m23.npz,/home/vipuser/Meri-FID-Gate-Airfoil/data/airfoil/raw/uiuc/coord_seligFmt/coord_seligFmt/m23.dat,True,33,257,0.08141149074583394,0.3030039799694759,0.06374997808447268,0.3030039799694759,0.0054
m24,m24.npz,/home/vipuser/Meri-FID-Gate-Airfoil/data/airfoil/raw/uiuc/coord_seligFmt/coord_seligFmt/m24.dat,True,33,257,0.11950930293402912,0.3030039799694759,0.06336660405043476,0.3030039799694759,0.0047
m25,m25.npz,/home/vipuser/Meri-FID-Gate-Airfoil/data/airfoil/raw/uiuc/coord_seligFmt/coord_seligFmt/m25.dat,True,33,257,0.06269179606009156,0.3030039799694759,0.08224324911909581,0.3030039799694759,0.0045
m26,m26.npz,/home/vipuser/Meri-FID-Gate-Airfoil/data/airfoil/raw/uiuc/coord_seligFmt/coord_seligFmt/m26.dat,True,33,257,0.08294793347190556,0.39644431190389073,0.08245475539433,0.3030039799694759,0.0048
m27,m27.npz,/home/vipuser/Meri-FID-Gate-Airfoil/data/airfoil/raw/uiuc/coord_seligFmt/coord_seligFmt/m27.dat,True,33,257,0.1195006185927118,0.3030039799694759,0.08356359709215193,0.3030039799694759,0.0052
m3,m3.npz,/home/vipuser/Meri-FID-Gate-Airfoil/data/airfoil/raw/uiuc/coord_seligFmt/coord_seligFmt/m3.dat,True,33,257,0.11896395224036628,0.3030039799694759,0.0,0.0,0.004
m4,m4.npz,/home/vipuser/Meri-FID-Gate-Airfoil/data/airfoil/raw/uiuc/coord_seligFmt/coord_seligFmt/m4.dat,True,33,257,0.06278358006387436,0.3030039799694759,0.022020287152061266,0.3030039799694759,0.0049
m5,m5.npz,/home/vipuser/Meri-FID-Gate-Airfoil/data/airfoil/raw/uiuc/coord_seligFmt/coord_seligFmt/m5.dat,True,33,257,0.08209676071613266,0.3030039799694759,0.02062950757725527,0.3030039799694759,0.0063
m6,m6.npz,/home/vipuser/Meri-FID-Gate-Airfoil/data/airfoil/raw/uiuc/coord_seligFmt/coord_seligFmt/m6.dat,True,33,257,0.12008197612018313,0.3030039799694759,0.02210794428042733,0.3030039799694759,0.0052
m665,m665.npz,/home/vipuser/Meri-FID-Gate-Airfoil/data/airfoil/raw/uiuc/coord_seligFmt/coord_seligFmt/m665.dat,True,43,257,0.07805328447811904,0.3030039799694759,0.014375355448328919,0.29737934299750507,0.0
m685,m685.npz,/home/vipuser/Meri-FID-Gate-Airfoil/data/airfoil/raw/uiuc/coord_seligFmt/coord_seligFmt/m685.dat,True,43,257,0.10206967970215568,0.3030039799694759,0.01879854174012243,0.29737934299750507,0.0
m7,m7.npz,/home/vipuser/Meri-FID-Gate-Airfoil/data/airfoil/raw/uiuc/coord_seligFmt/coord_seligFmt/m7.dat,True,31,257,0.06189644431190389,0.39644431190389073,0.04923423573825407,0.29737934299750507,0.0047
m8,m8.npz,/home/vipuser/Meri-FID-Gate-Airfoil/data/airfoil/raw/uiuc/coord_seligFmt/coord_seligFmt/m8.dat,True,33,257,0.11698241742080237,0.15081187529551354,0.08043648209013736,0.3030039799694759,0.0
m9,m9.npz,/home/vipuser/Meri-FID-Gate-Airfoil/data/airfoil/raw/uiuc/coord_seligFmt/coord_seligFmt/m9.dat,True,33,257,0.10397077248936151,0.15081187529551354,0.0717684582103205,0.3030039799694759,0.0
ma409,ma409.npz,/home/vipuser/Meri-FID-Gate-Airfoil/data/airfoil/raw/uiuc/coord_seligFmt/coord_seligFmt/ma409.dat,True,41,257,0.06782940111272225,0.2482308081371412,0.033299999999999996,0.49999999999999994,0.0007
ma409sm,ma409sm.npz,/home/vipuser/Meri-FID-Gate-Airfoil/data/airfoil/raw/uiuc/coord_seligFmt/coord_seligFmt/ma409sm.dat,True,79,257,0.06693949924447254,0.23770515866076558,0.033287741604335945,0.49386423085714004,0.0007000000000000001
marsden,marsden.npz,/home/vipuser/Meri-FID-Gate-Airfoil/data/airfoil/raw/uiuc/coord_seligFmt/coord_seligFmt/marsden.dat,True,101,257,0.2786718167972235,0.3143414030240812,0.07734128363111571,0.37256717019774266,0.0
marske1,marske1.npz,/home/vipuser/Meri-FID-Gate-Airfoil/data/airfoil/raw/uiuc/coord_seligFmt/coord_seligFmt/marske1.dat,True,33,257,0.13991047457461547,0.2535509038851079,0.030292891720522117,0.2482308081371412,0.0
marske2,marske2.npz,/home/vipuser/Meri-FID-Gate-Airfoil/data/airfoil/raw/uiuc/coord_seligFmt/coord_seligFmt/marske2.dat,True,33,257,0.1205,0.2535509038851079,0.026870772489361514,0.15081187529551354,0.0
marske3,marske3.npz,/home/vipuser/Meri-FID-Gate-Airfoil/data/airfoil/raw/uiuc/coord_seligFmt/coord_seligFmt/marske3.dat,True,33,257,0.12060000000000001,0.2751943351726967,0.02758376249408973,0.15081187529551354,0.0
marske4,marske4.npz,/home/vipuser/Meri-FID-Gate-Airfoil/data/airfoil/raw/uiuc/coord_seligFmt/coord_seligFmt/marske4.dat,True,33,257,0.10189569930449244,0.20215034775378327,0.02812157287525381,0.1464466094067262,0.0
marske5,marske5.npz,/home/vipuser/Meri-FID-Gate-Airfoil/data/airfoil/raw/uiuc/coord_seligFmt/coord_seligFmt/marske5.dat,True,33,257,0.1222,0.20215034775378327,0.03376446609406726,0.1464466094067262,0.0
marske7,marske7.npz,/home/vipuser/Meri-FID-Gate-Airfoil/data/airfoil/raw/uiuc/coord_seligFmt/coord_seligFmt/marske7.dat,True,71,257,0.12049747458880153,0.42663476277231915,0.028044021369630193,0.39044937992156514,0.004033579832100839
mb253515sm,mb253515sm.npz,/home/vipuser/Meri-FID-Gate-Airfoil/data/airfoil/raw/uiuc/coord_seligFmt/coord_seligFmt/mb253515sm.dat,True,67,257,0.14956475478517386,0.3489970253403859,0.024565922102733055,0.37256717019774266,0.0
mh102,mh102.npz,/home/vipuser/Meri-FID-Gate-Airfoil/data/airfoil/raw/uiuc/coord_seligFmt/coord_seligFmt/mh102.dat,True,68,257,0.16980499834883972,0.2751943351726967,0.030123628731090767,0.37256717019774266,0.0
mh104,mh104.npz,/home/vipuser/Meri-FID-Gate-Airfoil/data/airfoil/raw/uiuc/coord_seligFmt/coord_seligFmt/mh104.dat,True,67,257,0.1525949041976185,0.26973064452088,0.020309174568446078,0.26973064452088,0.0
mh106,mh106.npz,/home/vipuser/Meri-FID-Gate-Airfoil/data/airfoil/raw/uiuc/coord_seligFmt/coord_seligFmt/mh106.dat,True,68,257,0.13053250226795315,0.26973064452088,0.009956277210331644,0.2643016315870011,0.0
mh108,mh108.npz,/home/vipuser/Meri-FID-Gate-Airfoil/data/airfoil/raw/uiuc/coord_seligFmt/coord_seligFmt/mh108.dat,True,68,257,0.11957885110029054,0.25890811396043856,0.010868298051280676,0.21713409460819338,0.0
mh110,mh110.npz,/home/vipuser/Meri-FID-Gate-Airfoil/data/airfoil/raw/uiuc/coord_seligFmt/coord_seligFmt/mh110.dat,True,68,257,0.09993685688469545,0.23770515866076558,0.011069153251066402,0.1464466094067262,0.0
mh112,mh112.npz,/home/vipuser/Meri-FID-Gate-Airfoil/data/airfoil/raw/uiuc/coord_seligFmt/coord_seligFmt/mh112.dat,True,68,257,0.16290269695133794,0.29737934299750507,0.07394835805178927,0.47546616283629095,0.0
mh113,mh113.npz,/home/vipuser/Meri-FID-Gate-Airfoil/data/airfoil/raw/uiuc/coord_seligFmt/coord_seligFmt/mh113.dat,True,61,257,0.14666881888626304,0.29737934299750507,0.06977800172185818,0.47546616283629095,0.0
mh114,mh114.npz,/home/vipuser/Meri-FID-Gate-Airfoil/data/airfoil/raw/uiuc/coord_seligFmt/coord_seligFmt/mh114.dat,True,68,257,0.13051581026907616,0.29737934299750507,0.06565054832277556,0.4815963885293205,0.0
mh115,mh115.npz,/home/vipuser/Meri-FID-Gate-Airfoil/data/airfoil/raw/uiuc/coord_seligFmt/coord_seligFmt/mh115.dat,True,68,257,0.1108069360178982,0.29178521995118134,0.05580273810823275,0.47546616283629095,0.0
mh116,mh116.npz,/home/vipuser/Meri-FID-Gate-Airfoil/data/airfoil/raw/uiuc/coord_seligFmt/coord_seligFmt/mh116.dat,True,67,257,0.09848859040361885,0.3200524817325059,0.04075555138300357,0.4632177182001663,0.0
mh117,mh117.npz,/home/vipuser/Meri-FID-Gate-Airfoil/data/airfoil/raw/uiuc/coord_seligFmt/coord_seligFmt/mh117.dat,True,68,257,0.09792324151634635,0.29178521995118134,0.027233723879111417,0.4448888963530584,0.0
mh120,mh120.npz,/home/vipuser/Meri-FID-Gate-Airfoil/data/airfoil/raw/uiuc/coord_seligFmt/coord_seligFmt/mh120.dat,True,61,257,0.08057156876883115,0.3373448539188685,0.02703610184252323,0.645142338627231,0.0
mh121,mh121.npz,/home/vipuser/Meri-FID-Gate-Airfoil/data/airfoil/raw/uiuc/coord_seligFmt/coord_seligFmt/mh121.dat,True,68,257,0.08752961045569076,0.378509910048368,0.030355777633830926,0.6214900899516319,0.0
mh122,mh122.npz,/home/vipuser/Meri-FID-Gate-Airfoil/data/airfoil/raw/uiuc/coord_seligFmt/coord_seligFmt/mh122.dat,True,68,257,0.093155717303962,0.3373448539188685,0.03496440355657091,0.6214900899516319,0.0
mh126,mh126.npz,/home/vipuser/Meri-FID-Gate-Airfoil/data/airfoil/raw/uiuc/coord_seligFmt/coord_seligFmt/mh126.dat,True,61,257,0.25053716534684217,0.3666436212625508,0.08076586058513588,0.4509914298352196,0.0
mh150,mh150.npz,/home/vipuser/Meri-FID-Gate-Airfoil/data/airfoil/raw/uiuc/coord_seligFmt/coord_seligFmt/mh150.dat,False,61,257,0.23942252234057268,0.2751943351726967,0.05219772363789389,0.49386423085714004,0.0
mh18,mh18.npz,/home/vipuser/Meri-FID-Gate-Airfoil/data/airfoil/raw/uiuc/coord_seligFmt/coord_seligFmt/mh18.dat,True,67,257,0.1114107272991674,0.3373448539188685,0.027994670863186744,0.378509910048368,0.0
mh20,mh20.npz,/home/vipuser/Meri-FID-Gate-Airfoil/data/airfoil/raw/uiuc/coord_seligFmt/coord_seligFmt/mh20.dat,True,68,257,0.08999520822581492,0.3257906598752828,0.02008893845127288,0.37256717019774266,0.0
mh200,mh200.npz,/home/vipuser/Meri-FID-Gate-Airfoil/data/airfoil/raw/uiuc/coord_seligFmt/coord_seligFmt/mh200.dat,True,68,257,0.12951462385668724,0.39644431190389073,0.021220019314102882,0.49999999999999994,0.0
mh201,mh201.npz,/home/vipuser/Meri-FID-Gate-Airfoil/data/airfoil/raw/uiuc/coord_seligFmt/coord_seligFmt/mh201.dat,True,67,257,0.1306959162681323,0.3607401553074735,0.025942101698297082,0.45710134382778006,0.0
mh22,mh22.npz,/home/vipuser/Meri-FID-Gate-Airfoil/data/airfoil/raw/uiuc/coord_seligFmt/coord_seligFmt/mh22.dat,True,68,257,0.07194005262984296,0.2862224532848589,0.018248777355408297,0.3373448539188685,0.0
mh23,mh23.npz,/home/vipuser/Meri-FID-Gate-Airfoil/data/airfoil/raw/uiuc/coord_seligFmt/coord_seligFmt/mh23.dat,True,68,257,0.0798418782471407,0.3431591298005542,0.012679354883255637,0.39044937992156514,0.0
mh24,mh24.npz,/home/vipuser/Meri-FID-Gate-Airfoil/data/airfoil/raw/uiuc/coord_seligFmt/coord_seligFmt/mh24.dat,True,68,257,0.08998593905939312,0.39044937992156514,0.013009992234492226,0.39044937992156514,0.0
mh25,mh25.npz,/home/vipuser/Meri-FID-Gate-Airfoil/data/airfoil/raw/uiuc/coord_seligFmt/coord_seligFmt/mh25.dat,True,67,257,0.09978008811174913,0.39644431190389073,0.014575053990984816,0.39644431190389073,0.0
mh26,mh26.npz,/home/vipuser/Meri-FID-Gate-Airfoil/data/airfoil/raw/uiuc/coord_seligFmt/coord_seligFmt/mh26.dat,True,67,257,0.10979121353675138,0.4205709283330693,0.015085528137450694,0.39644431190389073,0.0
mh27,mh27.npz,/home/vipuser/Meri-FID-Gate-Airfoil/data/airfoil/raw/uiuc/coord_seligFmt/coord_seligFmt/mh27.dat,True,68,257,0.11981410915783886,0.4448888963530584,0.014976640045099892,0.39644431190389073,0.0
mh30,mh30.npz,/home/vipuser/Meri-FID-Gate-Airfoil/data/airfoil/raw/uiuc/coord_seligFmt/coord_seligFmt/mh30.dat,True,67,257,0.078408969019966,0.29737934299750507,0.017308012699870295,0.4387946624003919,0.0
mh32,mh32.npz,/home/vipuser/Meri-FID-Gate-Airfoil/data/airfoil/raw/uiuc/coord_seligFmt/coord_seligFmt/mh32.dat,True,68,257,0.08694917583335586,0.3030039799694759,0.023882471544653013,0.4448888963530584,0.0
mh33,mh33.npz,/home/vipuser/Meri-FID-Gate-Airfoil/data/airfoil/raw/uiuc/coord_seligFmt/coord_seligFmt/mh33.dat,True,65,257,0.07269111668984819,0.29178521995118134,0.010686854452837284,0.4387946624003919,0.0
mh38,mh38.npz,/home/vipuser/Meri-FID-Gate-Airfoil/data/airfoil/raw/uiuc/coord_seligFmt/coord_seligFmt/mh38.dat,True,68,257,0.09690348123456971,0.3143414030240812,0.039396003685434236,0.4509914298352196,0.0
mh42,mh42.npz,/home/vipuser/Meri-FID-Gate-Airfoil/data/airfoil/raw/uiuc/coord_seligFmt/coord_seligFmt/mh42.dat,True,67,257,0.08933375403898548,0.29178521995118134,0.018771225518874078,0.378509910048368,0.0
mh43,mh43.npz,/home/vipuser/Meri-FID-Gate-Airfoil/data/airfoil/raw/uiuc/coord_seligFmt/coord_seligFmt/mh43.dat,True,68,257,0.08492277965040376,0.29178521995118134,0.017565227631619138,0.38447094585966435,0.0
mh44,mh44.npz,/home/vipuser/Meri-FID-Gate-Airfoil/data/airfoil/raw/uiuc/coord_seligFmt/coord_seligFmt/mh44.dat,True,68,257,0.0965352493273294,0.28069188073073614,0.015505280245503695,0.37256717019774266,0.0
mh45,mh45.npz,/home/vipuser/Meri-FID-Gate-Airfoil/data/airfoil/raw/uiuc/coord_seligFmt/coord_seligFmt/mh45.dat,True,67,257,0.09845155040253409,0.2751943351726967,0.017331348190491796,0.3257906598752828,0.0
mh46,mh46.npz,/home/vipuser/Meri-FID-Gate-Airfoil/data/airfoil/raw/uiuc/coord_seligFmt/coord_seligFmt/mh46.dat,True,61,257,0.11339608286193968,0.26973064452088,0.016996858720611772,0.35485766137276886,0.0
mh49,mh49.npz,/home/vipuser/Meri-FID-Gate-Airfoil/data/airfoil/raw/uiuc/coord_seligFmt/coord_seligFmt/mh49.dat,True,61,257,0.10486356702558175,0.29178521995118134,0.009106845588034226,0.7978496522462166,0.0
mh60,mh60.npz,/home/vipuser/Meri-FID-Gate-Airfoil/data/airfoil/raw/uiuc/coord_seligFmt/coord_seligFmt/mh60.dat,True,68,257,0.10079465328000851,0.2751943351726967,0.01823340394428855,0.3666436212625508,0.0
mh61,mh61.npz,/home/vipuser/Meri-FID-Gate-Airfoil/data/airfoil/raw/uiuc/coord_seligFmt/coord_seligFmt/mh61.dat,True,68,257,0.10234355842644195,0.28069188073073614,0.01488169041960798,0.3666436212625508,0.0
mh62,mh62.npz,/home/vipuser/Meri-FID-Gate-Airfoil/data/airfoil/raw/uiuc/coord_seligFmt/coord_seligFmt/mh62.dat,True,68,257,0.09287822065657461,0.2751943351726967,0.01635692184014486,0.37256717019774266,0.0
mh64,mh64.npz,/home/vipuser/Meri-FID-Gate-Airfoil/data/airfoil/raw/uiuc/coord_seligFmt/coord_seligFmt/mh64.dat,True,68,257,0.08582678429840276,0.26973064452088,0.014703713379107886,0.378509910048368,0.0
mh70,mh70.npz,/home/vipuser/Meri-FID-Gate-Airfoil/data/airfoil/raw/uiuc/coord_seligFmt/coord_seligFmt/mh70.dat,True,68,257,0.11075973771453818,0.29178521995118134,0.031349190623371256,0.38447094585966435,0.0
mh78,mh78.npz,/home/vipuser/Meri-FID-Gate-Airfoil/data/airfoil/raw/uiuc/coord_seligFmt/coord_seligFmt/mh78.dat,True,67,257,0.14448695435705894,0.20710107127178057,0.028129808629237543,0.1687921112049141,0.0
mh80,mh80.npz,/home/vipuser/Meri-FID-Gate-Airfoil/data/airfoil/raw/uiuc/coord_seligFmt/coord_seligFmt/mh80.dat,True,68,257,0.12700913112822282,0.22221488349019886,0.02970500969422237,0.22221488349019886,0.0
mh81,mh81.npz,/home/vipuser/Meri-FID-Gate-Airfoil/data/airfoil/raw/uiuc/coord_seligFmt/coord_seligFmt/mh81.dat,True,67,257,0.12987822791282838,0.22733750578897677,0.03526699143191435,0.22733750578897677,0.0
mh82,mh82.npz,/home/vipuser/Meri-FID-Gate-Airfoil/data/airfoil/raw/uiuc/coord_seligFmt/coord_seligFmt/mh82.dat,True,68,257,0.13296960277328476,0.22733750578897677,0.040899876293062735,0.23250119005645137,0.0
mh83,mh83.npz,/home/vipuser/Meri-FID-Gate-Airfoil/data/airfoil/raw/uiuc/coord_seligFmt/coord_seligFmt/mh83.dat,True,61,257,0.1329492289009332,0.20710107127178057,0.05163962709963013,0.3200524817325059,0.0
mh84,mh84.npz,/home/vipuser/Meri-FID-Gate-Airfoil/data/airfoil/raw/uiuc/coord_seligFmt/coord_seligFmt/mh84.dat,True,67,257,0.13715813282278908,0.20215034775378327,0.04856154335247889,0.3257906598752828,0.0
mh91,mh91.npz,/home/vipuser/Meri-FID-Gate-Airfoil/data/airfoil/raw/uiuc/coord_seligFmt/coord_seligFmt/mh91.dat,True,68,257,0.14968175428409652,0.2751943351726967,0.016596133062435726,0.17808422855510425,0.0
mh92,mh92.npz,/home/vipuser/Meri-FID-Gate-Airfoil/data/airfoil/raw/uiuc/coord_seligFmt/coord_seligFmt/mh92.dat,True,68,257,0.15470689217184316,0.29737934299750507,0.01662418578664884,0.17808422855510425,0.0
mh93,mh93.npz,/home/vipuser/Meri-FID-Gate-Airfoil/data/airfoil/raw/uiuc/coord_seligFmt/coord_seligFmt/mh93.dat,True,68,257,0.15974379504386407,0.29737934299750507,0.01648328504622154,0.1421345873580907,0.0
mh94,mh94.npz,/home/vipuser/Meri-FID-Gate-Airfoil/data/airfoil/raw/uiuc/coord_seligFmt/coord_seligFmt/mh94.dat,True,68,257,0.16019820073067045,0.3373448539188685,0.013868094486395132,0.73026935547912,0.0
mh95,mh95.npz,/home/vipuser/Meri-FID-Gate-Airfoil/data/airfoil/raw/uiuc/coord_seligFmt/coord_seligFmt/mh95.dat,True,61,257,0.15844972475239982,0.3431591298005542,0.014997838181792292,0.24294862790338917,0.0
mi-strut1,mi-strut1.npz,/home/vipuser/Meri-FID-Gate-Airfoil/data/airfoil/raw/uiuc/coord_seligFmt/coord_seligFmt/mi-strut1.dat,True,399,257,0.32955859297514506,0.29737934299750507,0.0,0.0,0.00734
mi-vawt1,mi-vawt1.npz,/home/vipuser/Meri-FID-Gate-Airfoil/data/airfoil/raw/uiuc/coord_seligFmt/coord_seligFmt/mi-vawt1.dat,True,260,257,0.2099891420490138,0.3086582838174551,0.0098799023,1.0,0.0197598046
miley,miley.npz,/home/vipuser/Meri-FID-Gate-Airfoil/data/airfoil/raw/uiuc/coord_seligFmt/coord_seligFmt/miley.dat,True,64,257,0.12855418846749325,0.3489970253403859,0.051305628854983916,0.3489970253403859,0.0
mrc-16,mrc-16.npz,/home/vipuser/Meri-FID-Gate-Airfoil/data/airfoil/raw/uiuc/coord_seligFmt/coord_seligFmt/mrc-16.dat,True,120,257,0.1390250764559956,0.3431591298005542,0.03177605964078292,0.38447094585966435,0.000745014900298006
mrc-20,mrc-20.npz,/home/vipuser/Meri-FID-Gate-Airfoil/data/airfoil/raw/uiuc/coord_seligFmt/coord_seligFmt/mrc-20.dat,True,120,257,0.15585111470646965,0.38447094585966435,0.030225482269634545,0.4387946624003919,0.0005000320020481311
mrc12,mrc12.npz,/home/vipuser/Meri-FID-Gate-Airfoil/data/airfoil/raw/uiuc/coord_seligFmt/coord_seligFmt/mrc12.dat,True,120,257,0.13936279167478424,0.38447094585966435,0.02843417583930926,0.4632177182001663,0.0007700623750523793
mrc15,mrc15.npz,/home/vipuser/Meri-FID-Gate-Airfoil/data/airfoil/raw/uiuc/coord_seligFmt/coord_seligFmt/mrc15.dat,True,120,257,0.12490483909955989,0.3431591298005542,0.012693193442036566,0.42663476277231915,4.9999999999999996e-06
mrc16-85,mrc16-85.npz,/home/vipuser/Meri-FID-Gate-Airfoil/data/airfoil/raw/uiuc/coord_seligFmt/coord_seligFmt/mrc16-85.dat,True,120,257,0.11817117540828298,0.3431591298005542,0.0317129804135796,0.38447094585966435,0.000633012660253205
mrc16-95,mrc16-95.npz,/home/vipuser/Meri-FID-Gate-Airfoil/data/airfoil/raw/uiuc/coord_seligFmt/coord_seligFmt/mrc16-95.dat,True,120,257,0.1320740634602103,0.3431591298005542,0.03175556762711439,0.38447094585966435,0.0007070141402828057
mrc20-700,mrc20-700.npz,/home/vipuser/Meri-FID-Gate-Airfoil/data/airfoil/raw/uiuc/coord_seligFmt/coord_seligFmt/mrc20-700.dat,True,120,257,0.10909592359577674,0.38447094585966435,0.029972149397248272,0.4387946624003919,0.0003500224014336917
mrc20-846,mrc20-846.npz,/home/vipuser/Meri-FID-Gate-Airfoil/data/airfoil/raw/uiuc/coord_seligFmt/coord_seligFmt/mrc20-846.dat,True,120,257,0.13184994332635253,0.38447094585966435,0.0300953448846281,0.4387946624003919,0.00042302707373271885
ms313,ms313.npz,/home/vipuser/Meri-FID-Gate-Airfoil/data/airfoil/raw/uiuc/coord_seligFmt/coord_seligFmt/ms313.dat,True,89,257,0.13135899221526917,0.378509910048368,0.017620570393652963,0.6742093401247172,0.005583
ms317,ms317.npz,/home/vipuser/Meri-FID-Gate-Airfoil/data/airfoil/raw/uiuc/coord_seligFmt/coord_seligFmt/ms317.dat,True,89,257,0.1700459403827684,0.37256717019774266,0.01650864311565501,0.7248056648273034,0.007219999999999999
mue139,mue139.npz,/home/vipuser/Meri-FID-Gate-Airfoil/data/airfoil/raw/uiuc/coord_seligFmt/coord_seligFmt/mue139.dat,True,97,257,0.13894980142699084,0.22221488349019886,0.04734997408449177,0.3086582838174551,0.0
n0009sm,n0009sm.npz,/home/vipuser/Meri-FID-Gate-Airfoil/data/airfoil/raw/uiuc/coord_seligFmt/coord_seligFmt/n0009sm.dat,True,69,257,0.09017999424099817,0.3086582838174551,0.0,0.0,0.0
n0011sc,n0011sc.npz,/home/vipuser/Meri-FID-Gate-Airfoil/data/airfoil/raw/uiuc/coord_seligFmt/coord_seligFmt/n0011sc.dat,True,73,257,0.10954518296534838,0.40245483899193585,0.0,0.0,0.0
n0012,n0012.npz,/home/vipuser/Meri-FID-Gate-Airfoil/data/airfoil/raw/uiuc/coord_seligFmt/coord_seligFmt/n0012.dat,True,131,257,0.12000693692567813,0.3030039799694759,0.0,0.0,0.00252
n10,n10.npz,/home/vipuser/Meri-FID-Gate-Airfoil/data/airfoil/raw/uiuc/coord_seligFmt/coord_seligFmt/n10.dat,True,33,257,0.11213186291793513,0.29737934299750507,0.03600109773976209,0.40245483899193585,0.0034
n11,n11.npz,/home/vipuser/Meri-FID-Gate-Airfoil/data/airfoil/raw/uiuc/coord_seligFmt/coord_seligFmt/n11.dat,True,33,257,0.10933186291793515,0.29737934299750507,0.04356317741512096,0.40245483899193585,0.002
n11h9,n11h9.npz,/home/vipuser/Meri-FID-Gate-Airfoil/data/airfoil/raw/uiuc/coord_seligFmt/coord_seligFmt/n11h9.dat,True,37,257,0.08984739328616016,0.40245483899193585,0.04510845888775242,0.29737934299750507,0.0
n12,n12.npz,/home/vipuser/Meri-FID-Gate-Airfoil/data/airfoil/raw/uiuc/coord_seligFmt/coord_seligFmt/n12.dat,True,33,257,0.10452189652079363,0.3030039799694759,0.0015967524988179452,0.15081187529551354,0.0
n13,n13.npz,/home/vipuser/Meri-FID-Gate-Airfoil/data/airfoil/raw/uiuc/coord_seligFmt/coord_seligFmt/n13.dat,True,33,257,0.11796996020030523,0.3030039799694759,0.0010854191226334934,0.9493372328469769,0.0
n14,n14.npz,/home/vipuser/Meri-FID-Gate-Airfoil/data/airfoil/raw/uiuc/coord_seligFmt/coord_seligFmt/n14.dat,True,33,257,0.1147879840801221,0.3030039799694759,0.000497849652246217,0.20215034775378327,0.0
n1h15,n1h15.npz,/home/vipuser/Meri-FID-Gate-Airfoil/data/airfoil/raw/uiuc/coord_seligFmt/coord_seligFmt/n1h15.dat,True,35,257,0.14719018064403225,0.40245483899193585,0.05498036128806451,0.40245483899193585,0.0
n22,n22.npz,/home/vipuser/Meri-FID-Gate-Airfoil/data/airfoil/raw/uiuc/coord_seligFmt/coord_seligFmt/n22.dat,True,33,257,0.12360565634791018,0.29737934299750507,0.03974980548039919,0.40245483899193585,0.004
n24,n24.npz,/home/vipuser/Meri-FID-Gate-Airfoil/data/airfoil/raw/uiuc/coord_seligFmt/coord_seligFmt/n24.dat,True,33,257,0.1700899324058952,0.29737934299750507,0.05342888623807783,0.39644431190389073,0.009999999999999998
n2414,n2414.npz,/home/vipuser/Meri-FID-Gate-Airfoil/data/airfoil/raw/uiuc/coord_seligFmt/coord_seligFmt/n2414.dat,True,61,257,0.1400315469880176,0.29737934299750507,0.01999589526561393,0.39644431190389073,0.00294
n2415,n2415.npz,/home/vipuser/Meri-FID-Gate-Airfoil/data/airfoil/raw/uiuc/coord_seligFmt/coord_seligFmt/n2415.dat,True,61,257,0.15003142768719074,0.29737934299750507,0.019995138779993916,0.39644431190389073,0.00314
n2h15,n2h15.npz,/home/vipuser/Meri-FID-Gate-Airfoil/data/airfoil/raw/uiuc/coord_seligFmt/coord_seligFmt/n2h15.dat,True,35,257,0.14719018064403225,0.40245483899193585,0.04494967580066531,0.40245483899193585,0.0
n5h10,n5h10.npz,/home/vipuser/Meri-FID-Gate-Airfoil/data/airfoil/raw/uiuc/coord_seligFmt/coord_seligFmt/n5h10.dat,True,35,257,0.09890180644032256,0.40245483899193585,0.022482221559519452,0.39644431190389073,0.0
n5h15,n5h15.npz,/home/vipuser/Meri-FID-Gate-Airfoil/data/airfoil/raw/uiuc/coord_seligFmt/coord_seligFmt/n5h15.dat,True,35,257,0.15406843954044397,0.39644431190389073,0.02913047413019841,0.3030039799694759,0.0
n5h20,n5h20.npz,/home/vipuser/Meri-FID-Gate-Airfoil/data/airfoil/raw/uiuc/coord_seligFmt/coord_seligFmt/n5h20.dat,True,35,257,0.1988281612705645,0.40245483899193585,0.04445199821070252,0.39644431190389073,0.0
n63010a,n63010a.npz,/home/vipuser/Meri-FID-Gate-Airfoil/data/airfoil/raw/uiuc/coord_seligFmt/coord_seligFmt/n63010a.dat,True,51,257,0.09986710243116466,0.3489970253403859,0.0,0.0,0.00042
n63012a,n63012a.npz,/home/vipuser/Meri-FID-Gate-Airfoil/data/airfoil/raw/uiuc/coord_seligFmt/coord_seligFmt/n63012a.dat,True,51,257,0.11986228815279852,0.3489970253403859,0.0,0.0,0.0005
n63015a,n63015a.npz,/home/vipuser/Meri-FID-Gate-Airfoil/data/airfoil/raw/uiuc/coord_seligFmt/coord_seligFmt/n63015a.dat,True,51,257,0.14987506673524928,0.3489970253403859,0.0,0.0,0.00064
n63210,n63210.npz,/home/vipuser/Meri-FID-Gate-Airfoil/data/airfoil/raw/uiuc/coord_seligFmt/coord_seligFmt/n63210.dat,True,51,257,0.09998653407516675,0.3489970253403859,0.011165288474879617,0.5915199439775705,0.0
n63212,n63212.npz,/home/vipuser/Meri-FID-Gate-Airfoil/data/airfoil/raw/uiuc/coord_seligFmt/coord_seligFmt/n63212.dat,True,51,257,0.11998523061378583,0.3489970253403859,0.011029999999999995,0.49999999999999994,0.0
n63215,n63215.npz,/home/vipuser/Meri-FID-Gate-Airfoil/data/airfoil/raw/uiuc/coord_seligFmt/coord_seligFmt/n63215.dat,True,51,257,0.14998507027005537,0.3489970253403859,0.011029999999999995,0.49999999999999994,0.0
n63215b,n63215b.npz,/home/vipuser/Meri-FID-Gate-Airfoil/data/airfoil/raw/uiuc/coord_seligFmt/coord_seligFmt/n63215b.dat,True,119,257,0.1504,0.3030039799694759,0.01489198117129839,0.09839623425967753,0.0
n63412,n63412.npz,/home/vipuser/Meri-FID-Gate-Airfoil/data/airfoil/raw/uiuc/coord_seligFmt/coord_seligFmt/n63412.dat,True,51,257,0.11999937990930552,0.3489970253403859,0.022014999999999996,0.49999999999999994,0.0
n63415,n63415.npz,/home/vipuser/Meri-FID-Gate-Airfoil/data/airfoil/raw/uiuc/coord_seligFmt/coord_seligFmt/n63415.dat,True,51,257,0.1499945425426266,0.3489970253403859,0.022059999999999996,0.49999999999999994,0.0
n64008a,n64008a.npz,/home/vipuser/Meri-FID-Gate-Airfoil/data/airfoil/raw/uiuc/coord_seligFmt/coord_seligFmt/n64008a.dat,True,51,257,0.07992302084380047,0.39644431190389073,0.0,0.0,0.00036
n64012,n64012.npz,/home/vipuser/Meri-FID-Gate-Airfoil/data/airfoil/raw/uiuc/coord_seligFmt/coord_seligFmt/n64012.dat,True,51,257,0.11961573317428467,0.39644431190389073,0.0,0.0,0.0
n64012a,n64012a.npz,/home/vipuser/Meri-FID-Gate-Airfoil/data/airfoil/raw/uiuc/coord_seligFmt/coord_seligFmt/n64012a.dat,True,51,257,0.11982017629332357,0.39644431190389073,0.0,0.0,0.0005
n64015,n64015.npz,/home/vipuser/Meri-FID-Gate-Airfoil/data/airfoil/raw/uiuc/coord_seligFmt/coord_seligFmt/n64015.dat,True,51,257,0.14962251241905802,0.35485766137276886,0.0,0.0,0.0
n64015a,n64015a.npz,/home/vipuser/Meri-FID-Gate-Airfoil/data/airfoil/raw/uiuc/coord_seligFmt/coord_seligFmt/n64015a.dat,True,51,257,0.14970586539427735,0.39644431190389073,0.0,0.0,0.00064
n6409,n6409.npz,/home/vipuser/Meri-FID-Gate-Airfoil/data/airfoil/raw/uiuc/coord_seligFmt/coord_seligFmt/n6409.dat,True,61,257,0.09030483454651676,0.29178521995118134,0.05998767130982568,0.39644431190389073,0.0
n64108,n64108.npz,/home/vipuser/Meri-FID-Gate-Airfoil/data/airfoil/raw/uiuc/coord_seligFmt/coord_seligFmt/n64108.dat,True,51,257,0.07982264325637303,0.39644431190389073,0.005520000000000001,0.49999999999999994,0.0
n64110,n64110.npz,/home/vipuser/Meri-FID-Gate-Airfoil/data/airfoil/raw/uiuc/coord_seligFmt/coord_seligFmt/n64110.dat,True,51,257,0.09975001860615673,0.39644431190389073,0.005520000000000001,0.49999999999999994,0.0
n64212,n64212.npz,/home/vipuser/Meri-FID-Gate-Airfoil/data/airfoil/raw/uiuc/coord_seligFmt/coord_seligFmt/n64212.dat,True,51,257,0.11962236059319326,0.39644431190389073,0.011029999999999998,0.49999999999999994,0.0
n64212ma,n64212ma.npz,/home/vipuser/Meri-FID-Gate-Airfoil/data/airfoil/raw/uiuc/coord_seligFmt/coord_seligFmt/n64212ma.dat,True,57,257,0.11962672760019231,0.4084800560224295,0.02452689728298689,0.21713409460819338,0.0
n64212mb,n64212mb.npz,/home/vipuser/Meri-FID-Gate-Airfoil/data/airfoil/raw/uiuc/coord_seligFmt/coord_seligFmt/n64212mb.dat,True,51,257,0.12045536966891761,0.3489970253403859,0.014988105918539527,0.09839623425967753,0.0
n64215,n64215.npz,/home/vipuser/Meri-FID-Gate-Airfoil/data/airfoil/raw/uiuc/coord_seligFmt/coord_seligFmt/n64215.dat,True,51,257,0.14963424785495816,0.35485766137276886,0.011029999999999998,0.49999999999999994,0.0
n642415,n642415.npz,/home/vipuser/Meri-FID-Gate-Airfoil/data/airfoil/raw/uiuc/coord_seligFmt/coord_seligFmt/n642415.dat,True,51,257,0.1496491602521018,0.35485766137276886,0.02206,0.49999999999999994,0.0
n66021,n66021.npz,/home/vipuser/Meri-FID-Gate-Airfoil/data/airfoil/raw/uiuc/coord_seligFmt/coord_seligFmt/n66021.dat,True,51,257,0.2099738262523502,0.4509914298352196,0.0,0.0,0.0
n6h10,n6h10.npz,/home/vipuser/Meri-FID-Gate-Airfoil/data/airfoil/raw/uiuc/coord_seligFmt/coord_seligFmt/n6h10.dat,True,35,257,0.10004701256650401,0.40245483899193585,0.04575065264942408,0.39644431190389073,0.0
n6h15,n6h15.npz,/home/vipuser/Meri-FID-Gate-Airfoil/data/airfoil/raw/uiuc/coord_seligFmt/coord_seligFmt/n6h15.dat,True,35,257,0.155608522558629,0.40245483899193585,0.04507688802737529,0.39644431190389073,0.0
n6h20,n6h20.npz,/home/vipuser/Meri-FID-Gate-Airfoil/data/airfoil/raw/uiuc/coord_seligFmt/coord_seligFmt/n6h20.dat,True,35,257,0.19936498385544354,0.40245483899193585,0.06119488683451031,0.39644431190389073,0.0
n8h12,n8h12.npz,/home/vipuser/Meri-FID-Gate-Airfoil/data/airfoil/raw/uiuc/coord_seligFmt/coord_seligFmt/n8h12.dat,True,36,257,0.11965274412769325,0.29737934299750507,0.03534470254712588,0.29737934299750507,0.0
n9,n9.npz,/home/vipuser/Meri-FID-Gate-Airfoil/data/airfoil/raw/uiuc/coord_seligFmt/coord_seligFmt/n9.dat,True,33,257,0.08454758685995009,0.29737934299750507,0.02712306161095564,0.40245483899193585,0.0028
naca0006,naca0006.npz,/home/vipuser/Meri-FID-Gate-Airfoil/data/airfoil/raw/uiuc/coord_seligFmt/coord_seligFmt/naca0006.dat,True,35,257,0.05998855211597006,0.29737934299750507,0.0,0.0,0.00126
naca0008,naca0008.npz,/home/vipuser/Meri-FID-Gate-Airfoil/data/airfoil/raw/uiuc/coord_seligFmt/coord_seligFmt/naca0008.dat,True,35,257,0.07997806948796007,0.29737934299750507,0.0,0.0,0.00168
naca000834,naca000834.npz,/home/vipuser/Meri-FID-Gate-Airfoil/data/airfoil/raw/uiuc/coord_seligFmt/coord_seligFmt/naca000834.dat,True,33,257,0.07994304773538709,0.40245483899193585,0.0,0.0,0.0016
naca0010,naca0010.npz,/home/vipuser/Meri-FID-Gate-Airfoil/data/airfoil/raw/uiuc/coord_seligFmt/coord_seligFmt/naca0010.dat,True,35,257,0.0999875868599501,0.29737934299750507,0.0,0.0,0.0021
naca001034,naca001034.npz,/home/vipuser/Meri-FID-Gate-Airfoil/data/airfoil/raw/uiuc/coord_seligFmt/coord_seligFmt/naca001034.dat,True,33,257,0.09992930063703226,0.40245483899193585,0.0,0.0,0.002
naca001034a08cli0.2,naca001034a08cli0.2.npz,/home/vipuser/Meri-FID-Gate-Airfoil/data/airfoil/raw/uiuc/coord_seligFmt/coord_seligFmt/naca001034a08cli0.2.dat,True,35,257,0.0999338425212819,0.40245483899193585,0.013298064697213022,0.49999999999999994,0.002
naca001035,naca001035.npz,/home/vipuser/Meri-FID-Gate-Airfoil/data/airfoil/raw/uiuc/coord_seligFmt/coord_seligFmt/naca001035.dat,True,33,257,0.1,0.49999999999999994,0.0,0.0,0.002
naca001064,naca001064.npz,/home/vipuser/Meri-FID-Gate-Airfoil/data/airfoil/raw/uiuc/coord_seligFmt/coord_seligFmt/naca001064.dat,True,33,257,0.09992930063703226,0.40245483899193585,0.0,0.0,0.002
naca001065,naca001065.npz,/home/vipuser/Meri-FID-Gate-Airfoil/data/airfoil/raw/uiuc/coord_seligFmt/coord_seligFmt/naca001065.dat,True,33,257,0.1,0.49999999999999994,0.0,0.0,0.002
naca001066,naca001066.npz,/home/vipuser/Meri-FID-Gate-Airfoil/data/airfoil/raw/uiuc/coord_seligFmt/coord_seligFmt/naca001066.dat,True,33,257,0.09997839741687096,0.5975451610080641,0.0,0.0,0.002
naca001234,naca001234.npz,/home/vipuser/Meri-FID-Gate-Airfoil/data/airfoil/raw/uiuc/coord_seligFmt/coord_seligFmt/naca001234.dat,True,33,257,0.11991506257087901,0.40245483899193585,0.0,0.0,0.0024
naca001264,naca001264.npz,/home/vipuser/Meri-FID-Gate-Airfoil/data/airfoil/raw/uiuc/coord_seligFmt/coord_seligFmt/naca001264.dat,True,33,257,0.11991506257087901,0.40245483899193585,0.0,0.0,0.0024
naca001264a08cli0.2,naca001264a08cli0.2.npz,/home/vipuser/Meri-FID-Gate-Airfoil/data/airfoil/raw/uiuc/coord_seligFmt/coord_seligFmt/naca001264a08cli0.2.dat,True,33,257,0.1096007522456035,0.40245483899193585,0.01830303442314908,0.3030039799694759,0.0021999999999999997
naca0015,naca0015.npz,/home/vipuser/Meri-FID-Gate-Airfoil/data/airfoil/raw/uiuc/coord_seligFmt/coord_seligFmt/naca0015.dat,True,35,257,0.14996138028992517,0.29737934299750507,0.0,0.0,0.00316
naca0018,naca0018.npz,/home/vipuser/Meri-FID-Gate-Airfoil/data/airfoil/raw/uiuc/coord_seligFmt/coord_seligFmt/naca0018.dat,True,35,257,0.1799646080851092,0.29737934299750507,0.0,0.0,0.00378
naca0021,naca0021.npz,/home/vipuser/Meri-FID-Gate-Airfoil/data/airfoil/raw/uiuc/coord_seligFmt/coord_seligFmt/naca0021.dat,True,35,257,0.20996783588029322,0.29737934299750507,0.0,0.0,0.00442
naca0024,naca0024.npz,/home/vipuser/Meri-FID-Gate-Airfoil/data/airfoil/raw/uiuc/coord_seligFmt/coord_seligFmt/naca0024.dat,True,35,257,0.23995316020107924,0.29737934299750507,0.0,0.0,0.00504
naca1,naca1.npz,/home/vipuser/Meri-FID-Gate-Airfoil/data/airfoil/raw/uiuc/coord_seligFmt/coord_seligFmt/naca1.dat,False,84,257,,,,,
naca1408,naca1408.npz,/home/vipuser/Meri-FID-Gate-Airfoil/data/airfoil/raw/uiuc/coord_seligFmt/coord_seligFmt/naca1408.dat,True,35,257,0.07999317874845159,0.29737934299750507,0.009993538837928575,0.40245483899193585,0.00168
naca1410,naca1410.npz,/home/vipuser/Meri-FID-Gate-Airfoil/data/airfoil/raw/uiuc/coord_seligFmt/coord_seligFmt/naca1410.dat,True,35,257,0.1000058153562686,0.29737934299750507,0.009742197116644431,0.49999999999999994,0.0021
naca1412,naca1412.npz,/home/vipuser/Meri-FID-Gate-Airfoil/data/airfoil/raw/uiuc/coord_seligFmt/coord_seligFmt/naca1412.dat,True,35,257,0.11999916792148439,0.29737934299750507,0.009993734240810334,0.40245483899193585,0.00252
naca16006,naca16006.npz,/home/vipuser/Meri-FID-Gate-Airfoil/data/airfoil/raw/uiuc/coord_seligFmt/coord_seligFmt/naca16006.dat,True,33,257,0.06,0.49999999999999994,0.0,0.0,0.0012
naca16009,naca16009.npz,/home/vipuser/Meri-FID-Gate-Airfoil/data/airfoil/raw/uiuc/coord_seligFmt/coord_seligFmt/naca16009.dat,True,97,257,0.09,0.49999999999999994,0.0,0.0,0.0018
naca16012,naca16012.npz,/home/vipuser/Meri-FID-Gate-Airfoil/data/airfoil/raw/uiuc/coord_seligFmt/coord_seligFmt/naca16012.dat,True,33,257,0.12,0.49999999999999994,0.0,0.0,0.0024
naca16015,naca16015.npz,/home/vipuser/Meri-FID-Gate-Airfoil/data/airfoil/raw/uiuc/coord_seligFmt/coord_seligFmt/naca16015.dat,True,33,257,0.15,0.49999999999999994,0.0,0.0,0.003
naca16018,naca16018.npz,/home/vipuser/Meri-FID-Gate-Airfoil/data/airfoil/raw/uiuc/coord_seligFmt/coord_seligFmt/naca16018.dat,True,33,257,0.18,0.49999999999999994,0.0,0.0,0.0036
naca16021,naca16021.npz,/home/vipuser/Meri-FID-Gate-Airfoil/data/airfoil/raw/uiuc/coord_seligFmt/coord_seligFmt/naca16021.dat,True,33,257,0.21,0.49999999999999994,0.0,0.0,0.0042
naca23012,naca23012.npz,/home/vipuser/Meri-FID-Gate-Airfoil/data/airfoil/raw/uiuc/coord_seligFmt/coord_seligFmt/naca23012.dat,True,61,257,0.12002888603659556,0.29737934299750507,0.018117428880085128,0.12952443732252045,0.002519848806803728
naca23015,naca23015.npz,/home/vipuser/Meri-FID-Gate-Airfoil/data/airfoil/raw/uiuc/coord_seligFmt/coord_seligFmt/naca23015.dat,True,35,257,0.15002138028992515,0.29737934299750507,0.018386198119976268,0.15081187529551354,0.0032
naca23018,naca23018.npz,/home/vipuser/Meri-FID-Gate-Airfoil/data/airfoil/raw/uiuc/coord_seligFmt/coord_seligFmt/naca23018.dat,True,35,257,0.1801004150339052,0.29737934299750507,0.018385386244680755,0.15081187529551354,0.0038
naca23021,naca23021.npz,/home/vipuser/Meri-FID-Gate-Airfoil/data/airfoil/raw/uiuc/coord_seligFmt/coord_seligFmt/naca23021.dat,True,35,257,0.2099951737199002,0.29737934299750507,0.01854375535691332,0.10208154769555822,0.0044
naca23024,naca23024.npz,/home/vipuser/Meri-FID-Gate-Airfoil/data/airfoil/raw/uiuc/coord_seligFmt/coord_seligFmt/naca23024.dat,True,35,257,0.23998789553530891,0.29737934299750507,0.019068896536725936,0.09477140087370262,0.0
naca2408,naca2408.npz,/home/vipuser/Meri-FID-Gate-Airfoil/data/airfoil/raw/uiuc/coord_seligFmt/coord_seligFmt/naca2408.dat,True,35,257,0.08001978338396552,0.29737934299750507,0.019986578209150053,0.40245483899193585,0.00168
naca2410,naca2410.npz,/home/vipuser/Meri-FID-Gate-Airfoil/data/airfoil/raw/uiuc/coord_seligFmt/coord_seligFmt/naca2410.dat,True,35,257,0.10002622645445745,0.29737934299750507,0.019986763804064167,0.40245483899193585,0.0021
naca2411,naca2411.npz,/home/vipuser/Meri-FID-Gate-Airfoil/data/airfoil/raw/uiuc/coord_seligFmt/coord_seligFmt/naca2411.dat,True,61,257,0.11002980843117552,0.29737934299750507,0.024995906643018442,0.39644431190389073,0.0
naca2412,naca2412.npz,/home/vipuser/Meri-FID-Gate-Airfoil/data/airfoil/raw/uiuc/coord_seligFmt/coord_seligFmt/naca2412.dat,True,35,257,0.1199423455459451,0.29737934299750507,0.01998772580504032,0.40245483899193585,0.0026
naca2415,naca2415.npz,/home/vipuser/Meri-FID-Gate-Airfoil/data/airfoil/raw/uiuc/coord_seligFmt/coord_seligFmt/naca2415.dat,True,35,257,0.14993186291793514,0.29737934299750507,0.019987725805040324,0.40245483899193585,0.0032
naca2418,naca2418.npz,/home/vipuser/Meri-FID-Gate-Airfoil/data/airfoil/raw/uiuc/coord_seligFmt/coord_seligFmt/naca2418.dat,True,35,257,0.17991089766191515,0.29737934299750507,0.019987725805040317,0.40245483899193585,0.0038
naca2421,naca2421.npz,/home/vipuser/Meri-FID-Gate-Airfoil/data/airfoil/raw/uiuc/coord_seligFmt/coord_seligFmt/naca2421.dat,True,35,257,0.20990565634791017,0.29737934299750507,0.01998895322453629,0.40245483899193585,0.0044
naca2424,naca2424.npz,/home/vipuser/Meri-FID-Gate-Airfoil/data/airfoil/raw/uiuc/coord_seligFmt/coord_seligFmt/naca2424.dat,True,35,257,0.24000601856624887,0.29737934299750507,0.01998920024867845,0.40245483899193585,0.0
naca4412,naca4412.npz,/home/vipuser/Meri-FID-Gate-Airfoil/data/airfoil/raw/uiuc/coord_seligFmt/coord_seligFmt/naca4412.dat,True,35,257,0.12014234554594512,0.29737934299750507,0.039974224190584676,0.40245483899193585,0.0026
naca4415,naca4415.npz,/home/vipuser/Meri-FID-Gate-Airfoil/data/airfoil/raw/uiuc/coord_seligFmt/coord_seligFmt/naca4415.dat,True,97,257,0.14993999539279854,0.3086582838174551,0.039646836633432304,0.40245483899193585,0.0
naca4418,naca4418.npz,/home/vipuser/Meri-FID-Gate-Airfoil/data/airfoil/raw/uiuc/coord_seligFmt/coord_seligFmt/naca4418.dat,True,35,257,0.18013186291793512,0.29737934299750507,0.03997913386856855,0.40245483899193585,0.0038
naca4421,naca4421.npz,/home/vipuser/Meri-FID-Gate-Airfoil/data/airfoil/raw/uiuc/coord_seligFmt/coord_seligFmt/naca4421.dat,True,35,257,0.21017944977788522,0.29737934299750507,0.039980361288064516,0.40245483899193585,0.0044
naca4424,naca4424.npz,/home/vipuser/Meri-FID-Gate-Airfoil/data/airfoil/raw/uiuc/coord_seligFmt/coord_seligFmt/naca4424.dat,True,35,257,0.24009207263353025,0.29178521995118134,0.03997837811166616,0.40245483899193585,0.0
naca63206,naca63206.npz,/home/vipuser/Meri-FID-Gate-Airfoil/data/airfoil/raw/uiuc/coord_seligFmt/coord_seligFmt/naca63206.dat,True,51,257,0.05998854071845018,0.3489970253403859,0.01103,0.49999999999999994,0.0
naca63209,naca63209.npz,/home/vipuser/Meri-FID-Gate-Airfoil/data/airfoil/raw/uiuc/coord_seligFmt/coord_seligFmt/naca63209.dat,True,51,257,0.08998698064981754,0.3489970253403859,0.011029999999999996,0.49999999999999994,0.0
naca632615,naca632615.npz,/home/vipuser/Meri-FID-Gate-Airfoil/data/airfoil/raw/uiuc/coord_seligFmt/coord_seligFmt/naca632615.dat,True,51,257,0.15000287832695375,0.3489970253403859,0.033089999999999994,0.49999999999999994,0.0
naca632a015,naca632a015.npz,/home/vipuser/Meri-FID-Gate-Airfoil/data/airfoil/raw/uiuc/coord_seligFmt/coord_seligFmt/naca632a015.dat,True,97,257,0.14985235410337774,0.3666436212625508,0.0169449848431235,0.1464466094067262,0.0
naca633018,naca633018.npz,/home/vipuser/Meri-FID-Gate-Airfoil/data/airfoil/raw/uiuc/coord_seligFmt/coord_seligFmt/naca633018.dat,True,97,257,0.1800742732879041,0.3373448539188685,0.0,0.0,0.0
naca633218,naca633218.npz,/home/vipuser/Meri-FID-Gate-Airfoil/data/airfoil/raw/uiuc/coord_seligFmt/coord_seligFmt/naca633218.dat,True,51,257,0.17998529276091035,0.3489970253403859,0.011344623559508986,0.2482308081371412,0.0
naca633418,naca633418.npz,/home/vipuser/Meri-FID-Gate-Airfoil/data/airfoil/raw/uiuc/coord_seligFmt/coord_seligFmt/naca633418.dat,True,97,257,0.17991174533743887,0.3373448539188685,0.022045,0.49999999999999994,0.0
naca633618,naca633618.npz,/home/vipuser/Meri-FID-Gate-Airfoil/data/airfoil/raw/uiuc/coord_seligFmt/coord_seligFmt/naca633618.dat,True,51,257,0.1799729602815652,0.3489970253403859,0.033089999999999994,0.49999999999999994,0.0
naca634221,naca634221.npz,/home/vipuser/Meri-FID-Gate-Airfoil/data/airfoil/raw/uiuc/coord_seligFmt/coord_seligFmt/naca634221.dat,True,51,257,0.20996685275673266,0.3489970253403859,0.011029999999999991,0.49999999999999994,0.0
naca634421,naca634421.npz,/home/vipuser/Meri-FID-Gate-Airfoil/data/airfoil/raw/uiuc/coord_seligFmt/coord_seligFmt/naca634421.dat,True,51,257,0.2099496221112374,0.3489970253403859,0.022059999999999996,0.49999999999999994,0.0
naca63a210,naca63a210.npz,/home/vipuser/Meri-FID-Gate-Airfoil/data/airfoil/raw/uiuc/coord_seligFmt/coord_seligFmt/naca63a210.dat,True,52,257,0.09988649490591994,0.3489970253403859,0.013276631918368871,0.49386423085714004,0.00042
naca641112,naca641112.npz,/home/vipuser/Meri-FID-Gate-Airfoil/data/airfoil/raw/uiuc/coord_seligFmt/coord_seligFmt/naca641112.dat,True,51,257,0.11961738844339845,0.39644431190389073,0.005519999999999997,0.49999999999999994,0.0
naca6412,naca6412.npz,/home/vipuser/Meri-FID-Gate-Airfoil/data/airfoil/raw/uiuc/coord_seligFmt/coord_seligFmt/naca6412.dat,True,62,257,0.12039334772013575,0.29178521995118134,0.05947775978724491,0.39644431190389073,0.001239380232422524
naca64206,naca64206.npz,/home/vipuser/Meri-FID-Gate-Airfoil/data/airfoil/raw/uiuc/coord_seligFmt/coord_seligFmt/naca64206.dat,True,51,257,0.05988331857850565,0.39644431190389073,0.011030000000000002,0.49999999999999994,0.0
naca64208,naca64208.npz,/home/vipuser/Meri-FID-Gate-Airfoil/data/airfoil/raw/uiuc/coord_seligFmt/coord_seligFmt/naca64208.dat,True,51,257,0.07982592242607625,0.39644431190389073,0.01103,0.49999999999999994,0.0
naca64209,naca64209.npz,/home/vipuser/Meri-FID-Gate-Airfoil/data/airfoil/raw/uiuc/coord_seligFmt/coord_seligFmt/naca64209.dat,True,51,257,0.08978928198776934,0.39644431190389073,0.011029999999999998,0.49999999999999994,0.0
naca64210,naca64210.npz,/home/vipuser/Meri-FID-Gate-Airfoil/data/airfoil/raw/uiuc/coord_seligFmt/coord_seligFmt/naca64210.dat,True,51,257,0.09975406451304647,0.39644431190389073,0.011030000000000002,0.49999999999999994,0.0
naca642215,naca642215.npz,/home/vipuser/Meri-FID-Gate-Airfoil/data/airfoil/raw/uiuc/coord_seligFmt/coord_seligFmt/naca642215.dat,True,51,257,0.14963424785495816,0.35485766137276886,0.011029999999999998,0.49999999999999994,0.0
naca642415,naca642415.npz,/home/vipuser/Meri-FID-Gate-Airfoil/data/airfoil/raw/uiuc/coord_seligFmt/coord_seligFmt/naca642415.dat,True,51,257,0.1496491602521018,0.35485766137276886,0.02206,0.49999999999999994,0.0
naca643218,naca643218.npz,/home/vipuser/Meri-FID-Gate-Airfoil/data/airfoil/raw/uiuc/coord_seligFmt/coord_seligFmt/naca643218.dat,True,51,257,0.17954154690298352,0.35485766137276886,0.011029999999999998,0.49999999999999994,0.0
naca643418,naca643418.npz,/home/vipuser/Meri-FID-Gate-Airfoil/data/airfoil/raw/uiuc/coord_seligFmt/coord_seligFmt/naca643418.dat,True,50,257,0.17954578976312363,0.35485766137276886,0.022059999999999996,0.49999999999999994,0.0
naca643618,naca643618.npz,/home/vipuser/Meri-FID-Gate-Airfoil/data/airfoil/raw/uiuc/coord_seligFmt/coord_seligFmt/naca643618.dat,True,51,257,0.17957791982312007,0.35485766137276886,0.033089999999999994,0.49999999999999994,0.0
naca644221,naca644221.npz,/home/vipuser/Meri-FID-Gate-Airfoil/data/airfoil/raw/uiuc/coord_seligFmt/coord_seligFmt/naca644221.dat,True,51,257,0.20953688734705073,0.3489970253403859,0.011029999999999991,0.49999999999999994,0.0
naca644421,naca644421.npz,/home/vipuser/Meri-FID-Gate-Airfoil/data/airfoil/raw/uiuc/coord_seligFmt/coord_seligFmt/naca644421.dat,True,51,257,0.20955066275637096,0.35485766137276886,0.02205999999999999,0.49999999999999994,0.0
naca64a010,naca64a010.npz,/home/vipuser/Meri-FID-Gate-Airfoil/data/airfoil/raw/uiuc/coord_seligFmt/coord_seligFmt/naca64a010.dat,True,111,257,0.09986917188599048,0.39644431190389073,0.0,0.0,0.0
naca64a210,naca64a210.npz,/home/vipuser/Meri-FID-Gate-Airfoil/data/airfoil/raw/uiuc/coord_seligFmt/coord_seligFmt/naca64a210.dat,True,51,257,0.09987179157777973,0.39644431190389073,0.013296845284300352,0.49999999999999994,0.00042
naca64a410,naca64a410.npz,/home/vipuser/Meri-FID-Gate-Airfoil/data/airfoil/raw/uiuc/coord_seligFmt/coord_seligFmt/naca64a410.dat,True,51,257,0.09988091803733157,0.39644431190389073,0.02659399697785699,0.49999999999999994,0.00042
naca651212,naca651212.npz,/home/vipuser/Meri-FID-Gate-Airfoil/data/airfoil/raw/uiuc/coord_seligFmt/coord_seligFmt/naca651212.dat,True,51,257,0.11989654608227487,0.40245483899193585,0.011029999999999998,0.49999999999999994,0.0
naca651212a06,naca651212a06.npz,/home/vipuser/Meri-FID-Gate-Airfoil/data/airfoil/raw/uiuc/coord_seligFmt/coord_seligFmt/naca651212a06.dat,True,51,257,0.11989804790572595,0.40245483899193585,0.014748633618018498,0.49999999999999994,0.0
naca651412,naca651412.npz,/home/vipuser/Meri-FID-Gate-Airfoil/data/airfoil/raw/uiuc/coord_seligFmt/coord_seligFmt/naca651412.dat,True,51,257,0.11990739678628788,0.40245483899193585,0.022060000000000003,0.49999999999999994,0.0
naca65206,naca65206.npz,/home/vipuser/Meri-FID-Gate-Airfoil/data/airfoil/raw/uiuc/coord_seligFmt/coord_seligFmt/naca65206.dat,True,51,257,0.05994705455648737,0.40245483899193585,0.011030000000000002,0.49999999999999994,0.0
naca65209,naca65209.npz,/home/vipuser/Meri-FID-Gate-Airfoil/data/airfoil/raw/uiuc/coord_seligFmt/coord_seligFmt/naca65209.dat,True,51,257,0.08989621022141611,0.40245483899193585,0.011030000000000002,0.49999999999999994,0.0
naca65210,naca65210.npz,/home/vipuser/Meri-FID-Gate-Airfoil/data/airfoil/raw/uiuc/coord_seligFmt/coord_seligFmt/naca65210.dat,True,51,257,0.09989060592845733,0.40245483899193585,0.011030000000000002,0.49999999999999994,0.0
naca652215,naca652215.npz,/home/vipuser/Meri-FID-Gate-Airfoil/data/airfoil/raw/uiuc/coord_seligFmt/coord_seligFmt/naca652215.dat,True,51,257,0.1498948413859938,0.40245483899193585,0.011030000000000002,0.49999999999999994,0.0
naca652415,naca652415.npz,/home/vipuser/Meri-FID-Gate-Airfoil/data/airfoil/raw/uiuc/coord_seligFmt/coord_seligFmt/naca652415.dat,True,51,257,0.1498896837475141,0.40245483899193585,0.022045000000000002,0.49999999999999994,0.0
naca652415a05,naca652415a05.npz,/home/vipuser/Meri-FID-Gate-Airfoil/data/airfoil/raw/uiuc/coord_seligFmt/coord_seligFmt/naca652415a05.dat,True,51,257,0.14989832636544642,0.40245483899193585,0.029960134096081368,0.4509914298352196,0.0
naca653218,naca653218.npz,/home/vipuser/Meri-FID-Gate-Airfoil/data/airfoil/raw/uiuc/coord_seligFmt/coord_seligFmt/naca653218.dat,True,51,257,0.1798893300646725,0.40245483899193585,0.011030000000000005,0.49999999999999994,0.0
naca653618,naca653618.npz,/home/vipuser/Meri-FID-Gate-Airfoil/data/airfoil/raw/uiuc/coord_seligFmt/coord_seligFmt/naca653618.dat,True,51,257,0.17989576304281132,0.40245483899193585,0.033089999999999994,0.49999999999999994,0.0
naca65410,naca65410.npz,/home/vipuser/Meri-FID-Gate-Airfoil/data/airfoil/raw/uiuc/coord_seligFmt/coord_seligFmt/naca65410.dat,True,51,257,0.09989963570776972,0.40245483899193585,0.022060000000000003,0.49999999999999994,0.0
naca654221,naca654221.npz,/home/vipuser/Meri-FID-Gate-Airfoil/data/airfoil/raw/uiuc/coord_seligFmt/coord_seligFmt/naca654221.dat,True,51,257,0.20985601275707383,0.40245483899193585,0.011029999999999998,0.49999999999999994,0.0
naca654421,naca654421.npz,/home/vipuser/Meri-FID-Gate-Airfoil/data/airfoil/raw/uiuc/coord_seligFmt/coord_seligFmt/naca654421.dat,True,51,257,0.20985661804302658,0.40245483899193585,0.022059999999999996,0.49999999999999994,0.0
naca654421a05,naca654421a05.npz,/home/vipuser/Meri-FID-Gate-Airfoil/data/airfoil/raw/uiuc/coord_seligFmt/coord_seligFmt/naca654421a05.dat,True,51,257,0.20984273087483812,0.40245483899193585,0.02997349072825725,0.4509914298352196,0.0
naca66-018,naca66-018.npz,/home/vipuser/Meri-FID-Gate-Airfoil/data/airfoil/raw/uiuc/coord_seligFmt/coord_seligFmt/naca66-018.dat,True,59,257,0.1799377919716911,0.4509914298352196,0.00020610544466829854,0.9256775965526326,0.0
naca661212,naca661212.npz,/home/vipuser/Meri-FID-Gate-Airfoil/data/airfoil/raw/uiuc/coord_seligFmt/coord_seligFmt/naca661212.dat,True,51,257,0.1199867258428413,0.4509914298352196,0.011030000000000005,0.49999999999999994,0.0
naca66206,naca66206.npz,/home/vipuser/Meri-FID-Gate-Airfoil/data/airfoil/raw/uiuc/coord_seligFmt/coord_seligFmt/naca66206.dat,True,51,257,0.059994366253302754,0.4509914298352196,0.01103,0.49999999999999994,0.0
naca66209,naca66209.npz,/home/vipuser/Meri-FID-Gate-Airfoil/data/airfoil/raw/uiuc/coord_seligFmt/coord_seligFmt/naca66209.dat,True,51,257,0.08997092508242321,0.4509914298352196,0.011030000000000002,0.49999999999999994,0.0
naca66210,naca66210.npz,/home/vipuser/Meri-FID-Gate-Airfoil/data/airfoil/raw/uiuc/coord_seligFmt/coord_seligFmt/naca66210.dat,True,51,257,0.09998900708830252,0.4509914298352196,0.011030000000000002,0.49999999999999994,0.0
naca662215,naca662215.npz,/home/vipuser/Meri-FID-Gate-Airfoil/data/airfoil/raw/uiuc/coord_seligFmt/coord_seligFmt/naca662215.dat,True,51,257,0.14988292737725056,0.4509914298352196,0.011029999999999998,0.49999999999999994,0.0
naca662415,naca662415.npz,/home/vipuser/Meri-FID-Gate-Airfoil/data/airfoil/raw/uiuc/coord_seligFmt/coord_seligFmt/naca662415.dat,True,51,257,0.1498852469338744,0.4509914298352196,0.022060000000000003,0.49999999999999994,0.0
naca663218,naca663218.npz,/home/vipuser/Meri-FID-Gate-Airfoil/data/airfoil/raw/uiuc/coord_seligFmt/coord_seligFmt/naca663218.dat,True,51,257,0.17993873853231757,0.4509914298352196,0.011029999999999998,0.49999999999999994,0.0
naca663418,naca663418.npz,/home/vipuser/Meri-FID-Gate-Airfoil/data/airfoil/raw/uiuc/coord_seligFmt/coord_seligFmt/naca663418.dat,True,51,257,0.17994151078931248,0.4509914298352196,0.022059999999999996,0.49999999999999994,0.0
naca664221,naca664221.npz,/home/vipuser/Meri-FID-Gate-Airfoil/data/airfoil/raw/uiuc/coord_seligFmt/coord_seligFmt/naca664221.dat,True,51,257,0.20997491771996796,0.4509914298352196,0.011029999999999998,0.49999999999999994,0.0
naca671215,naca671215.npz,/home/vipuser/Meri-FID-Gate-Airfoil/data/airfoil/raw/uiuc/coord_seligFmt/coord_seligFmt/naca671215.dat,True,51,257,0.14994,0.49999999999999994,0.011029999999999998,0.49999999999999994,0.0
naca747a315,naca747a315.npz,/home/vipuser/Meri-FID-Gate-Airfoil/data/airfoil/raw/uiuc/coord_seligFmt/coord_seligFmt/naca747a315.dat,True,51,257,0.14981091292828658,0.39644431190389073,0.02527084884273205,0.3489970253403859,0.0
naca747a415,naca747a415.npz,/home/vipuser/Meri-FID-Gate-Airfoil/data/airfoil/raw/uiuc/coord_seligFmt/coord_seligFmt/naca747a415.dat,True,51,257,0.14981020730469927,0.39644431190389073,0.030429994650066915,0.3489970253403859,0.0
nacacyh,nacacyh.npz,/home/vipuser/Meri-FID-Gate-Airfoil/data/airfoil/raw/uiuc/coord_seligFmt/coord_seligFmt/nacacyh.dat,True,33,257,0.11690988060091573,0.3030039799694759,0.028198222155951948,0.39644431190389073,0.0020000000000000018
nacam12,nacam12.npz,/home/vipuser/Meri-FID-Gate-Airfoil/data/airfoil/raw/uiuc/coord_seligFmt/coord_seligFmt/nacam12.dat,True,33,257,0.11926695622033577,0.3030039799694759,0.019839486070106833,0.3030039799694759,0.004
nacam18,nacam18.npz,/home/vipuser/Meri-FID-Gate-Airfoil/data/airfoil/raw/uiuc/coord_seligFmt/coord_seligFmt/nacam18.dat,True,33,257,0.11956695622033578,0.3030039799694759,0.040762537116482284,0.3030039799694759,0.004399999999999998
nacam2,nacam2.npz,/home/vipuser/Meri-FID-Gate-Airfoil/data/airfoil/raw/uiuc/coord_seligFmt/coord_seligFmt/nacam2.dat,True,33,257,0.08058197612018315,0.3030039799694759,0.0,0.0,0.004
nacam3,nacam3.npz,/home/vipuser/Meri-FID-Gate-Airfoil/data/airfoil/raw/uiuc/coord_seligFmt/coord_seligFmt/nacam3.dat,True,33,257,0.11896395224036628,0.3030039799694759,0.0,0.0,0.004
nacam6,nacam6.npz,/home/vipuser/Meri-FID-Gate-Airfoil/data/airfoil/raw/uiuc/coord_seligFmt/coord_seligFmt/nacam6.dat,True,35,257,0.12008197612018315,0.3030039799694759,0.02134274516717405,0.29737934299750507,0.0
nasasc2-0714,nasasc2-0714.npz,/home/vipuser/Meri-FID-Gate-Airfoil/data/airfoil/raw/uiuc/coord_seligFmt/coord_seligFmt/nasasc2-0714.dat,True,97,257,0.1393162188653484,0.37256717019774266,0.02547545339084143,0.8027555207021627,0.005899999999999999
ncambre,ncambre.npz,/home/vipuser/Meri-FID-Gate-Airfoil/data/airfoil/raw/uiuc/coord_seligFmt/coord_seligFmt/ncambre.dat,True,79,257,0.11518299679156349,0.3143414030240812,0.013798217843512955,0.15969950110227343,0.0023996
nl722343,nl722343.npz,/home/vipuser/Meri-FID-Gate-Airfoil/data/airfoil/raw/uiuc/coord_seligFmt/coord_seligFmt/nl722343.dat,True,136,257,0.0861134627817009,0.378509910048368,0.013469795594988954,0.7410918860395613,0.0
nl722362,nl722362.npz,/home/vipuser/Meri-FID-Gate-Airfoil/data/airfoil/raw/uiuc/coord_seligFmt/coord_seligFmt/nl722362.dat,True,132,257,0.08613830950442468,0.378509910048368,0.012516411486237654,0.21713409460819338,0.0
nlf0115,nlf0115.npz,/home/vipuser/Meri-FID-Gate-Airfoil/data/airfoil/raw/uiuc/coord_seligFmt/coord_seligFmt/nlf0115.dat,True,61,257,0.14960736800401392,0.4387946624003919,0.018303152417326916,0.29737934299750507,0.0
nlf0215f,nlf0215f.npz,/home/vipuser/Meri-FID-Gate-Airfoil/data/airfoil/raw/uiuc/coord_seligFmt/coord_seligFmt/nlf0215f.dat,True,61,257,0.14972491011886252,0.378509910048368,0.03962351022757296,0.4205709283330693,0.0
nlf1015,nlf1015.npz,/home/vipuser/Meri-FID-Gate-Airfoil/data/airfoil/raw/uiuc/coord_seligFmt/coord_seligFmt/nlf1015.dat,True,61,257,0.14991787409604534,0.40245483899193585,0.04681212795815837,0.5854809443801506,0.0
nlf414f,nlf414f.npz,/home/vipuser/Meri-FID-Gate-Airfoil/data/airfoil/raw/uiuc/coord_seligFmt/coord_seligFmt/nlf414f.dat,True,82,257,0.14168435687755465,0.4632177182001663,0.02412585288807716,0.5367822817998337,0.00039179569024740726
nlf415,nlf415.npz,/home/vipuser/Meri-FID-Gate-Airfoil/data/airfoil/raw/uiuc/coord_seligFmt/coord_seligFmt/nlf415.dat,True,131,257,0.1501424783042354,0.4632177182001663,0.029565133416419847,0.7137775467151409,0.0
nlf416,nlf416.npz,/home/vipuser/Meri-FID-Gate-Airfoil/data/airfoil/raw/uiuc/coord_seligFmt/coord_seligFmt/nlf416.dat,True,61,257,0.15952341298589867,0.3200524817325059,0.02192304520731732,0.3489970253403859,0.0
nlr1t,nlr1t.npz,/home/vipuser/Meri-FID-Gate-Airfoil/data/airfoil/raw/uiuc/coord_seligFmt/coord_seligFmt/nlr1t.dat,True,65,257,0.08700578254068358,0.38447094585966435,0.012619096754713956,0.22221488349019886,0.00208
nlr7301,nlr7301.npz,/home/vipuser/Meri-FID-Gate-Airfoil/data/airfoil/raw/uiuc/coord_seligFmt/coord_seligFmt/nlr7301.dat,True,79,257,0.16514870719062005,0.3489970253403859,0.016616107777901706,0.7517691918628587,0.0011
nn7mk20,nn7mk20.npz,/home/vipuser/Meri-FID-Gate-Airfoil/data/airfoil/raw/uiuc/coord_seligFmt/coord_seligFmt/nn7mk20.dat,True,97,257,0.168515388895982,0.37256717019774266,0.030324990259074765,0.5975451610080641,0.0
npl9510,npl9510.npz,/home/vipuser/Meri-FID-Gate-Airfoil/data/airfoil/raw/uiuc/coord_seligFmt/coord_seligFmt/npl9510.dat,True,101,257,0.11075897470938813,0.3200524817325059,0.01624385270627975,0.7978496522462166,0.00488
npl9615,npl9615.npz,/home/vipuser/Meri-FID-Gate-Airfoil/data/airfoil/raw/uiuc/coord_seligFmt/coord_seligFmt/npl9615.dat,True,105,257,0.11299173566221073,0.3431591298005542,0.010113767179414063,0.20215034775378327,0.00025999974000026
npl9626,npl9626.npz,/home/vipuser/Meri-FID-Gate-Airfoil/data/airfoil/raw/uiuc/coord_seligFmt/coord_seligFmt/npl9626.dat,True,83,257,0.12063666759667954,0.3086582838174551,0.007262126486332971,0.3086582838174551,0.0025198
npl9627,npl9627.npz,/home/vipuser/Meri-FID-Gate-Airfoil/data/airfoil/raw/uiuc/coord_seligFmt/coord_seligFmt/npl9627.dat,True,83,257,0.12157314687542607,0.3086582838174551,0.009040716307799554,0.40245483899193585,0.0025196
npl9660,npl9660.npz,/home/vipuser/Meri-FID-Gate-Airfoil/data/airfoil/raw/uiuc/coord_seligFmt/coord_seligFmt/npl9660.dat,True,113,257,0.11299185159915244,0.3431591298005542,0.010113777412696753,0.20215034775378327,0.0025998
nplx,nplx.npz,/home/vipuser/Meri-FID-Gate-Airfoil/data/airfoil/raw/uiuc/coord_seligFmt/coord_seligFmt/nplx.dat,True,67,257,0.10663057261909023,0.3607401553074735,0.010755480780504919,0.7410918860395613,0.0
oa206,oa206.npz,/home/vipuser/Meri-FID-Gate-Airfoil/data/airfoil/raw/uiuc/coord_seligFmt/coord_seligFmt/oa206.dat,True,113,257,0.06007151283135195,0.3143414030240812,0.00842287676636195,0.1923842047096866,0.0033480000000000003
oa209,oa209.npz,/home/vipuser/Meri-FID-Gate-Airfoil/data/airfoil/raw/uiuc/coord_seligFmt/coord_seligFmt/oa209.dat,True,113,257,0.09009068791785318,0.29737934299750507,0.015559637010063505,0.1687921112049141,0.005023
oa212,oa212.npz,/home/vipuser/Meri-FID-Gate-Airfoil/data/airfoil/raw/uiuc/coord_seligFmt/coord_seligFmt/oa212.dat,True,113,257,0.12009231193739044,0.3143414030240812,0.0229131302747601,0.3143414030240812,0.006699999999999999
oa213,oa213.npz,/home/vipuser/Meri-FID-Gate-Airfoil/data/airfoil/raw/uiuc/coord_seligFmt/coord_seligFmt/oa213.dat,True,113,257,0.12566602503510535,0.3257906598752828,0.033181156943914804,0.2535509038851079,0.004216
oaf095,oaf095.npz,/home/vipuser/Meri-FID-Gate-Airfoil/data/airfoil/raw/uiuc/coord_seligFmt/coord_seligFmt/oaf095.dat,True,101,257,0.09476686212048718,0.23250119005645137,0.03917659617379604,0.5306603681511043,0.005153
oaf102,oaf102.npz,/home/vipuser/Meri-FID-Gate-Airfoil/data/airfoil/raw/uiuc/coord_seligFmt/coord_seligFmt/oaf102.dat,True,101,257,0.10170176738457148,0.2862224532848589,0.036322620425299434,0.5306603681511043,0.010017999999999999
oaf117,oaf117.npz,/home/vipuser/Meri-FID-Gate-Airfoil/data/airfoil/raw/uiuc/coord_seligFmt/coord_seligFmt/oaf117.dat,True,101,257,0.1146681757111808,0.23250119005645137,0.020279347224668662,0.4632177182001663,0.009973
oaf128,oaf128.npz,/home/vipuser/Meri-FID-Gate-Airfoil/data/airfoil/raw/uiuc/coord_seligFmt/coord_seligFmt/oaf128.dat,True,101,257,0.12785441092914854,0.23250119005645137,0.010132650410045713,0.4387946624003919,0.010653
oaf139,oaf139.npz,/home/vipuser/Meri-FID-Gate-Airfoil/data/airfoil/raw/uiuc/coord_seligFmt/coord_seligFmt/oaf139.dat,True,101,257,0.1367078302653344,0.23250119005645137,0.013040994809639592,0.46933963184889566,0.009757
p51droot,p51droot.npz,/home/vipuser/Meri-FID-Gate-Airfoil/data/airfoil/raw/uiuc/coord_seligFmt/coord_seligFmt/p51droot.dat,True,41,257,0.165040658170807,0.38447094585966435,0.012625038521781165,0.6856585969759188,0.0
p51dtip,p51dtip.npz,/home/vipuser/Meri-FID-Gate-Airfoil/data/airfoil/raw/uiuc/coord_seligFmt/coord_seligFmt/p51dtip.dat,True,41,257,0.11416864614719464,0.4632177182001663,0.013000269666761398,0.4632177182001663,0.0
p51hroot,p51hroot.npz,/home/vipuser/Meri-FID-Gate-Airfoil/data/airfoil/raw/uiuc/coord_seligFmt/coord_seligFmt/p51hroot.dat,True,97,257,0.1549759558894806,0.4509914298352196,0.013297924418033132,0.47546616283629095,0.0
p51htip,p51htip.npz,/home/vipuser/Meri-FID-Gate-Airfoil/data/airfoil/raw/uiuc/coord_seligFmt/coord_seligFmt/p51htip.dat,True,97,257,0.11997998168984703,0.4509914298352196,0.013297922934509682,0.47546616283629095,0.0
pfcm,pfcm.npz,/home/vipuser/Meri-FID-Gate-Airfoil/data/airfoil/raw/uiuc/coord_seligFmt/coord_seligFmt/pfcm.dat,True,51,257,0.08189799880713501,0.39644431190389073,0.013297499999999997,0.49999999999999994,0.00261
pmc19sm,pmc19sm.npz,/home/vipuser/Meri-FID-Gate-Airfoil/data/airfoil/raw/uiuc/coord_seligFmt/coord_seligFmt/pmc19sm.dat,True,79,257,0.0919257184087358,0.3431591298005542,0.021314956759458728,0.17341357852311162,0.00198
prandtl-d-centerline,prandtl-d-centerline.npz,/home/vipuser/Meri-FID-Gate-Airfoil/data/airfoil/raw/uiuc/coord_seligFmt/coord_seligFmt/prandtl-d-centerline.dat,True,79,257,0.12047891096552893,0.3086582838174551,0.03461186803771099,0.37256717019774266,0.0
prandtl-d-wingtip,prandtl-d-wingtip.npz,/home/vipuser/Meri-FID-Gate-Airfoil/data/airfoil/raw/uiuc/coord_seligFmt/coord_seligFmt/prandtl-d-wingtip.dat,True,119,257,0.09631799415473796,0.26973064452088,0.0006716898480915207,0.9595569258450289,0.0
psu-90-125wl,psu-90-125wl.npz,/home/vipuser/Meri-FID-Gate-Airfoil/data/airfoil/raw/uiuc/coord_seligFmt/coord_seligFmt/psu-90-125wl.dat,True,61,257,0.12534385425991992,0.3431591298005542,0.023991203505093733,0.49386423085714004,0.0
psu94097,psu94097.npz,/home/vipuser/Meri-FID-Gate-Airfoil/data/airfoil/raw/uiuc/coord_seligFmt/coord_seligFmt/psu94097.dat,True,65,257,0.09699442764893415,0.3257906598752828,0.04047001444054842,0.4632177182001663,0.003280065601312026
pt40,pt40.npz,/home/vipuser/Meri-FID-Gate-Airfoil/data/airfoil/raw/uiuc/coord_seligFmt/coord_seligFmt/pt40.dat,True,79,257,0.11594243456851525,0.26973064452088,0.029225909449242252,0.4145190556198493,0.002704
r1046,r1046.npz,/home/vipuser/Meri-FID-Gate-Airfoil/data/airfoil/raw/uiuc/coord_seligFmt/coord_seligFmt/r1046.dat,True,119,257,0.18095481612670072,0.378509910048368,0.06658512075129508,0.4205709283330693,0.0
r1080,r1080.npz,/home/vipuser/Meri-FID-Gate-Airfoil/data/airfoil/raw/uiuc/coord_seligFmt/coord_seligFmt/r1080.dat,True,119,257,0.17994890883006653,0.40245483899193585,0.033004873148494956,0.40245483899193585,0.0
r1082,r1082.npz,/home/vipuser/Meri-FID-Gate-Airfoil/data/airfoil/raw/uiuc/coord_seligFmt/coord_seligFmt/r1082.dat,True,119,257,0.17996530841439312,0.39644431190389073,0.0337947089439865,0.39644431190389073,0.0
r1082t,r1082t.npz,/home/vipuser/Meri-FID-Gate-Airfoil/data/airfoil/raw/uiuc/coord_seligFmt/coord_seligFmt/r1082t.dat,True,119,257,0.15992450608409148,0.39644431190389073,0.029960340648739307,0.39644431190389073,0.0
r1145ms,r1145ms.npz,/home/vipuser/Meri-FID-Gate-Airfoil/data/airfoil/raw/uiuc/coord_seligFmt/coord_seligFmt/r1145ms.dat,True,175,257,0.1879506004177359,0.3489970253403859,0.04359495935950696,0.49386423085714004,0.0030884
r1145msf,r1145msf.npz,/home/vipuser/Meri-FID-Gate-Airfoil/data/airfoil/raw/uiuc/coord_seligFmt/coord_seligFmt/r1145msf.dat,True,95,257,0.2947646617904547,0.20215034775378327,0.047815866914790874,0.3257906598752828,0.008679540212570606
r1145msm,r1145msm.npz,/home/vipuser/Meri-FID-Gate-Airfoil/data/airfoil/raw/uiuc/coord_seligFmt/coord_seligFmt/r1145msm.dat,True,147,257,0.26108837263172713,0.48772938573854385,0.04030350710967951,0.8027555207021627,0.0064030379839682405
r140,r140.npz,/home/vipuser/Meri-FID-Gate-Airfoil/data/airfoil/raw/uiuc/coord_seligFmt/coord_seligFmt/r140.dat,True,93,257,0.11998052755144586,0.39044937992156514,0.00463943636793274,0.4205709283330693,0.0
r140sm,r140sm.npz,/home/vipuser/Meri-FID-Gate-Airfoil/data/airfoil/raw/uiuc/coord_seligFmt/coord_seligFmt/r140sm.dat,True,93,257,0.12038356716898588,0.39044937992156514,0.004373316376712382,0.39044937992156514,0.0
rae100,rae100.npz,/home/vipuser/Meri-FID-Gate-Airfoil/data/airfoil/raw/uiuc/coord_seligFmt/coord_seligFmt/rae100.dat,True,171,257,0.09995513967368261,0.2643016315870011,0.0,0.0,0.0
rae101,rae101.npz,/home/vipuser/Meri-FID-Gate-Airfoil/data/airfoil/raw/uiuc/coord_seligFmt/coord_seligFmt/rae101.dat,True,171,257,0.09993409482603968,0.3030039799694759,0.0,0.0,0.0
rae102,rae102.npz,/home/vipuser/Meri-FID-Gate-Airfoil/data/airfoil/raw/uiuc/coord_seligFmt/coord_seligFmt/rae102.dat,True,171,257,0.09998885766137278,0.35485766137276886,0.0,0.0,0.0
rae103,rae103.npz,/home/vipuser/Meri-FID-Gate-Airfoil/data/airfoil/raw/uiuc/coord_seligFmt/coord_seligFmt/rae103.dat,True,171,257,0.09996893329357116,0.39644431190389073,0.0,0.0,0.0
rae104,rae104.npz,/home/vipuser/Meri-FID-Gate-Airfoil/data/airfoil/raw/uiuc/coord_seligFmt/coord_seligFmt/rae104.dat,True,171,257,0.09999640315150167,0.4205709283330693,0.0,0.0,0.0
rae2822,rae2822.npz,/home/vipuser/Meri-FID-Gate-Airfoil/data/airfoil/raw/uiuc/coord_seligFmt/coord_seligFmt/rae2822.dat,True,129,257,0.12110699857762935,0.378509910048368,0.012641998860415993,0.7570513720966108,0.0
rae5212,rae5212.npz,/home/vipuser/Meri-FID-Gate-Airfoil/data/airfoil/raw/uiuc/coord_seligFmt/coord_seligFmt/rae5212.dat,True,83,257,0.11945993115729361,0.35485766137276886,0.018329981429945408,0.6913417161825448,0.0
rae5213,rae5213.npz,/home/vipuser/Meri-FID-Gate-Airfoil/data/airfoil/raw/uiuc/coord_seligFmt/coord_seligFmt/rae5213.dat,True,83,257,0.09949999291325082,0.35485766137276886,0.014439986459335197,0.6913417161825448,0.0
rae5214,rae5214.npz,/home/vipuser/Meri-FID-Gate-Airfoil/data/airfoil/raw/uiuc/coord_seligFmt/coord_seligFmt/rae5214.dat,True,83,257,0.09666999595042904,0.35485766137276886,0.014359989554344296,0.6913417161825448,0.0
rae5215,rae5215.npz,/home/vipuser/Meri-FID-Gate-Airfoil/data/airfoil/raw/uiuc/coord_seligFmt/coord_seligFmt/rae5215.dat,True,83,257,0.09651997975214519,0.35485766137276886,0.01496644145422587,0.6913417161825448,0.0038
rae69ck,rae69ck.npz,/home/vipuser/Meri-FID-Gate-Airfoil/data/airfoil/raw/uiuc/coord_seligFmt/coord_seligFmt/rae69ck.dat,True,129,257,0.12110699857762935,0.378509910048368,0.012641998860415993,0.7570513720966108,0.0
raf15,raf15.npz,/home/vipuser/Meri-FID-Gate-Airfoil/data/airfoil/raw/uiuc/coord_seligFmt/coord_seligFmt/raf15.dat,True,31,257,0.06489025749645383,0.15081187529551354,0.026032062986283872,0.3030039799694759,0.0
raf19,raf19.npz,/home/vipuser/Meri-FID-Gate-Airfoil/data/airfoil/raw/uiuc/coord_seligFmt/coord_seligFmt/raf19.dat,True,33,257,0.10492893218813454,0.1464466094067262,0.10136088743094279,0.39644431190389073,0.0
raf25,raf25.npz,/home/vipuser/Meri-FID-Gate-Airfoil/data/airfoil/raw/uiuc/coord_seligFmt/coord_seligFmt/raf25.dat,True,33,257,0.06472833132726993,0.3030039799694759,0.010393224732584746,0.49999999999999994,0.0
raf26,raf26.npz,/home/vipuser/Meri-FID-Gate-Airfoil/data/airfoil/raw/uiuc/coord_seligFmt/coord_seligFmt/raf26.dat,True,33,257,0.06611915742394567,0.29737934299750507,0.021359972594840963,0.49999999999999994,0.0
raf27,raf27.npz,/home/vipuser/Meri-FID-Gate-Airfoil/data/airfoil/raw/uiuc/coord_seligFmt/coord_seligFmt/raf27.dat,True,33,257,0.09753992040061049,0.3030039799694759,0.0,0.0,0.0
raf28,raf28.npz,/home/vipuser/Meri-FID-Gate-Airfoil/data/airfoil/raw/uiuc/coord_seligFmt/coord_seligFmt/raf28.dat,True,33,257,0.09812790448073258,0.3030039799694759,0.019286498385544353,0.40245483899193585,0.0
raf30,raf30.npz,/home/vipuser/Meri-FID-Gate-Airfoil/data/airfoil/raw/uiuc/coord_seligFmt/coord_seligFmt/raf30.dat,True,31,257,0.12632790448073258,0.3030039799694759,0.0,0.0,0.0
raf30md,raf30md.npz,/home/vipuser/Meri-FID-Gate-Airfoil/data/airfoil/raw/uiuc/coord_seligFmt/coord_seligFmt/raf30md.dat,True,29,257,0.07595193632048838,0.3030039799694759,0.0,0.0,0.0
raf31,raf31.npz,/home/vipuser/Meri-FID-Gate-Airfoil/data/airfoil/raw/uiuc/coord_seligFmt/coord_seligFmt/raf31.dat,True,35,257,0.12728584876115992,0.3030039799694759,0.020700000000000003,0.49999999999999994,0.0
raf32,raf32.npz,/home/vipuser/Meri-FID-Gate-Airfoil/data/airfoil/raw/uiuc/coord_seligFmt/coord_seligFmt/raf32.dat,True,25,257,0.12671588856085467,0.3030039799694759,0.0501,0.49999999999999994,0.0
raf32md,raf32md.npz,/home/vipuser/Meri-FID-Gate-Airfoil/data/airfoil/raw/uiuc/coord_seligFmt/coord_seligFmt/raf32md.dat,True,29,257,0.10153391244067153,0.3030039799694759,0.03955,0.49999999999999994,0.0
raf33,raf33.npz,/home/vipuser/Meri-FID-Gate-Airfoil/data/airfoil/raw/uiuc/coord_seligFmt/coord_seligFmt/raf33.dat,True,33,257,0.1263482404006105,0.3030039799694759,0.04682246280862269,0.3030039799694759,0.0
raf34,raf34.npz,/home/vipuser/Meri-FID-Gate-Airfoil/data/airfoil/raw/uiuc/coord_seligFmt/coord_seligFmt/raf34.dat,True,33,257,0.12632790448073256,0.3030039799694759,0.019963952240366283,0.3030039799694759,0.0
raf38,raf38.npz,/home/vipuser/Meri-FID-Gate-Airfoil/data/airfoil/raw/uiuc/coord_seligFmt/coord_seligFmt/raf38.dat,True,25,257,0.12640988060091574,0.3030039799694759,0.025125451610080646,0.40245483899193585,0.0
raf48,raf48.npz,/home/vipuser/Meri-FID-Gate-Airfoil/data/airfoil/raw/uiuc/coord_seligFmt/coord_seligFmt/raf48.dat,True,33,257,0.14947082886131252,0.3030039799694759,0.029344666467855836,0.39644431190389073,0.0
raf6,raf6.npz,/home/vipuser/Meri-FID-Gate-Airfoil/data/airfoil/raw/uiuc/coord_seligFmt/coord_seligFmt/raf6.dat,True,25,257,0.0997745081602442,0.3030039799694759,0.04587803240801221,0.3030039799694759,0.003
raf69,raf69.npz,/home/vipuser/Meri-FID-Gate-Airfoil/data/airfoil/raw/uiuc/coord_seligFmt/coord_seligFmt/raf69.dat,True,25,257,0.20621675722186197,0.3030039799694759,0.01715,0.49999999999999994,0.0
raf6prop_sm,raf6prop_sm.npz,/home/vipuser/Meri-FID-Gate-Airfoil/data/airfoil/raw/uiuc/coord_seligFmt/coord_seligFmt/raf6prop_sm.dat,True,75,257,0.12000872535089463,0.35485766137276886,0.04820210086290869,0.35485766137276886,0.016336743620574797
raf89,raf89.npz,/home/vipuser/Meri-FID-Gate-Airfoil/data/airfoil/raw/uiuc/coord_seligFmt/coord_seligFmt/raf89.dat,True,25,257,0.24978972140213668,0.3030039799694759,0.016399999999999998,0.49999999999999994,0.0
rc0864c,rc0864c.npz,/home/vipuser/Meri-FID-Gate-Airfoil/data/airfoil/raw/uiuc/coord_seligFmt/coord_seligFmt/rc0864c.dat,True,69,257,0.0799642802610086,0.40245483899193585,0.009998487217707972,0.3489970253403859,0.0016
rc08b3,rc08b3.npz,/home/vipuser/Meri-FID-Gate-Airfoil/data/airfoil/raw/uiuc/coord_seligFmt/coord_seligFmt/rc08b3.dat,True,65,257,0.07999973775439148,0.378509910048368,0.010846447141947312,0.3431591298005542,0.0018
rc08n1,rc08n1.npz,/home/vipuser/Meri-FID-Gate-Airfoil/data/airfoil/raw/uiuc/coord_seligFmt/coord_seligFmt/rc08n1.dat,True,83,257,0.08015504150466946,0.378509910048368,0.01556857578419508,0.2535509038851079,0.00128
rc1064c,rc1064c.npz,/home/vipuser/Meri-FID-Gate-Airfoil/data/airfoil/raw/uiuc/coord_seligFmt/coord_seligFmt/rc1064c.dat,True,65,257,0.09995401128087769,0.40245483899193585,0.009996916547356509,0.3489970253403859,0.002
rc10b3,rc10b3.npz,/home/vipuser/Meri-FID-Gate-Airfoil/data/airfoil/raw/uiuc/coord_seligFmt/coord_seligFmt/rc10b3.dat,True,65,257,0.09972719884187936,0.378509910048368,0.0168148859985225,0.3030039799694759,0.002
rc10n1,rc10n1.npz,/home/vipuser/Meri-FID-Gate-Airfoil/data/airfoil/raw/uiuc/coord_seligFmt/coord_seligFmt/rc10n1.dat,True,83,257,0.10010511909223249,0.378509910048368,0.014928519684958341,0.2535509038851079,0.00159
rc1264c,rc1264c.npz,/home/vipuser/Meri-FID-Gate-Airfoil/data/airfoil/raw/uiuc/coord_seligFmt/coord_seligFmt/rc1264c.dat,True,53,257,0.11994631582856576,0.40245483899193585,0.009997429877308672,0.3489970253403859,0.0024
rc12b3,rc12b3.npz,/home/vipuser/Meri-FID-Gate-Airfoil/data/airfoil/raw/uiuc/coord_seligFmt/coord_seligFmt/rc12b3.dat,True,65,257,0.1199465350715577,0.38447094585966435,0.022205376297548474,0.3431591298005542,0.0025
rc12n1,rc12n1.npz,/home/vipuser/Meri-FID-Gate-Airfoil/data/airfoil/raw/uiuc/coord_seligFmt/coord_seligFmt/rc12n1.dat,True,83,257,0.12019803624595352,0.378509910048368,0.013783689811122896,0.29737934299750507,0.0018999
rc410,rc410.npz,/home/vipuser/Meri-FID-Gate-Airfoil/data/airfoil/raw/uiuc/coord_seligFmt/coord_seligFmt/rc410.dat,True,83,257,0.0998001552809581,0.378509910048368,0.021293075068056562,0.3030039799694759,0.001582
rc510,rc510.npz,/home/vipuser/Meri-FID-Gate-Airfoil/data/airfoil/raw/uiuc/coord_seligFmt/coord_seligFmt/rc510.dat,True,83,257,0.09961116862041833,0.378509910048368,0.022058381190715008,0.3030039799694759,0.001583
rcsc2,rcsc2.npz,/home/vipuser/Meri-FID-Gate-Airfoil/data/airfoil/raw/uiuc/coord_seligFmt/coord_seligFmt/rcsc2.dat,True,72,257,0.09969288862380778,0.39644431190389073,0.005291195528707635,0.6274328298022572,0.0021
rg12,rg12.npz,/home/vipuser/Meri-FID-Gate-Airfoil/data/airfoil/raw/uiuc/coord_seligFmt/coord_seligFmt/rg12.dat,True,62,257,0.09256896117140737,0.3143414030240812,0.013839786299504834,0.3431591298005542,0.0
rg12a,rg12a.npz,/home/vipuser/Meri-FID-Gate-Airfoil/data/airfoil/raw/uiuc/coord_seligFmt/coord_seligFmt/rg12a.dat,True,63,257,0.08987826640994559,0.3431591298005542,0.01799524278829366,0.3431591298005542,0.0
rg12a189,rg12a189.npz,/home/vipuser/Meri-FID-Gate-Airfoil/data/airfoil/raw/uiuc/coord_seligFmt/coord_seligFmt/rg12a189.dat,True,63,257,0.08987826640994559,0.3431591298005542,0.01799524278829366,0.3431591298005542,0.0
rg14,rg14.npz,/home/vipuser/Meri-FID-Gate-Airfoil/data/airfoil/raw/uiuc/coord_seligFmt/coord_seligFmt/rg14.dat,True,62,257,0.08466800258107214,0.29737934299750507,0.01582229680070657,0.39044937992156514,0.0
rg1410,rg1410.npz,/home/vipuser/Meri-FID-Gate-Airfoil/data/airfoil/raw/uiuc/coord_seligFmt/coord_seligFmt/rg1410.dat,True,59,257,0.09997700640470525,0.3086582838174551,0.01582843327343918,0.3607401553074735,0.0
rg149,rg149.npz,/home/vipuser/Meri-FID-Gate-Airfoil/data/airfoil/raw/uiuc/coord_seligFmt/coord_seligFmt/rg149.dat,True,59,257,0.08997922265485414,0.3086582838174551,0.015828433273439184,0.3607401553074735,0.0
rg1495,rg1495.npz,/home/vipuser/Meri-FID-Gate-Airfoil/data/airfoil/raw/uiuc/coord_seligFmt/coord_seligFmt/rg1495.dat,True,59,257,0.0949781145297797,0.3086582838174551,0.015828433273439184,0.3607401553074735,0.0
rg14a147,rg14a147.npz,/home/vipuser/Meri-FID-Gate-Airfoil/data/airfoil/raw/uiuc/coord_seligFmt/coord_seligFmt/rg14a147.dat,True,63,257,0.06997133620533151,0.29737934299750507,0.013983227602574885,0.3431591298005542,0.0
rg15,rg15.npz,/home/vipuser/Meri-FID-Gate-Airfoil/data/airfoil/raw/uiuc/coord_seligFmt/coord_seligFmt/rg15.dat,True,62,257,0.08923253385933065,0.3030039799694759,0.01760708612487418,0.39644431190389073,0.0
rg15a111,rg15a111.npz,/home/vipuser/Meri-FID-Gate-Airfoil/data/airfoil/raw/uiuc/coord_seligFmt/coord_seligFmt/rg15a111.dat,True,63,257,0.10995443961866126,0.3030039799694759,0.017963346596313216,0.39644431190389073,0.0
rg15a213,rg15a213.npz,/home/vipuser/Meri-FID-Gate-Airfoil/data/airfoil/raw/uiuc/coord_seligFmt/coord_seligFmt/rg15a213.dat,True,63,257,0.12994477260380843,0.3030039799694759,0.024993041351324508,0.39644431190389073,0.0
rg8,rg8.npz,/home/vipuser/Meri-FID-Gate-Airfoil/data/airfoil/raw/uiuc/coord_seligFmt/coord_seligFmt/rg8.dat,True,61,257,0.10793791820176403,0.3143414030240812,0.0222394309173517,0.6035556880961093,0.0
rhodesg30,rhodesg30.npz,/home/vipuser/Meri-FID-Gate-Airfoil/data/airfoil/raw/uiuc/coord_seligFmt/coord_seligFmt/rhodesg30.dat,True,33,257,0.09736331080196509,0.29737934299750507,0.03203253305499817,0.39644431190389073,0.0
rhodesg32,rhodesg32.npz,/home/vipuser/Meri-FID-Gate-Airfoil/data/airfoil/raw/uiuc/coord_seligFmt/coord_seligFmt/rhodesg32.dat,True,33,257,0.11896855211597006,0.29737934299750507,0.03926004407333089,0.39644431190389073,0.0
rhodesg34,rhodesg34.npz,/home/vipuser/Meri-FID-Gate-Airfoil/data/airfoil/raw/uiuc/coord_seligFmt/coord_seligFmt/rhodesg34.dat,True,33,257,0.14064496620294759,0.29737934299750507,0.046320399642140506,0.39644431190389073,0.0
rhodesg36,rhodesg36.npz,/home/vipuser/Meri-FID-Gate-Airfoil/data/airfoil/raw/uiuc/coord_seligFmt/coord_seligFmt/rhodesg36.dat,True,33,257,0.16223710423194013,0.29737934299750507,0.05348755509166361,0.39644431190389073,0.0
s1010,s1010.npz,/home/vipuser/Meri-FID-Gate-Airfoil/data/airfoil/raw/uiuc/coord_seligFmt/coord_seligFmt/s1010.dat,True,61,257,0.06021360159806633,0.23250119005645137,0.0,0.0,0.0
s1012,s1012.npz,/home/vipuser/Meri-FID-Gate-Airfoil/data/airfoil/raw/uiuc/coord_seligFmt/coord_seligFmt/s1012.dat,True,61,257,0.12020629674537153,0.37256717019774266,0.0,0.0,0.0
s1014,s1014.npz,/home/vipuser/Meri-FID-Gate-Airfoil/data/airfoil/raw/uiuc/coord_seligFmt/coord_seligFmt/s1014.dat,True,61,257,0.16504052131128064,0.4205709283330693,0.0,0.0,0.0
s1016,s1016.npz,/home/vipuser/Meri-FID-Gate-Airfoil/data/airfoil/raw/uiuc/coord_seligFmt/coord_seligFmt/s1016.dat,True,61,257,0.17483038022008462,0.4145190556198493,0.0,0.0,0.0
s1020,s1020.npz,/home/vipuser/Meri-FID-Gate-Airfoil/data/airfoil/raw/uiuc/coord_seligFmt/coord_seligFmt/s1020.dat,True,61,257,0.15093942909106198,0.3373448539188685,0.04996041569423519,0.524533837163709,0.0
s102b,s102b.npz,/home/vipuser/Meri-FID-Gate-Airfoil/data/airfoil/raw/uiuc/coord_seligFmt/coord_seligFmt/s102b.dat,True,65,257,0.14981588090812914,0.40245483899193585,0.019873049303380012,0.6856585969759188,0.002000020000200002
s102s,s102s.npz,/home/vipuser/Meri-FID-Gate-Airfoil/data/airfoil/raw/uiuc/coord_seligFmt/coord_seligFmt/s102s.dat,True,65,257,0.1498158809081291,0.40245483899193585,0.020558714757010467,0.6856585969759188,0.0
s1046,s1046.npz,/home/vipuser/Meri-FID-Gate-Airfoil/data/airfoil/raw/uiuc/coord_seligFmt/coord_seligFmt/s1046.dat,True,61,257,0.16989305775658664,0.3030039799694759,0.0,0.0,0.0
s1048,s1048.npz,/home/vipuser/Meri-FID-Gate-Airfoil/data/airfoil/raw/uiuc/coord_seligFmt/coord_seligFmt/s1048.dat,True,61,257,0.13969003354351353,0.26973064452088,0.0,0.0,0.0
s1091,s1091.npz,/home/vipuser/Meri-FID-Gate-Airfoil/data/airfoil/raw/uiuc/coord_seligFmt/coord_seligFmt/s1091.dat,True,81,257,0.05058870860873883,0.1336728641637936,0.06004658261305793,0.4509914298352196,0.0
s1210,s1210.npz,/home/vipuser/Meri-FID-Gate-Airfoil/data/airfoil/raw/uiuc/coord_seligFmt/coord_seligFmt/s1210.dat,True,81,257,0.12000111744642299,0.21713409460819338,0.07068639502594251,0.512270614261456,0.0
s1221-4deg-flap,s1221-4deg-flap.npz,/home/vipuser/Meri-FID-Gate-Airfoil/data/airfoil/raw/uiuc/coord_seligFmt/coord_seligFmt/s1221-4deg-flap.dat,True,80,257,0.12149725672975925,0.21713409460819338,0.0572142014535857,0.5306603681511043,1.0222477080535503e-08
s1221,s1221.npz,/home/vipuser/Meri-FID-Gate-Airfoil/data/airfoil/raw/uiuc/coord_seligFmt/coord_seligFmt/s1221.dat,True,72,257,0.12120390342538101,0.21713409460819338,0.050331767830212315,0.4509914298352196,-1.335125329425535e-07
s1223,s1223.npz,/home/vipuser/Meri-FID-Gate-Airfoil/data/airfoil/raw/uiuc/coord_seligFmt/coord_seligFmt/s1223.dat,True,81,257,0.12135978588817653,0.19724447929783723,0.08580194707533988,0.49386423085714004,0.0
s1223rtl,s1223rtl.npz,/home/vipuser/Meri-FID-Gate-Airfoil/data/airfoil/raw/uiuc/coord_seligFmt/coord_seligFmt/s1223rtl.dat,True,100,257,0.13507012393777346,0.19724447929783723,0.08430334424742157,0.5306603681511043,0.0
s2027,s2027.npz,/home/vipuser/Meri-FID-Gate-Airfoil/data/airfoil/raw/uiuc/coord_seligFmt/coord_seligFmt/s2027.dat,True,62,257,0.14501558411657384,0.29737934299750507,0.02744140632906592,0.378509910048368,0.0
s2046,s2046.npz,/home/vipuser/Meri-FID-Gate-Airfoil/data/airfoil/raw/uiuc/coord_seligFmt/coord_seligFmt/s2046.dat,True,62,257,0.09016122099180189,0.2862224532848589,0.025885311752258257,0.5551111036469415,0.0
s2048,s2048.npz,/home/vipuser/Meri-FID-Gate-Airfoil/data/airfoil/raw/uiuc/coord_seligFmt/coord_seligFmt/s2048.dat,True,61,257,0.08626670708991127,0.3489970253403859,0.01948888241602883,0.5490085701647803,2.7999999999790345e-09
s2050,s2050.npz,/home/vipuser/Meri-FID-Gate-Airfoil/data/airfoil/raw/uiuc/coord_seligFmt/coord_seligFmt/s2050.dat,True,61,257,0.0893101970745011,0.29737934299750507,0.013731467037516282,0.39044937992156514,0.0
s2055,s2055.npz,/home/vipuser/Meri-FID-Gate-Airfoil/data/airfoil/raw/uiuc/coord_seligFmt/coord_seligFmt/s2055.dat,True,61,257,0.07987157402624318,0.3489970253403859,0.017160307533149285,0.39644431190389073,1.0102222366796532e-08
s2060,s2060.npz,/home/vipuser/Meri-FID-Gate-Airfoil/data/airfoil/raw/uiuc/coord_seligFmt/coord_seligFmt/s2060.dat,True,61,257,0.07998636821391442,0.3030039799694759,0.018913885173717483,0.4448888963530584,0.0
s2062,s2062.npz,/home/vipuser/Meri-FID-Gate-Airfoil/data/airfoil/raw/uiuc/coord_seligFmt/coord_seligFmt/s2062.dat,True,61,257,0.07984573769552789,0.3030039799694759,0.018123375991328357,0.4448888963530584,0.0
s2091,s2091.npz,/home/vipuser/Meri-FID-Gate-Airfoil/data/airfoil/raw/uiuc/coord_seligFmt/coord_seligFmt/s2091.dat,True,61,257,0.10112202138477205,0.25890811396043856,0.04101389234473544,0.39644431190389073,3.123559843415391e-08
s3,s3.npz,/home/vipuser/Meri-FID-Gate-Airfoil/data/airfoil/raw/uiuc/coord_seligFmt/coord_seligFmt/s3.dat,True,37,257,0.10995806948796008,0.29737934299750507,0.018288633745862808,0.15081187529551354,0.0
s3002,s3002.npz,/home/vipuser/Meri-FID-Gate-Airfoil/data/airfoil/raw/uiuc/coord_seligFmt/coord_seligFmt/s3002.dat,True,61,257,0.09946691527202706,0.3030039799694759,0.02777347444015385,0.40245483899193585,0.0
s3010,s3010.npz,/home/vipuser/Meri-FID-Gate-Airfoil/data/airfoil/raw/uiuc/coord_seligFmt/coord_seligFmt/s3010.dat,True,61,257,0.10316992734719642,0.2535509038851079,0.027639763656135616,0.38447094585966435,0.0
s3014,s3014.npz,/home/vipuser/Meri-FID-Gate-Airfoil/data/airfoil/raw/uiuc/coord_seligFmt/coord_seligFmt/s3014.dat,True,61,257,0.09455284772840242,0.29178521995118134,0.025675529261510302,0.38447094585966435,2.999940000902098e-10
s3016,s3016.npz,/home/vipuser/Meri-FID-Gate-Airfoil/data/airfoil/raw/uiuc/coord_seligFmt/coord_seligFmt/s3016.dat,True,61,257,0.09514527077443408,0.29178521995118134,0.021471812370224094,0.38447094585966435,0.0
s3021,s3021.npz,/home/vipuser/Meri-FID-Gate-Airfoil/data/airfoil/raw/uiuc/coord_seligFmt/coord_seligFmt/s3021.dat,True,61,257,0.09467233499156032,0.29737934299750507,0.02896334501694951,0.39044937992156514,-9.90138614566198e-09
s3024,s3024.npz,/home/vipuser/Meri-FID-Gate-Airfoil/data/airfoil/raw/uiuc/coord_seligFmt/coord_seligFmt/s3024.dat,True,61,257,0.09849333952558594,0.3086582838174551,0.033976537864695865,0.4448888963530584,-2.2113708374009444e-08
s3025,s3025.npz,/home/vipuser/Meri-FID-Gate-Airfoil/data/airfoil/raw/uiuc/coord_seligFmt/coord_seligFmt/s3025.dat,True,61,257,0.09388024077078039,0.3086582838174551,0.034266854840938284,0.40245483899193585,-2.8229350892017974e-08
s4022,s4022.npz,/home/vipuser/Meri-FID-Gate-Airfoil/data/airfoil/raw/uiuc/coord_seligFmt/coord_seligFmt/s4022.dat,True,62,257,0.11260759926273878,0.3431591298005542,0.04340525803504751,0.5733652372276808,0.0
s4053,s4053.npz,/home/vipuser/Meri-FID-Gate-Airfoil/data/airfoil/raw/uiuc/coord_seligFmt/coord_seligFmt/s4053.dat,True,62,257,0.08919798756268862,0.3086582838174551,0.029954167321607335,0.4448888963530584,0.0
s4061,s4061.npz,/home/vipuser/Meri-FID-Gate-Airfoil/data/airfoil/raw/uiuc/coord_seligFmt/coord_seligFmt/s4061.dat,True,61,257,0.09619815432587979,0.3030039799694759,0.03748689251108242,0.4448888963530584,-2.8325487202735672e-08
s4062,s4062.npz,/home/vipuser/Meri-FID-Gate-Airfoil/data/airfoil/raw/uiuc/coord_seligFmt/coord_seligFmt/s4062.dat,True,61,257,0.09549983770226612,0.3143414030240812,0.04279154592021289,0.45710134382778006,0.0
s4083,s4083.npz,/home/vipuser/Meri-FID-Gate-Airfoil/data/airfoil/raw/uiuc/coord_seligFmt/coord_seligFmt/s4083.dat,True,81,257,0.07999184481950163,0.22733750578897677,0.03442800857898876,0.35485766137276886,0.0
s4094,s4094.npz,/home/vipuser/Meri-FID-Gate-Airfoil/data/airfoil/raw/uiuc/coord_seligFmt/coord_seligFmt/s4094.dat,True,61,257,0.09896233366392741,0.29178521995118134,0.020685221232880753,0.29178521995118134,0.024774104745058666
s4095,s4095.npz,/home/vipuser/Meri-FID-Gate-Airfoil/data/airfoil/raw/uiuc/coord_seligFmt/coord_seligFmt/s4095.dat,True,61,257,0.09690522161407943,0.29178521995118134,0.019365219372069413,1.0,0.038730438744138826
s4096,s4096.npz,/home/vipuser/Meri-FID-Gate-Airfoil/data/airfoil/raw/uiuc/coord_seligFmt/coord_seligFmt/s4096.dat,True,61,257,0.12455094024252761,0.3431591298005542,0.031049780961036486,1.0,0.06209956192207297
s4110,s4110.npz,/home/vipuser/Meri-FID-Gate-Airfoil/data/airfoil/raw/uiuc/coord_seligFmt/coord_seligFmt/s4110.dat,True,62,257,0.08375415738209428,0.26973064452088,0.031235884769618912,0.45710134382778006,0.0
s4158,s4158.npz,/home/vipuser/Meri-FID-Gate-Airfoil/data/airfoil/raw/uiuc/coord_seligFmt/coord_seligFmt/s4158.dat,True,62,257,0.10856316470449033,0.35485766137276886,0.03705437573791885,0.4509914298352196,0.0
s4180,s4180.npz,/home/vipuser/Meri-FID-Gate-Airfoil/data/airfoil/raw/uiuc/coord_seligFmt/coord_seligFmt/s4180.dat,True,61,257,0.09783409576075336,0.25890811396043856,0.044920516276030366,0.3489970253403859,2.0006001350339475e-08
s4233,s4233.npz,/home/vipuser/Meri-FID-Gate-Airfoil/data/airfoil/raw/uiuc/coord_seligFmt/coord_seligFmt/s4233.dat,True,61,257,0.1364253322477324,0.3373448539188685,0.03158916260637119,0.4387946624003919,-1.8305857405875176e-08
s4310,s4310.npz,/home/vipuser/Meri-FID-Gate-Airfoil/data/airfoil/raw/uiuc/coord_seligFmt/coord_seligFmt/s4310.dat,True,62,257,0.10855698489587268,0.3086582838174551,0.04161185114104926,0.39644431190389073,0.0
s4320,s4320.npz,/home/vipuser/Meri-FID-Gate-Airfoil/data/airfoil/raw/uiuc/coord_seligFmt/coord_seligFmt/s4320.dat,True,62,257,0.09411171548649355,0.26973064452088,0.044788918787159605,0.40245483899193585,0.0
s5010,s5010.npz,/home/vipuser/Meri-FID-Gate-Airfoil/data/airfoil/raw/uiuc/coord_seligFmt/coord_seligFmt/s5010.dat,True,61,257,0.098262339704937,0.2751943351726967,0.023017982328545156,0.2751943351726967,0.0
s5020,s5020.npz,/home/vipuser/Meri-FID-Gate-Airfoil/data/airfoil/raw/uiuc/coord_seligFmt/coord_seligFmt/s5020.dat,True,61,257,0.08399458158081251,0.2751943351726967,0.026527423274273505,0.28069188073073614,0.0
s6061,s6061.npz,/home/vipuser/Meri-FID-Gate-Airfoil/data/airfoil/raw/uiuc/coord_seligFmt/coord_seligFmt/s6061.dat,True,61,257,0.09001669191299286,0.3143414030240812,0.018553300383977407,0.38447094585966435,0.0
s6062,s6062.npz,/home/vipuser/Meri-FID-Gate-Airfoil/data/airfoil/raw/uiuc/coord_seligFmt/coord_seligFmt/s6062.dat,True,61,257,0.07943488650237464,0.29737934299750507,0.016993879676519254,0.39044937992156514,0.0
s6063,s6063.npz,/home/vipuser/Meri-FID-Gate-Airfoil/data/airfoil/raw/uiuc/coord_seligFmt/coord_seligFmt/s6063.dat,True,61,257,0.06967768897961223,0.29178521995118134,0.015344380462076238,0.39044937992156514,0.0
s7012,s7012.npz,/home/vipuser/Meri-FID-Gate-Airfoil/data/airfoil/raw/uiuc/coord_seligFmt/coord_seligFmt/s7012.dat,True,81,257,0.08749206866760388,0.28069188073073614,0.019637582014050657,0.378509910048368,0.0
s7055,s7055.npz,/home/vipuser/Meri-FID-Gate-Airfoil/data/airfoil/raw/uiuc/coord_seligFmt/coord_seligFmt/s7055.dat,True,81,257,0.10497628227988942,0.3143414030240812,0.0360275585909964,0.38447094585966435,0.0
s7075,s7075.npz,/home/vipuser/Meri-FID-Gate-Airfoil/data/airfoil/raw/uiuc/coord_seligFmt/coord_seligFmt/s7075.dat,True,81,257,0.08999189596828888,0.29178521995118134,0.030954778711932973,0.4632177182001663,0.0
s8021,s8021.npz,/home/vipuser/Meri-FID-Gate-Airfoil/data/airfoil/raw/uiuc/coord_seligFmt/coord_seligFmt/s8021.dat,True,61,257,0.07596017151225798,0.2751943351726967,0.0,0.0,0.000570000567378906
s8023,s8023.npz,/home/vipuser/Meri-FID-Gate-Airfoil/data/airfoil/raw/uiuc/coord_seligFmt/coord_seligFmt/s8023.dat,True,61,257,0.07591305703620761,0.17808422855510425,0.0,0.0,0.00057000045932741
s8025,s8025.npz,/home/vipuser/Meri-FID-Gate-Airfoil/data/airfoil/raw/uiuc/coord_seligFmt/coord_seligFmt/s8025.dat,True,121,257,0.07983163356589168,0.22733750578897677,0.0058237316310163975,0.1687921112049141,0.0
s8035,s8035.npz,/home/vipuser/Meri-FID-Gate-Airfoil/data/airfoil/raw/uiuc/coord_seligFmt/coord_seligFmt/s8035.dat,True,121,257,0.14003007029483558,0.29178521995118134,0.0,0.0,0.0
s8036,s8036.npz,/home/vipuser/Meri-FID-Gate-Airfoil/data/airfoil/raw/uiuc/coord_seligFmt/coord_seligFmt/s8036.dat,True,81,257,0.1599903665237729,0.3666436212625508,0.018185870683833462,0.3666436212625508,0.0
s8037,s8037.npz,/home/vipuser/Meri-FID-Gate-Airfoil/data/airfoil/raw/uiuc/coord_seligFmt/coord_seligFmt/s8037.dat,True,81,257,0.1600223199701929,0.3431591298005542,0.02428747891302024,0.3666436212625508,0.0
s8038,s8038.npz,/home/vipuser/Meri-FID-Gate-Airfoil/data/airfoil/raw/uiuc/coord_seligFmt/coord_seligFmt/s8038.dat,True,81,257,0.12998735601124825,0.3257906598752828,0.01003692284617163,0.29178521995118134,0.0
s8052,s8052.npz,/home/vipuser/Meri-FID-Gate-Airfoil/data/airfoil/raw/uiuc/coord_seligFmt/coord_seligFmt/s8052.dat,True,81,257,0.11888459185902592,0.3373448539188685,0.01597384406053943,0.3666436212625508,0.0
s8055,s8055.npz,/home/vipuser/Meri-FID-Gate-Airfoil/data/airfoil/raw/uiuc/coord_seligFmt/coord_seligFmt/s8055.dat,True,81,257,0.11998764843371239,0.3431591298005542,0.01998182292770944,0.4084800560224295,0.0
s8064,s8064.npz,/home/vipuser/Meri-FID-Gate-Airfoil/data/airfoil/raw/uiuc/coord_seligFmt/coord_seligFmt/s8064.dat,True,81,257,0.12334565561014393,0.39044937992156514,0.012715833923027987,0.524533837163709,0.0
s8065,s8065.npz,/home/vipuser/Meri-FID-Gate-Airfoil/data/airfoil/raw/uiuc/coord_seligFmt/coord_seligFmt/s8065.dat,True,81,257,0.10998279187293988,0.378509910048368,0.012611678246263393,0.524533837163709,3.857869795874134e-17
s8066,s8066.npz,/home/vipuser/Meri-FID-Gate-Airfoil/data/airfoil/raw/uiuc/coord_seligFmt/coord_seligFmt/s8066.dat,True,81,257,0.09997642945860932,0.37256717019774266,0.010347093163760104,0.48772938573854385,-4.001601253676689e-18
s9000,s9000.npz,/home/vipuser/Meri-FID-Gate-Airfoil/data/airfoil/raw/uiuc/coord_seligFmt/coord_seligFmt/s9000.dat,True,121,257,0.09007090115276198,0.28069188073073614,0.022896224818150242,0.4205709283330693,0.0
s9026,s9026.npz,/home/vipuser/Meri-FID-Gate-Airfoil/data/airfoil/raw/uiuc/coord_seligFmt/coord_seligFmt/s9026.dat,True,121,257,0.09499197675752354,0.26973064452088,0.0,0.0,0.0
s9027,s9027.npz,/home/vipuser/Meri-FID-Gate-Airfoil/data/airfoil/raw/uiuc/coord_seligFmt/coord_seligFmt/s9027.dat,True,121,257,0.07999667165901873,0.23250119005645137,0.0,0.0,0.0
s9032,s9032.npz,/home/vipuser/Meri-FID-Gate-Airfoil/data/airfoil/raw/uiuc/coord_seligFmt/coord_seligFmt/s9032.dat,True,121,257,0.0899795951242719,0.2482308081371412,0.0,0.0,0.0
s9033,s9033.npz,/home/vipuser/Meri-FID-Gate-Airfoil/data/airfoil/raw/uiuc/coord_seligFmt/coord_seligFmt/s9033.dat,True,121,257,0.07497679028565606,0.22733750578897677,0.0,0.0,0.0
s9037,s9037.npz,/home/vipuser/Meri-FID-Gate-Airfoil/data/airfoil/raw/uiuc/coord_seligFmt/coord_seligFmt/s9037.dat,True,121,257,0.08999081291729251,0.2862224532848589,0.03506697304774587,0.40245483899193585,0.0
s9104,s9104.npz,/home/vipuser/Meri-FID-Gate-Airfoil/data/airfoil/raw/uiuc/coord_seligFmt/coord_seligFmt/s9104.dat,True,81,257,0.12138832423993393,0.15522972763146653,0.14693571922333717,0.49386423085714004,0.0041000606293947655
s9104BTE,s9104BTE.npz,/home/vipuser/Meri-FID-Gate-Airfoil/data/airfoil/raw/uiuc/coord_seligFmt/coord_seligFmt/s9104BTE.dat,True,73,257,0.12138832423993391,0.15522972763146653,0.1401145506555399,0.4815963885293205,0.03205041887805994
sa7024,sa7024.npz,/home/vipuser/Meri-FID-Gate-Airfoil/data/airfoil/raw/uiuc/coord_seligFmt/coord_seligFmt/sa7024.dat,True,81,257,0.07006518106933772,0.25890811396043856,0.03257646212575692,0.4327096457464369,0.0
sa7025,sa7025.npz,/home/vipuser/Meri-FID-Gate-Airfoil/data/airfoil/raw/uiuc/coord_seligFmt/coord_seligFmt/sa7025.dat,True,81,257,0.08003781843405504,0.29178521995118134,0.035966135087274066,0.4327096457464369,1.9e-17
sa7026,sa7026.npz,/home/vipuser/Meri-FID-Gate-Airfoil/data/airfoil/raw/uiuc/coord_seligFmt/coord_seligFmt/sa7026.dat,True,81,257,0.08998187009609926,0.3200524817325059,0.03839352893931691,0.46933963184889566,0.0
sa7035,sa7035.npz,/home/vipuser/Meri-FID-Gate-Airfoil/data/airfoil/raw/uiuc/coord_seligFmt/coord_seligFmt/sa7035.dat,True,81,257,0.09198967122180432,0.28069188073073614,0.026636638330578725,0.38447094585966435,0.0
sa7036,sa7036.npz,/home/vipuser/Meri-FID-Gate-Airfoil/data/airfoil/raw/uiuc/coord_seligFmt/coord_seligFmt/sa7036.dat,True,81,257,0.0920240326645434,0.28069188073073614,0.028773357764546047,0.4205709283330693,0.0
sa7038,sa7038.npz,/home/vipuser/Meri-FID-Gate-Airfoil/data/airfoil/raw/uiuc/coord_seligFmt/coord_seligFmt/sa7038.dat,True,81,257,0.09203756560412936,0.2862224532848589,0.0329617673541959,0.42663476277231915,0.0
saratov,saratov.npz,/home/vipuser/Meri-FID-Gate-Airfoil/data/airfoil/raw/uiuc/coord_seligFmt/coord_seligFmt/saratov.dat,True,29,257,0.09200000000000001,0.15522972763146653,0.0972667902957661,0.40245483899193585,0.0
sc1012r8,sc1012r8.npz,/home/vipuser/Meri-FID-Gate-Airfoil/data/airfoil/raw/uiuc/coord_seligFmt/coord_seligFmt/sc1012r8.dat,True,145,257,0.12002588053924672,0.2751943351726967,0.027100630355537527,0.21713409460819338,0.004368
sc1094r8,sc1094r8.npz,/home/vipuser/Meri-FID-Gate-Airfoil/data/airfoil/raw/uiuc/coord_seligFmt/coord_seligFmt/sc1094r8.dat,True,145,257,0.09403804726913464,0.2751943351726967,0.021245189559331322,0.21713409460819338,0.003423400342340034
sc1095,sc1095.npz,/home/vipuser/Meri-FID-Gate-Airfoil/data/airfoil/raw/uiuc/coord_seligFmt/coord_seligFmt/sc1095.dat,True,141,257,0.09495187230506981,0.26973064452088,0.008062794696103229,0.26973064452088,0.003458
sc1095r8,sc1095r8.npz,/home/vipuser/Meri-FID-Gate-Airfoil/data/airfoil/raw/uiuc/coord_seligFmt/coord_seligFmt/sc1095r8.dat,True,145,257,0.09402490523859175,0.2751943351726967,0.021261917846457836,0.21209590429107733,0.003423262782236689
sc20010,sc20010.npz,/home/vipuser/Meri-FID-Gate-Airfoil/data/airfoil/raw/uiuc/coord_seligFmt/coord_seligFmt/sc20010.dat,True,205,257,0.1,0.37256717019774266,0.0,0.0,0.005
sc20012,sc20012.npz,/home/vipuser/Meri-FID-Gate-Airfoil/data/airfoil/raw/uiuc/coord_seligFmt/coord_seligFmt/sc20012.dat,True,205,257,0.12,0.37256717019774266,0.0,0.0,0.006
sc20402,sc20402.npz,/home/vipuser/Meri-FID-Gate-Airfoil/data/airfoil/raw/uiuc/coord_seligFmt/coord_seligFmt/sc20402.dat,False,205,257,0.019950000000000002,0.3431591298005542,0.00527595645004221,0.831207888795086,0.0018999999999999998
sc20403,sc20403.npz,/home/vipuser/Meri-FID-Gate-Airfoil/data/airfoil/raw/uiuc/coord_seligFmt/coord_seligFmt/sc20403.dat,True,205,257,0.03,0.3607401553074735,0.005972970311761217,0.8491881247044863,0.0024000000000000002
sc20404,sc20404.npz,/home/vipuser/Meri-FID-Gate-Airfoil/data/airfoil/raw/uiuc/coord_seligFmt/coord_seligFmt/sc20404.dat,True,205,257,0.0401,0.37256717019774266,0.007089208281052274,0.8124297440711932,0.0028499999999999997
sc20406,sc20406.npz,/home/vipuser/Meri-FID-Gate-Airfoil/data/airfoil/raw/uiuc/coord_seligFmt/coord_seligFmt/sc20406.dat,True,205,257,0.0602,0.3607401553074735,0.006300296553344083,0.7928989287282194,0.0039
sc20410,sc20410.npz,/home/vipuser/Meri-FID-Gate-Airfoil/data/airfoil/raw/uiuc/coord_seligFmt/coord_seligFmt/sc20410.dat,True,205,257,0.09968509910048368,0.378509910048368,0.011109049529994067,0.8491881247044863,0.0049
sc20412,sc20412.npz,/home/vipuser/Meri-FID-Gate-Airfoil/data/airfoil/raw/uiuc/coord_seligFmt/coord_seligFmt/sc20412.dat,True,205,257,0.12,0.37256717019774266,0.012992835661162702,0.831207888795086,0.0055
sc20414,sc20414.npz,/home/vipuser/Meri-FID-Gate-Airfoil/data/airfoil/raw/uiuc/coord_seligFmt/coord_seligFmt/sc20414.dat,True,205,257,0.14,0.3607401553074735,0.014900637633361472,0.831207888795086,0.006
sc20503,sc20503.npz,/home/vipuser/Meri-FID-Gate-Airfoil/data/airfoil/raw/uiuc/coord_seligFmt/coord_seligFmt/sc20503.dat,True,205,257,0.030100000000000002,0.3200524817325059,0.007816444262809802,0.8219157714448957,0.0024000000000000002
sc20518,sc20518.npz,/home/vipuser/Meri-FID-Gate-Airfoil/data/airfoil/raw/uiuc/coord_seligFmt/coord_seligFmt/sc20518.dat,True,205,257,0.17980000000000002,0.35485766137276886,0.018726712634283268,0.8219157714448957,0.0069
sc20606,sc20606.npz,/home/vipuser/Meri-FID-Gate-Airfoil/data/airfoil/raw/uiuc/coord_seligFmt/coord_seligFmt/sc20606.dat,True,205,257,0.06,0.3489970253403859,0.013044089221287079,0.8076157952903134,0.0040999999999999995
sc20610,sc20610.npz,/home/vipuser/Meri-FID-Gate-Airfoil/data/airfoil/raw/uiuc/coord_seligFmt/coord_seligFmt/sc20610.dat,True,205,257,0.09978509910048368,0.378509910048368,0.01764179273704736,0.8219157714448957,0.004899999999999999
sc20612,sc20612.npz,/home/vipuser/Meri-FID-Gate-Airfoil/data/airfoil/raw/uiuc/coord_seligFmt/coord_seligFmt/sc20612.dat,True,205,257,0.12,0.37256717019774266,0.019075028102371522,0.8124297440711932,0.0058000000000000005
sc20614,sc20614.npz,/home/vipuser/Meri-FID-Gate-Airfoil/data/airfoil/raw/uiuc/coord_seligFmt/coord_seligFmt/sc20614.dat,True,205,257,0.13990000000000002,0.3607401553074735,0.02051875702559288,0.8124297440711932,0.0066
sc20706,sc20706.npz,/home/vipuser/Meri-FID-Gate-Airfoil/data/airfoil/raw/uiuc/coord_seligFmt/coord_seligFmt/sc20706.dat,True,205,257,0.06,0.3431591298005542,0.016312897481561367,0.8171966420818226,0.0039000000000000007
sc20710,sc20710.npz,/home/vipuser/Meri-FID-Gate-Airfoil/data/airfoil/raw/uiuc/coord_seligFmt/coord_seligFmt/sc20710.dat,True,205,257,0.0998,0.37256717019774266,0.021071920666353723,0.8124297440711932,0.004899999999999998
sc20712,sc20712.npz,/home/vipuser/Meri-FID-Gate-Airfoil/data/airfoil/raw/uiuc/coord_seligFmt/coord_seligFmt/sc20712.dat,True,205,257,0.11989999999999999,0.37256717019774266,0.02214412235642268,0.8124297440711932,0.006
sc20714,sc20714.npz,/home/vipuser/Meri-FID-Gate-Airfoil/data/airfoil/raw/uiuc/coord_seligFmt/coord_seligFmt/sc20714.dat,True,205,257,0.13957432829802258,0.37256717019774266,0.025375140511857616,0.8124297440711932,0.007000000000000001
sc21006,sc21006.npz,/home/vipuser/Meri-FID-Gate-Airfoil/data/airfoil/raw/uiuc/coord_seligFmt/coord_seligFmt/sc21006.dat,True,205,257,0.06,0.3030039799694759,0.0263114899169533,0.73026935547912,0.0039000000000000007
sc21010,sc21010.npz,/home/vipuser/Meri-FID-Gate-Airfoil/data/airfoil/raw/uiuc/coord_seligFmt/coord_seligFmt/sc21010.dat,True,205,257,0.1,0.3200524817325059,0.028176484639246532,0.7082147800488185,0.006099999999999994
sc2110,sc2110.npz,/home/vipuser/Meri-FID-Gate-Airfoil/data/airfoil/raw/uiuc/coord_seligFmt/coord_seligFmt/sc2110.dat,True,87,257,0.09923792553879333,0.378509910048368,0.01948757419730688,0.15081187529551354,0.003575
sd2030,sd2030.npz,/home/vipuser/Meri-FID-Gate-Airfoil/data/airfoil/raw/uiuc/coord_seligFmt/coord_seligFmt/sd2030.dat,True,61,257,0.08561156859956012,0.35485766137276886,0.02239144692545654,0.4509914298352196,-1.699966000514577e-09
sd2083,sd2083.npz,/home/vipuser/Meri-FID-Gate-Airfoil/data/airfoil/raw/uiuc/coord_seligFmt/coord_seligFmt/sd2083.dat,True,61,257,0.08960745283117222,0.3489970253403859,0.028126531204712542,0.4448888963530584,-6.000240007218889e-09
sd5060,sd5060.npz,/home/vipuser/Meri-FID-Gate-Airfoil/data/airfoil/raw/uiuc/coord_seligFmt/coord_seligFmt/sd5060.dat,True,61,257,0.09456375027662406,0.2482308081371412,0.02335464254467387,0.4327096457464369,6.600264007973304e-09
sd6060,sd6060.npz,/home/vipuser/Meri-FID-Gate-Airfoil/data/airfoil/raw/uiuc/coord_seligFmt/coord_seligFmt/sd6060.dat,True,61,257,0.10366443284468833,0.3373448539188685,0.019447658201196268,0.38447094585966435,0.0
sd6080,sd6080.npz,/home/vipuser/Meri-FID-Gate-Airfoil/data/airfoil/raw/uiuc/coord_seligFmt/coord_seligFmt/sd6080.dat,True,61,257,0.09190675288337201,0.3086582838174551,0.03589512954660284,0.4448888963530584,-2.6022895109611976e-08
sd7003,sd7003.npz,/home/vipuser/Meri-FID-Gate-Airfoil/data/airfoil/raw/uiuc/coord_seligFmt/coord_seligFmt/sd7003.dat,True,61,257,0.08506901042556636,0.24294862790338917,0.015804911786783782,0.33155507330389,1.8608931215413627e-08
sd7032,sd7032.npz,/home/vipuser/Meri-FID-Gate-Airfoil/data/airfoil/raw/uiuc/coord_seligFmt/coord_seligFmt/sd7032.dat,True,61,257,0.09959013312061929,0.26973064452088,0.03790944778110681,0.40245483899193585,0.0
sd7034,sd7034.npz,/home/vipuser/Meri-FID-Gate-Airfoil/data/airfoil/raw/uiuc/coord_seligFmt/coord_seligFmt/sd7034.dat,True,61,257,0.10514750366435253,0.2643016315870011,0.040890516695247583,0.39044937992156514,3.253903512823522e-08
sd7037,sd7037.npz,/home/vipuser/Meri-FID-Gate-Airfoil/data/airfoil/raw/uiuc/coord_seligFmt/coord_seligFmt/sd7037.dat,True,61,257,0.09200471550100636,0.2862224532848589,0.029106568656352142,0.4448888963530584,0.0
sd7043,sd7043.npz,/home/vipuser/Meri-FID-Gate-Airfoil/data/airfoil/raw/uiuc/coord_seligFmt/coord_seligFmt/sd7043.dat,True,61,257,0.09135016527442989,0.26973064452088,0.03661556241458602,0.4509914298352196,2.782837770724106e-08
sd7062,sd7062.npz,/home/vipuser/Meri-FID-Gate-Airfoil/data/airfoil/raw/uiuc/coord_seligFmt/coord_seligFmt/sd7062.dat,True,61,257,0.1398096598771621,0.26973064452088,0.0416905174498702,0.38447094585966435,3.271701063409585e-08
sd7080,sd7080.npz,/home/vipuser/Meri-FID-Gate-Airfoil/data/airfoil/raw/uiuc/coord_seligFmt/coord_seligFmt/sd7080.dat,True,61,257,0.09152000235881017,0.29737934299750507,0.024456401402269363,0.39644431190389073,-6.100244007416905e-09
sd7084,sd7084.npz,/home/vipuser/Meri-FID-Gate-Airfoil/data/airfoil/raw/uiuc/coord_seligFmt/coord_seligFmt/sd7084.dat,True,61,257,0.09623285455519755,0.29737934299750507,0.023185304335169923,0.39044937992156514,1.5999680004811188e-09
sd7090,sd7090.npz,/home/vipuser/Meri-FID-Gate-Airfoil/data/airfoil/raw/uiuc/coord_seligFmt/coord_seligFmt/sd7090.dat,True,61,257,0.099868881535491,0.29178521995118134,0.01928331186781431,0.38447094585966435,9.700776046599885e-09
sd8000,sd8000.npz,/home/vipuser/Meri-FID-Gate-Airfoil/data/airfoil/raw/uiuc/coord_seligFmt/coord_seligFmt/sd8000.dat,True,61,257,0.08861467221791906,0.29178521995118134,0.018094537670365177,0.4387946624003919,1.75073523159177e-08
sd8020,sd8020.npz,/home/vipuser/Meri-FID-Gate-Airfoil/data/airfoil/raw/uiuc/coord_seligFmt/coord_seligFmt/sd8020.dat,True,61,257,0.1010187295118479,0.2751943351726967,4.77584999523939e-06,0.4205709283330693,0.0
sd8040,sd8040.npz,/home/vipuser/Meri-FID-Gate-Airfoil/data/airfoil/raw/uiuc/coord_seligFmt/coord_seligFmt/sd8040.dat,True,61,257,0.09995592116283337,0.29178521995118134,0.025876741891512144,0.39044937992156514,0.0
sg6040,sg6040.npz,/home/vipuser/Meri-FID-Gate-Airfoil/data/airfoil/raw/uiuc/coord_seligFmt/coord_seligFmt/sg6040.dat,True,81,257,0.16002516286987178,0.35485766137276886,0.02613860520949954,0.567290354253563,0.0
sg6041,sg6041.npz,/home/vipuser/Meri-FID-Gate-Airfoil/data/airfoil/raw/uiuc/coord_seligFmt/coord_seligFmt/sg6041.dat,True,81,257,0.09994961141971179,0.3489970253403859,0.018835660130623325,0.4205709283330693,1.9396051095538908e-09
sg6042,sg6042.npz,/home/vipuser/Meri-FID-Gate-Airfoil/data/airfoil/raw/uiuc/coord_seligFmt/coord_seligFmt/sg6042.dat,True,81,257,0.10001002075307873,0.3373448539188685,0.03654678880240981,0.4815963885293205,0.0
sg6043,sg6043.npz,/home/vipuser/Meri-FID-Gate-Airfoil/data/airfoil/raw/uiuc/coord_seligFmt/coord_seligFmt/sg6043.dat,True,81,257,0.10014182201581871,0.3200524817325059,0.05451699861473493,0.49999999999999994,9.420452176580468e-10
sg6050,sg6050.npz,/home/vipuser/Meri-FID-Gate-Airfoil/data/airfoil/raw/uiuc/coord_seligFmt/coord_seligFmt/sg6050.dat,True,81,257,0.16022289418638827,0.3143414030240812,0.03411437044130329,0.4509914298352196,0.010004802305106452
sg6051,sg6051.npz,/home/vipuser/Meri-FID-Gate-Airfoil/data/airfoil/raw/uiuc/coord_seligFmt/coord_seligFmt/sg6051.dat,True,81,257,0.12010080017943615,0.35485766137276886,0.033439885914015144,0.4632177182001663,0.010004201764741191
sm701,sm701.npz,/home/vipuser/Meri-FID-Gate-Airfoil/data/airfoil/raw/uiuc/coord_seligFmt/coord_seligFmt/sm701.dat,True,61,257,0.15992655330977673,0.3607401553074735,0.03402657703749978,0.6035556880961093,0.0
sokolov,sokolov.npz,/home/vipuser/Meri-FID-Gate-Airfoil/data/airfoil/raw/uiuc/coord_seligFmt/coord_seligFmt/sokolov.dat,True,35,257,0.0709823080813714,0.2482308081371412,0.06275,0.49999999999999994,0.007
sp4621hp,sp4621hp.npz,/home/vipuser/Meri-FID-Gate-Airfoil/data/airfoil/raw/uiuc/coord_seligFmt/coord_seligFmt/sp4621hp.dat,True,160,257,0.21063546469854239,0.37256717019774266,0.038731215957173416,0.6392598446925265,0.004697885000000001
sp4721bs,sp4721bs.npz,/home/vipuser/Meri-FID-Gate-Airfoil/data/airfoil/raw/uiuc/coord_seligFmt/coord_seligFmt/sp4721bs.dat,True,120,257,0.2141266118637608,0.35485766137276886,0.04239363547668628,0.6856585969759188,0.0057754338
sp4721la,sp4721la.npz,/home/vipuser/Meri-FID-Gate-Airfoil/data/airfoil/raw/uiuc/coord_seligFmt/coord_seligFmt/sp4721la.dat,True,120,257,0.21377647497326616,0.35485766137276886,0.04300593798534109,0.6742093401247172,0.004816818800000001
spicasm,spicasm.npz,/home/vipuser/Meri-FID-Gate-Airfoil/data/airfoil/raw/uiuc/coord_seligFmt/coord_seligFmt/spicasm.dat,True,49,257,0.11718077452819536,0.3030039799694759,0.04737615894969732,0.3489970253403859,0.0
ssca07,ssca07.npz,/home/vipuser/Meri-FID-Gate-Airfoil/data/airfoil/raw/uiuc/coord_seligFmt/coord_seligFmt/ssca07.dat,True,131,257,0.06998959066857369,0.378509910048368,0.008980495295806298,0.1687921112049141,0.0024969
ssca09,ssca09.npz,/home/vipuser/Meri-FID-Gate-Airfoil/data/airfoil/raw/uiuc/coord_seligFmt/coord_seligFmt/ssca09.dat,True,131,257,0.08998664279921323,0.378509910048368,0.011546323173406633,0.1687921112049141,0.0032103
stcyr171,stcyr171.npz,/home/vipuser/Meri-FID-Gate-Airfoil/data/airfoil/raw/uiuc/coord_seligFmt/coord_seligFmt/stcyr171.dat,True,33,257,0.11073710423194012,0.29737934299750507,9.905636118607251e-05,0.025235909703481663,0.0
stcyr172,stcyr172.npz,/home/vipuser/Meri-FID-Gate-Airfoil/data/airfoil/raw/uiuc/coord_seligFmt/coord_seligFmt/stcyr172.dat,True,33,257,0.13556855211597005,0.29737934299750507,0.0,0.0,0.0
stcyr234,stcyr234.npz,/home/vipuser/Meri-FID-Gate-Airfoil/data/airfoil/raw/uiuc/coord_seligFmt/coord_seligFmt/stcyr234.dat,True,33,257,0.15997849652246215,0.20215034775378327,0.05065,0.49999999999999994,0.0
stcyr24,stcyr24.npz,/home/vipuser/Meri-FID-Gate-Airfoil/data/airfoil/raw/uiuc/coord_seligFmt/coord_seligFmt/stcyr24.dat,True,33,257,0.12344758685995011,0.29737934299750507,0.058610787415995964,0.40245483899193585,0.0
ste87151,ste87151.npz,/home/vipuser/Meri-FID-Gate-Airfoil/data/airfoil/raw/uiuc/coord_seligFmt/coord_seligFmt/ste87151.dat,False,60,257,0.13934969929151436,0.46933963184889566,0.024758574690994285,0.7828659053918066,-0.00047120066351496505
ste87391,ste87391.npz,/home/vipuser/Meri-FID-Gate-Airfoil/data/airfoil/raw/uiuc/coord_seligFmt/coord_seligFmt/ste87391.dat,False,60,257,0.14557502867300787,0.3431591298005542,0.041617738893899074,0.5854809443801506,-0.0008374976000000001
stf86361,stf86361.npz,/home/vipuser/Meri-FID-Gate-Airfoil/data/airfoil/raw/uiuc/coord_seligFmt/coord_seligFmt/stf86361.dat,False,60,257,0.14664488765391112,0.46933963184889566,0.042000892658563035,0.7193081192692636,-0.0007610670049499059
strand,strand.npz,/home/vipuser/Meri-FID-Gate-Airfoil/data/airfoil/raw/uiuc/coord_seligFmt/coord_seligFmt/strand.dat,True,39,257,0.15433883647174793,0.25890811396043856,0.04083819756990588,0.3200524817325059,0.0
supermarine371i,supermarine371i.npz,/home/vipuser/Meri-FID-Gate-Airfoil/data/airfoil/raw/uiuc/coord_seligFmt/coord_seligFmt/supermarine371i.dat,True,49,257,0.12997545161008064,0.40245483899193585,0.009300000000000003,0.49999999999999994,0.0
supermarine371ii,supermarine371ii.npz,/home/vipuser/Meri-FID-Gate-Airfoil/data/airfoil/raw/uiuc/coord_seligFmt/coord_seligFmt/supermarine371ii.dat,True,49,257,0.08360000000000001,0.49999999999999994,0.0093,0.4509914298352196,0.0
t16,t16.npz,/home/vipuser/Meri-FID-Gate-Airfoil/data/airfoil/raw/uiuc/coord_seligFmt/coord_seligFmt/t16.dat,True,122,257,0.05441269308067451,0.1421345873580907,0.08056604039067071,0.4084800560224295,0.028897189724669835
tempest1,tempest1.npz,/home/vipuser/Meri-FID-Gate-Airfoil/data/airfoil/raw/uiuc/coord_seligFmt/coord_seligFmt/tempest1.dat,True,120,257,0.1449692264125366,0.378509910048368,0.01014167499409311,0.40245483899193585,0.0
tempest2,tempest2.npz,/home/vipuser/Meri-FID-Gate-Airfoil/data/airfoil/raw/uiuc/coord_seligFmt/coord_seligFmt/tempest2.dat,True,120,257,0.11997667523005764,0.37256717019774266,0.00925587694235984,0.39644431190389073,0.0
tempest3,tempest3.npz,/home/vipuser/Meri-FID-Gate-Airfoil/data/airfoil/raw/uiuc/coord_seligFmt/coord_seligFmt/tempest3.dat,True,120,257,0.09997548138318377,0.378509910048368,0.010108482737815287,0.4084800560224295,0.0
th25816,th25816.npz,/home/vipuser/Meri-FID-Gate-Airfoil/data/airfoil/raw/uiuc/coord_seligFmt/coord_seligFmt/th25816.dat,True,61,257,0.2572277615565568,0.46933963184889566,0.04045934572646974,0.5306603681511043,0.0
trainer60,trainer60.npz,/home/vipuser/Meri-FID-Gate-Airfoil/data/airfoil/raw/uiuc/coord_seligFmt/coord_seligFmt/trainer60.dat,True,79,257,0.1830568135930641,0.2751943351726967,0.0015339413795503092,0.9802152597077829,0.006684003968999999
tsagi12,tsagi12.npz,/home/vipuser/Meri-FID-Gate-Airfoil/data/airfoil/raw/uiuc/coord_seligFmt/coord_seligFmt/tsagi12.dat,True,33,257,0.1189609482603968,0.3030039799694759,0.019847586859950105,0.29737934299750507,0.0
tsagi8,tsagi8.npz,/home/vipuser/Meri-FID-Gate-Airfoil/data/airfoil/raw/uiuc/coord_seligFmt/coord_seligFmt/tsagi8.dat,True,33,257,0.07948498010015262,0.3030039799694759,0.013318458210320502,0.3030039799694759,0.0
tsagi_r3a,tsagi_r3a.npz,/home/vipuser/Meri-FID-Gate-Airfoil/data/airfoil/raw/uiuc/coord_seligFmt/coord_seligFmt/tsagi_r3a.dat,True,250,257,0.12093052303275391,0.23250119005645137,0.031861375095238696,0.23250119005645137,0.002431019259649529
ua2-180,ua2-180.npz,/home/vipuser/Meri-FID-Gate-Airfoil/data/airfoil/raw/uiuc/coord_seligFmt/coord_seligFmt/ua2-180.dat,True,58,257,0.18122903486330488,0.3200524817325059,0.06985705999546012,0.3666436212625508,0.0
ua2-180sm,ua2-180sm.npz,/home/vipuser/Meri-FID-Gate-Airfoil/data/airfoil/raw/uiuc/coord_seligFmt/coord_seligFmt/ua2-180sm.dat,True,58,257,0.18172759462274393,0.3373448539188685,0.07301191364762202,0.3431591298005542,0.0
ua79sf18,ua79sf18.npz,/home/vipuser/Meri-FID-Gate-Airfoil/data/airfoil/raw/uiuc/coord_seligFmt/coord_seligFmt/ua79sf18.dat,True,74,257,0.18768876511270838,0.4327096457464369,0.03734578846221654,0.6333563787374492,0.0
ua79sff,ua79sff.npz,/home/vipuser/Meri-FID-Gate-Airfoil/data/airfoil/raw/uiuc/coord_seligFmt/coord_seligFmt/ua79sff.dat,True,39,257,0.24800000000000005,0.23250119005645137,0.09763344427520834,0.37256717019774266,0.0
ua79sfm,ua79sfm.npz,/home/vipuser/Meri-FID-Gate-Airfoil/data/airfoil/raw/uiuc/coord_seligFmt/coord_seligFmt/ua79sfm.dat,True,50,257,0.23123479010538311,0.5306603681511043,0.05511224144593829,1.0,0.11022448289187659
uag8814320,uag8814320.npz,/home/vipuser/Meri-FID-Gate-Airfoil/data/airfoil/raw/uiuc/coord_seligFmt/coord_seligFmt/uag8814320.dat,True,97,257,0.14305371212680842,0.4327096457464369,0.06200408408075882,0.46933963184889566,0.0
ui1720,ui1720.npz,/home/vipuser/Meri-FID-Gate-Airfoil/data/airfoil/raw/uiuc/coord_seligFmt/coord_seligFmt/ui1720.dat,True,91,257,0.13805935041959283,0.18757025592880677,0.04621047880573426,0.21209590429107733,0.0006132688945371758
ultimate,ultimate.npz,/home/vipuser/Meri-FID-Gate-Airfoil/data/airfoil/raw/uiuc/coord_seligFmt/coord_seligFmt/ultimate.dat,True,79,257,0.12843991199920213,0.3431591298005542,0.0062380026576510485,0.9664963994173694,0.005803959999
us1000root,us1000root.npz,/home/vipuser/Meri-FID-Gate-Airfoil/data/airfoil/raw/uiuc/coord_seligFmt/coord_seligFmt/us1000root.dat,True,79,257,0.1856133364777113,0.26973064452088,0.0013042306682111847,0.0013547716606548965,9.6e-05
usa22,usa22.npz,/home/vipuser/Meri-FID-Gate-Airfoil/data/airfoil/raw/uiuc/coord_seligFmt/coord_seligFmt/usa22.dat,True,33,257,0.090955850854399,0.19724447929783723,0.044257470877239316,0.39644431190389073,0.001
usa25,usa25.npz,/home/vipuser/Meri-FID-Gate-Airfoil/data/airfoil/raw/uiuc/coord_seligFmt/coord_seligFmt/usa25.dat,True,33,257,0.08274604659593027,0.19724447929783723,0.05225677445827528,0.3030039799694759,0.0
usa26,usa26.npz,/home/vipuser/Meri-FID-Gate-Airfoil/data/airfoil/raw/uiuc/coord_seligFmt/coord_seligFmt/usa26.dat,True,33,257,0.09820775533397087,0.20215034775378327,0.043374753254962865,0.39644431190389073,0.0
usa27,usa27.npz,/home/vipuser/Meri-FID-Gate-Airfoil/data/airfoil/raw/uiuc/coord_seligFmt/coord_seligFmt/usa27.dat,True,33,257,0.11069213802899251,0.29737934299750507,0.05091653245856568,0.39644431190389073,0.0002
usa27m2,usa27m2.npz,/home/vipuser/Meri-FID-Gate-Airfoil/data/airfoil/raw/uiuc/coord_seligFmt/coord_seligFmt/usa27m2.dat,True,33,257,0.13287056563479102,0.29737934299750507,0.05042558123744591,0.39644431190389073,0.00024
usa28,usa28.npz,/home/vipuser/Meri-FID-Gate-Airfoil/data/airfoil/raw/uiuc/coord_seligFmt/coord_seligFmt/usa28.dat,True,33,257,0.13156815038541794,0.29737934299750507,0.03748855164077845,0.49999999999999994,0.0
usa29,usa29.npz,/home/vipuser/Meri-FID-Gate-Airfoil/data/airfoil/raw/uiuc/coord_seligFmt/coord_seligFmt/usa29.dat,True,33,257,0.13191241449855917,0.29737934299750507,0.055345966929204855,0.40245483899193585,0.0
usa31,usa31.npz,/home/vipuser/Meri-FID-Gate-Airfoil/data/airfoil/raw/uiuc/coord_seligFmt/coord_seligFmt/usa31.dat,True,33,257,0.14847479040740422,0.20215034775378327,0.0934655497707888,0.40245483899193585,0.0
usa32,usa32.npz,/home/vipuser/Meri-FID-Gate-Airfoil/data/airfoil/raw/uiuc/coord_seligFmt/coord_seligFmt/usa32.dat,True,33,257,0.14714491162695562,0.20215034775378327,0.09318410844108987,0.40245483899193585,0.0
usa33,usa33.npz,/home/vipuser/Meri-FID-Gate-Airfoil/data/airfoil/raw/uiuc/coord_seligFmt/coord_seligFmt/usa33.dat,True,33,257,0.14201058670436487,0.29737934299750507,0.048512755312886874,0.29737934299750507,0.0
usa34,usa34.npz,/home/vipuser/Meri-FID-Gate-Airfoil/data/airfoil/raw/uiuc/coord_seligFmt/coord_seligFmt/usa34.dat,True,33,257,0.18025122468939614,0.29178521995118134,0.07698928607229306,0.39644431190389073,0.0
usa35,usa35.npz,/home/vipuser/Meri-FID-Gate-Airfoil/data/airfoil/raw/uiuc/coord_seligFmt/coord_seligFmt/usa35.dat,True,33,257,0.18184905162905418,0.29178521995118134,0.06426094975316696,0.39044937992156514,0.0043
usa35a,usa35a.npz,/home/vipuser/Meri-FID-Gate-Airfoil/data/airfoil/raw/uiuc/coord_seligFmt/coord_seligFmt/usa35a.dat,True,33,257,0.18183018032802928,0.29178521995118134,0.06426094975316696,0.39044937992156514,0.0043
usa35b,usa35b.npz,/home/vipuser/Meri-FID-Gate-Airfoil/data/airfoil/raw/uiuc/coord_seligFmt/coord_seligFmt/usa35b.dat,True,33,257,0.11599779437690269,0.29737934299750507,0.041287198031772776,0.39644431190389073,0.0024999999999999988
usa40,usa40.npz,/home/vipuser/Meri-FID-Gate-Airfoil/data/airfoil/raw/uiuc/coord_seligFmt/coord_seligFmt/usa40.dat,True,33,257,0.13318539271498753,0.29737934299750507,0.041895822642282254,0.40245483899193585,0.001
usa40b,usa40b.npz,/home/vipuser/Meri-FID-Gate-Airfoil/data/airfoil/raw/uiuc/coord_seligFmt/coord_seligFmt/usa40b.dat,True,33,257,0.1362063780465873,0.20215034775378327,0.04001420413835967,0.39644431190389073,0.0
usa41,usa41.npz,/home/vipuser/Meri-FID-Gate-Airfoil/data/airfoil/raw/uiuc/coord_seligFmt/coord_seligFmt/usa41.dat,True,33,257,0.06598593943504902,0.29737934299750507,0.044824936334567494,0.40245483899193585,0.0
usa45,usa45.npz,/home/vipuser/Meri-FID-Gate-Airfoil/data/airfoil/raw/uiuc/coord_seligFmt/coord_seligFmt/usa45.dat,True,33,257,0.14533381767096787,0.29737934299750507,0.041475360764197805,0.29737934299750507,0.0
usa45m,usa45m.npz,/home/vipuser/Meri-FID-Gate-Airfoil/data/airfoil/raw/uiuc/coord_seligFmt/coord_seligFmt/usa45m.dat,True,33,257,0.11625806948796007,0.29737934299750507,0.03321855211597006,0.29737934299750507,0.0
usa46,usa46.npz,/home/vipuser/Meri-FID-Gate-Airfoil/data/airfoil/raw/uiuc/coord_seligFmt/coord_seligFmt/usa46.dat,True,33,257,0.06539430460898486,0.20215034775378327,0.021650636999125,0.40245483899193585,0.0
usa48,usa48.npz,/home/vipuser/Meri-FID-Gate-Airfoil/data/airfoil/raw/uiuc/coord_seligFmt/coord_seligFmt/usa48.dat,True,33,257,0.14889486070106836,0.3030039799694759,0.02872913386856855,0.40245483899193585,0.0
usa49,usa49.npz,/home/vipuser/Meri-FID-Gate-Airfoil/data/airfoil/raw/uiuc/coord_seligFmt/coord_seligFmt/usa49.dat,True,33,257,0.07244592836054944,0.3030039799694759,0.01654094462704121,0.3030039799694759,0.0023
usa5,usa5.npz,/home/vipuser/Meri-FID-Gate-Airfoil/data/airfoil/raw/uiuc/coord_seligFmt/coord_seligFmt/usa5.dat,True,33,257,0.06379213802899251,0.29737934299750507,0.045318933293571166,0.39644431190389073,0.0
usa50,usa50.npz,/home/vipuser/Meri-FID-Gate-Airfoil/data/airfoil/raw/uiuc/coord_seligFmt/coord_seligFmt/usa50.dat,True,33,257,0.07035794428042733,0.3030039799694759,0.01946808709310483,0.40245483899193585,0.0
usa51,usa51.npz,/home/vipuser/Meri-FID-Gate-Airfoil/data/airfoil/raw/uiuc/coord_seligFmt/coord_seligFmt/usa51.dat,True,33,257,0.09320565634791018,0.29737934299750507,0.025610948260396817,0.3030039799694759,0.0
usa98,usa98.npz,/home/vipuser/Meri-FID-Gate-Airfoil/data/airfoil/raw/uiuc/coord_seligFmt/coord_seligFmt/usa98.dat,True,25,257,0.14296069014496257,0.29737934299750507,0.06375,0.49999999999999994,0.009
usnps4,usnps4.npz,/home/vipuser/Meri-FID-Gate-Airfoil/data/airfoil/raw/uiuc/coord_seligFmt/coord_seligFmt/usnps4.dat,True,79,257,0.11939997690795004,0.3373448539188685,0.05006527189199081,0.3431591298005542,0.007756
v13006,v13006.npz,/home/vipuser/Meri-FID-Gate-Airfoil/data/airfoil/raw/uiuc/coord_seligFmt/coord_seligFmt/v13006.dat,True,41,257,0.05975527474647395,0.3030039799694759,0.009103708678418877,0.20215034775378327,0.0012000001200000118
v13009,v13009.npz,/home/vipuser/Meri-FID-Gate-Airfoil/data/airfoil/raw/uiuc/coord_seligFmt/coord_seligFmt/v13009.dat,True,39,257,0.08997658913116555,0.3030039799694759,0.012977376199234622,0.20215034775378327,0.0011
v23010,v23010.npz,/home/vipuser/Meri-FID-Gate-Airfoil/data/airfoil/raw/uiuc/coord_seligFmt/coord_seligFmt/v23010.dat,True,51,257,0.1017722804007923,0.29737934299750507,0.01752884827188314,0.15081187529551354,0.0
v43012,v43012.npz,/home/vipuser/Meri-FID-Gate-Airfoil/data/airfoil/raw/uiuc/coord_seligFmt/coord_seligFmt/v43012.dat,True,73,257,0.1203981631393623,0.3200524817325059,0.03668105624310468,0.15081187529551354,0.0
v43015,v43015.npz,/home/vipuser/Meri-FID-Gate-Airfoil/data/airfoil/raw/uiuc/coord_seligFmt/coord_seligFmt/v43015.dat,True,41,257,0.15023186291793514,0.29737934299750507,0.036778679656440355,0.1464466094067262,0.0
vr1,vr1.npz,/home/vipuser/Meri-FID-Gate-Airfoil/data/airfoil/raw/uiuc/coord_seligFmt/coord_seligFmt/vr1.dat,True,49,257,0.10970047553686466,0.35485766137276886,0.015329919727306046,0.4387946624003919,0.0
vr11x,vr11x.npz,/home/vipuser/Meri-FID-Gate-Airfoil/data/airfoil/raw/uiuc/coord_seligFmt/coord_seligFmt/vr11x.dat,True,67,257,0.10970928886238077,0.39644431190389073,0.023784318553783823,0.2535509038851079,0.003
vr12,vr12.npz,/home/vipuser/Meri-FID-Gate-Airfoil/data/airfoil/raw/uiuc/coord_seligFmt/coord_seligFmt/vr12.dat,True,83,257,0.10564097322806347,0.3489970253403859,0.02279784965224622,0.20215034775378327,0.003
vr13,vr13.npz,/home/vipuser/Meri-FID-Gate-Airfoil/data/airfoil/raw/uiuc/coord_seligFmt/coord_seligFmt/vr13.dat,True,83,257,0.09449993608373672,0.3489970253403859,0.020393586190499132,0.20215034775378327,0.002684
vr14,vr14.npz,/home/vipuser/Meri-FID-Gate-Airfoil/data/airfoil/raw/uiuc/coord_seligFmt/coord_seligFmt/vr14.dat,True,83,257,0.0795791998318078,0.3489970253403859,0.017173387239184663,0.20215034775378327,0.00226
vr15,vr15.npz,/home/vipuser/Meri-FID-Gate-Airfoil/data/airfoil/raw/uiuc/coord_seligFmt/coord_seligFmt/vr15.dat,True,83,257,0.07954783281161112,0.3489970253403859,0.012940763057611335,0.20215034775378327,0.002389
vr5,vr5.npz,/home/vipuser/Meri-FID-Gate-Airfoil/data/airfoil/raw/uiuc/coord_seligFmt/coord_seligFmt/vr5.dat,True,55,257,0.11996991076021157,0.3489970253403859,0.03398997025340386,0.3489970253403859,0.0008
vr7,vr7.npz,/home/vipuser/Meri-FID-Gate-Airfoil/data/airfoil/raw/uiuc/coord_seligFmt/coord_seligFmt/vr7.dat,True,77,257,0.1202688985339222,0.33155507330389,0.031244738324844104,0.3257906598752828,0.0
vr7b,vr7b.npz,/home/vipuser/Meri-FID-Gate-Airfoil/data/airfoil/raw/uiuc/coord_seligFmt/coord_seligFmt/vr7b.dat,True,75,257,0.1202688985339222,0.33155507330389,0.030472768475061016,0.29178521995118134,0.005
vr8,vr8.npz,/home/vipuser/Meri-FID-Gate-Airfoil/data/airfoil/raw/uiuc/coord_seligFmt/coord_seligFmt/vr8.dat,True,61,257,0.08148395240544618,0.3489970253403859,0.01274799405068077,0.3489970253403859,0.0
vr8b,vr8b.npz,/home/vipuser/Meri-FID-Gate-Airfoil/data/airfoil/raw/uiuc/coord_seligFmt/coord_seligFmt/vr8b.dat,True,59,257,0.08063906092829401,0.3431591298005542,0.012309866919660807,0.3431591298005542,0.0049504950495049506
vr9,vr9.npz,/home/vipuser/Meri-FID-Gate-Airfoil/data/airfoil/raw/uiuc/coord_seligFmt/coord_seligFmt/vr9.dat,True,61,257,0.0605929791773827,0.3489970253403859,0.0032984955380105773,0.3489970253403859,0.0
w1011,w1011.npz,/home/vipuser/Meri-FID-Gate-Airfoil/data/airfoil/raw/uiuc/coord_seligFmt/coord_seligFmt/w1011.dat,True,240,257,0.11000561916272147,0.2535509038851079,0.000544432830602282,0.00015059065189787502,0.0015930270814603848
w1015,w1015.npz,/home/vipuser/Meri-FID-Gate-Airfoil/data/airfoil/raw/uiuc/coord_seligFmt/coord_seligFmt/w1015.dat,True,240,257,0.14995210033993076,0.2751943351726967,0.0006229142799095066,0.00015059065189787502,0.0016660216582815577
waspsm,waspsm.npz,/home/vipuser/Meri-FID-Gate-Airfoil/data/airfoil/raw/uiuc/coord_seligFmt/coord_seligFmt/waspsm.dat,True,79,257,0.09352906729554225,0.26973064452088,0.030070467856846646,0.378509910048368,0.00023
wb13535sm,wb13535sm.npz,/home/vipuser/Meri-FID-Gate-Airfoil/data/airfoil/raw/uiuc/coord_seligFmt/coord_seligFmt/wb13535sm.dat,True,55,257,0.1355,0.2535509038851079,0.0375,0.49999999999999994,0.0
wb140,wb140.npz,/home/vipuser/Meri-FID-Gate-Airfoil/data/airfoil/raw/uiuc/coord_seligFmt/coord_seligFmt/wb140.dat,True,55,257,0.13924999999999998,0.3030039799694759,0.03694851285524717,0.4509914298352196,0.005
whitcomb,whitcomb.npz,/home/vipuser/Meri-FID-Gate-Airfoil/data/airfoil/raw/uiuc/coord_seligFmt/coord_seligFmt/whitcomb.dat,True,73,257,0.10958395240544617,0.3489970253403859,0.02374570584187429,0.8265864214768883,0.0004999999999999999
ys900,ys900.npz,/home/vipuser/Meri-FID-Gate-Airfoil/data/airfoil/raw/uiuc/coord_seligFmt/coord_seligFmt/ys900.dat,True,121,257,0.09005617810326551,0.524533837163709,0.0,0.0,0.0
ys915,ys915.npz,/home/vipuser/Meri-FID-Gate-Airfoil/data/airfoil/raw/uiuc/coord_seligFmt/coord_seligFmt/ys915.dat,True,121,257,0.09094356002559342,0.3607401553074735,0.017555769461926732,0.6568408701994457,0.0
ys920,ys920.npz,/home/vipuser/Meri-FID-Gate-Airfoil/data/airfoil/raw/uiuc/coord_seligFmt/coord_seligFmt/ys920.dat,True,121,257,0.09051377852696432,0.3431591298005542,0.02123820886065215,0.6568408701994457,0.0
ys930,ys930.npz,/home/vipuser/Meri-FID-Gate-Airfoil/data/airfoil/raw/uiuc/coord_seligFmt/coord_seligFmt/ys930.dat,True,121,257,0.09090567091656908,0.3489970253403859,0.03034980601013647,0.5915199439775705,0.0
zv15_35,zv15_35.npz,/home/vipuser/Meri-FID-Gate-Airfoil/data/airfoil/raw/uiuc/coord_seligFmt/coord_seligFmt/zv15_35.dat,True,208,257,0.15648544412364265,0.19724447929783723,0.011034971797583316,0.42663476277231915,0.0
