sample_id,npz_file,source_file,passed_quality,num_raw_points,num_resampled_points,t_max,x_tmax,camber_max,x_camber_max,te_gap
2032c,2032c.npz,/home/vipuser/Meri-FID-Gate-Airfoil/data/airfoil/raw/uiuc/coord_seligFmt/coord_seligFmt/2032c.dat,True,35,257,0.0795614227101697,0.1972444792978372,0.0693393329357116,0.3964443119038907,0.0032
30p-30n-flap,30p-30n-flap.npz,/home/vipuser/Meri-FID-Gate-Airfoil/data/airfoil/raw/uiuc/coord_seligFmt/coord_seligFmt/30p-30n-flap.dat,True,242,257,0.1778563059578878,0.2120959042910773,0.084538148937658,0.4632177182001663,0.0259924772152229
30p-30n-main,30p-30n-main.npz,/home/vipuser/Meri-FID-Gate-Airfoil/data/airfoil/raw/uiuc/coord_seligFmt/coord_seligFmt/30p-30n-main.dat,True,221,257,0.1391392227793536,0.4327096457464369,0.0248458547755252,0.7978496522462166,0.0
a18,a18.npz,/home/vipuser/Meri-FID-Gate-Airfoil/data/airfoil/raw/uiuc/coord_seligFmt/coord_seligFmt/a18.dat,True,41,257,0.073404924699557,0.297379342997505,0.038720229878359,0.4509914298352196,0.00614
a18sm,a18sm.npz,/home/vipuser/Meri-FID-Gate-Airfoil/data/airfoil/raw/uiuc/coord_seligFmt/coord_seligFmt/a18sm.dat,True,79,257,0.0728181926791856,0.26973064452088,0.038411779952503,0.4877293857385438,0.00613
a63a108c,a63a108c.npz,/home/vipuser/Meri-FID-Gate-Airfoil/data/airfoil/raw/uiuc/coord_seligFmt/coord_seligFmt/a63a108c.dat,True,99,257,0.0773301737322014,0.3030039799694759,0.0048571977380832,0.1254318027382703,0.007
ag03,ag03.npz,/home/vipuser/Meri-FID-Gate-Airfoil/data/airfoil/raw/uiuc/coord_seligFmt/coord_seligFmt/ag03.dat,True,180,257,0.0623671933608288,0.2535509038851079,0.0203260178331753,0.3200524817325059,0.0012100036300108
ag04,ag04.npz,/home/vipuser/Meri-FID-Gate-Airfoil/data/airfoil/raw/uiuc/coord_seligFmt/coord_seligFmt/ag04.dat,True,180,257,0.0642278540317622,0.2222148834901988,0.0172941528046922,0.4024548389919358,0.0013400220163612
ag08,ag08.npz,/home/vipuser/Meri-FID-Gate-Airfoil/data/airfoil/raw/uiuc/coord_seligFmt/coord_seligFmt/ag08.dat,True,180,257,0.0582952100026747,0.2071010712717805,0.0178760714636306,0.3964443119038907,0.0015989973655
ag09,ag09.npz,/home/vipuser/Meri-FID-Gate-Airfoil/data/airfoil/raw/uiuc/coord_seligFmt/coord_seligFmt/ag09.dat,True,180,257,0.0486275963921508,0.1734135785231116,0.0185961604620333,0.3373448539188685,0.0019530002837255
ag10,ag10.npz,/home/vipuser/Meri-FID-Gate-Airfoil/data/airfoil/raw/uiuc/coord_seligFmt/coord_seligFmt/ag10.dat,True,180,257,0.047269259321422,0.1596995011022734,0.0168309789250675,0.3431591298005542,0.0036168128878045
ag11,ag11.npz,/home/vipuser/Meri-FID-Gate-Airfoil/data/airfoil/raw/uiuc/coord_seligFmt/coord_seligFmt/ag11.dat,True,183,257,0.0581231424214644,0.2589081139604385,0.0227756800902396,0.297379342997505,0.0023210294431265
ag12,ag12.npz,/home/vipuser/Meri-FID-Gate-Airfoil/data/airfoil/raw/uiuc/coord_seligFmt/coord_seligFmt/ag12.dat,True,160,257,0.0623567167109848,0.2171340946081933,0.0184916655081301,0.4266347627723191,0.000942
ag13,ag13.npz,/home/vipuser/Meri-FID-Gate-Airfoil/data/airfoil/raw/uiuc/coord_seligFmt/coord_seligFmt/ag13.dat,True,160,257,0.0583402213921405,0.2120959042910773,0.0197167307878278,0.4205709283330693,0.000948
ag14,ag14.npz,/home/vipuser/Meri-FID-Gate-Airfoil/data/airfoil/raw/uiuc/coord_seligFmt/coord_seligFmt/ag14.dat,True,160,257,0.0536947200998979,0.1972444792978372,0.0209774985838493,0.4084800560224295,0.0009560009560009
ag16,ag16.npz,/home/vipuser/Meri-FID-Gate-Airfoil/data/airfoil/raw/uiuc/coord_seligFmt/coord_seligFmt/ag16.dat,True,160,257,0.0711395793085435,0.2325011900564513,0.0191220855113165,0.4693396318488956,0.0009289900460189
ag17,ag17.npz,/home/vipuser/Meri-FID-Gate-Airfoil/data/airfoil/raw/uiuc/coord_seligFmt/coord_seligFmt/ag17.dat,True,160,257,0.0648736586192946,0.2222148834901988,0.0205500920174026,0.45710134382778,0.0009389862310951
ag18,ag18.npz,/home/vipuser/Meri-FID-Gate-Airfoil/data/airfoil/raw/uiuc/coord_seligFmt/coord_seligFmt/ag18.dat,True,160,257,0.0586720042192666,0.2071010712717805,0.021999416439013,0.4448888963530584,0.0009479829421923
ag19,ag19.npz,/home/vipuser/Meri-FID-Gate-Airfoil/data/airfoil/raw/uiuc/coord_seligFmt/coord_seligFmt/ag19.dat,True,160,257,0.0540219880624512,0.1972444792978372,0.0230776422425834,0.4266347627723191,0.0009539834661847
ag23,ag23.npz,/home/vipuser/Meri-FID-Gate-Airfoil/data/airfoil/raw/uiuc/coord_seligFmt/coord_seligFmt/ag23.dat,True,160,257,0.0889904988136952,0.2751943351726967,0.0218485418756223,0.4509914298352196,0.0009884482382782
ag24,ag24.npz,/home/vipuser/Meri-FID-Gate-Airfoil/data/airfoil/raw/uiuc/coord_seligFmt/coord_seligFmt/ag24.dat,True,160,257,0.0841352750063152,0.2643016315870011,0.0223535965292191,0.45710134382778,0.0009710009710009
ag25,ag25.npz,/home/vipuser/Meri-FID-Gate-Airfoil/data/airfoil/raw/uiuc/coord_seligFmt/coord_seligFmt/ag25.dat,True,160,257,0.075822632250768,0.2482308081371412,0.0242036198765846,0.4509914298352196,0.000963
ag26,ag26.npz,/home/vipuser/Meri-FID-Gate-Airfoil/data/airfoil/raw/uiuc/coord_seligFmt/coord_seligFmt/ag26.dat,True,160,257,0.06844045413158,0.2325011900564513,0.0256792518413078,0.4387946624003919,0.0009990019980039
ag35,ag35.npz,/home/vipuser/Meri-FID-Gate-Airfoil/data/airfoil/raw/uiuc/coord_seligFmt/coord_seligFmt/ag35.dat,True,180,257,0.0872235305836461,0.2806918807307361,0.0238675080346699,0.3666436212625508,0.0024899208328391
ag36,ag36.npz,/home/vipuser/Meri-FID-Gate-Airfoil/data/airfoil/raw/uiuc/coord_seligFmt/coord_seligFmt/ag36.dat,True,180,257,0.0817498108990344,0.2751943351726967,0.0225106369302162,0.3666436212625508,0.0026700669085745
ag37,ag37.npz,/home/vipuser/Meri-FID-Gate-Airfoil/data/airfoil/raw/uiuc/coord_seligFmt/coord_seligFmt/ag37.dat,True,180,257,0.0774021116607119,0.2643016315870011,0.0221262750959576,0.3548576613727688,0.0035080175400877
ag38,ag38.npz,/home/vipuser/Meri-FID-Gate-Airfoil/data/airfoil/raw/uiuc/coord_seligFmt/coord_seligFmt/ag38.dat,True,180,257,0.0703960694174831,0.2806918807307361,0.0209483390285649,0.3548576613727688,0.0047030249345678
ag44ct02r,ag44ct02r.npz,/home/vipuser/Meri-FID-Gate-Airfoil/data/airfoil/raw/uiuc/coord_seligFmt/coord_seligFmt/ag44ct02r.dat,True,170,257,0.0728915214907036,0.2482308081371412,0.0196373602787569,0.33155507330389,0.0005340053400534
ag45ct02r,ag45ct02r.npz,/home/vipuser/Meri-FID-Gate-Airfoil/data/airfoil/raw/uiuc/coord_seligFmt/coord_seligFmt/ag45ct02r.dat,True,170,257,0.0689520837389609,0.2377051586607655,0.0187614610995997,0.3200524817325059,0.0006220074640895
ag46ct02r,ag46ct02r.npz,/home/vipuser/Meri-FID-Gate-Airfoil/data/airfoil/raw/uiuc/coord_seligFmt/coord_seligFmt/ag46ct02r.dat,True,171,257,0.0608339537213435,0.2325011900564513,0.0171664397235742,0.3200524817325059,0.0007930095161141
ag47c03,ag47c03.npz,/home/vipuser/Meri-FID-Gate-Airfoil/data/airfoil/raw/uiuc/coord_seligFmt/coord_seligFmt/ag47c03.dat,True,169,257,0.0506060596450874,0.2222148834901988,0.0138685921716689,0.3200524817325059,0.0006929151695462
ag47ct02r,ag47ct02r.npz,/home/vipuser/Meri-FID-Gate-Airfoil/data/airfoil/raw/uiuc/coord_seligFmt/coord_seligFmt/ag47ct02r.dat,True,171,257,0.0499136308829619,0.2222148834901988,0.013366064899046,0.3200524817325059,0.0006930117812002
ag52,ag52.npz,/home/vipuser/Meri-FID-Gate-Airfoil/data/airfoil/raw/uiuc/coord_seligFmt/coord_seligFmt/ag52.dat,True,161,257,0.0835082792190601,0.2806918807307361,0.017641676075034,0.4084800560224295,0.000396
ag53,ag53.npz,/home/vipuser/Meri-FID-Gate-Airfoil/data/airfoil/raw/uiuc/coord_seligFmt/coord_seligFmt/ag53.dat,True,161,257,0.0807756763232668,0.2806918807307361,0.0179645003932042,0.3964443119038907,0.000496
ag54,ag54.npz,/home/vipuser/Meri-FID-Gate-Airfoil/data/airfoil/raw/uiuc/coord_seligFmt/coord_seligFmt/ag54.dat,True,164,257,0.0753241910412149,0.2589081139604385,0.0186755521199696,0.3844709458596643,0.000694
ag55,ag55.npz,/home/vipuser/Meri-FID-Gate-Airfoil/data/airfoil/raw/uiuc/coord_seligFmt/coord_seligFmt/ag55.dat,True,165,257,0.065661177308292,0.2482308081371412,0.0198029981323477,0.3666436212625508,0.0009920019840039
ah21-7,ah21-7.npz,/home/vipuser/Meri-FID-Gate-Airfoil/data/airfoil/raw/uiuc/coord_seligFmt/coord_seligFmt/ah21-7.dat,True,61,257,0.0897683615619223,0.3489970253403859,0.0225925941812384,0.5490085701647803,0.0
ah21-9,ah21-9.npz,/home/vipuser/Meri-FID-Gate-Airfoil/data/airfoil/raw/uiuc/coord_seligFmt/coord_seligFmt/ah21-9.dat,True,61,257,0.0699986741030859,0.3489970253403859,0.0176170470691716,0.5490085701647803,0.0
ah63k127,ah63k127.npz,/home/vipuser/Meri-FID-Gate-Airfoil/data/airfoil/raw/uiuc/coord_seligFmt/coord_seligFmt/ah63k127.dat,True,97,257,0.1270699385572408,0.4024548389919358,0.0376394150398024,0.4387946624003919,0.0
ah6407,ah6407.npz,/home/vipuser/Meri-FID-Gate-Airfoil/data/airfoil/raw/uiuc/coord_seligFmt/coord_seligFmt/ah6407.dat,True,31,257,0.0684905098918918,0.1972444792978372,0.0552812315713736,0.4024548389919358,0.007
ah79100a,ah79100a.npz,/home/vipuser/Meri-FID-Gate-Airfoil/data/airfoil/raw/uiuc/coord_seligFmt/coord_seligFmt/ah79100a.dat,True,97,257,0.0999747962718254,0.2806918807307361,0.0364475094211299,0.5612053375996081,0.0
ah79100b,ah79100b.npz,/home/vipuser/Meri-FID-Gate-Airfoil/data/airfoil/raw/uiuc/coord_seligFmt/coord_seligFmt/ah79100b.dat,True,97,257,0.1003699758121923,0.3086582838174551,0.064195,0.4999999999999999,0.0
ah79100c,ah79100c.npz,/home/vipuser/Meri-FID-Gate-Airfoil/data/airfoil/raw/uiuc/coord_seligFmt/coord_seligFmt/ah79100c.dat,True,97,257,0.0994299804193937,0.3086582838174551,0.067005,0.4999999999999999,0.0
ah79k132,ah79k132.npz,/home/vipuser/Meri-FID-Gate-Airfoil/data/airfoil/raw/uiuc/coord_seligFmt/coord_seligFmt/ah79k132.dat,True,97,257,0.1319999460502602,0.4024548389919358,0.0367999670307145,0.4024548389919358,0.0
ah79k143,ah79k143.npz,/home/vipuser/Meri-FID-Gate-Airfoil/data/airfoil/raw/uiuc/coord_seligFmt/coord_seligFmt/ah79k143.dat,True,97,257,0.1427399970027922,0.4024548389919358,0.0286799775209417,0.4024548389919358,0.0
ah80136,ah80136.npz,/home/vipuser/Meri-FID-Gate-Airfoil/data/airfoil/raw/uiuc/coord_seligFmt/coord_seligFmt/ah80136.dat,True,97,257,0.1354763716295732,0.3431591298005542,0.0338105895948171,0.3373448539188685,0.0017499999999999
ah80140,ah80140.npz,/home/vipuser/Meri-FID-Gate-Airfoil/data/airfoil/raw/uiuc/coord_seligFmt/coord_seligFmt/ah80140.dat,True,97,257,0.1396299683254899,0.3086582838174551,0.0435813563653189,0.3373448539188685,0.0
ah81131,ah81131.npz,/home/vipuser/Meri-FID-Gate-Airfoil/data/airfoil/raw/uiuc/coord_seligFmt/coord_seligFmt/ah81131.dat,True,97,257,0.1305199805181495,0.4024548389919358,0.0278834155642939,0.4024548389919358,0.0
ah81k144,ah81k144.npz,/home/vipuser/Meri-FID-Gate-Airfoil/data/airfoil/raw/uiuc/coord_seligFmt/coord_seligFmt/ah81k144.dat,True,97,257,0.1446299400558447,0.4024548389919358,0.0421613754675278,0.4632177182001663,0.0
ah81k144wfKlappe,ah81k144wfKlappe.npz,/home/vipuser/Meri-FID-Gate-Airfoil/data/airfoil/raw/uiuc/coord_seligFmt/coord_seligFmt/ah81k144wfKlappe.dat,True,97,257,0.2200119932052898,0.1734135785231116,0.0106444740973292,0.1020815476955582,0.0
ah82150a,ah82150a.npz,/home/vipuser/Meri-FID-Gate-Airfoil/data/airfoil/raw/uiuc/coord_seligFmt/coord_seligFmt/ah82150a.dat,True,97,257,0.1499899925069805,0.4024548389919358,0.0328090568190212,0.4327096457464369,0.0
ah82150f,ah82150f.npz,/home/vipuser/Meri-FID-Gate-Airfoil/data/airfoil/raw/uiuc/coord_seligFmt/coord_seligFmt/ah82150f.dat,True,97,257,0.1499538112373449,0.4387946624003919,0.0363518504816649,0.4632177182001663,0.0
ah83159,ah83159.npz,/home/vipuser/Meri-FID-Gate-Airfoil/data/airfoil/raw/uiuc/coord_seligFmt/coord_seligFmt/ah83159.dat,True,97,257,0.15942,0.4024548389919358,0.0384499985013961,0.4024548389919358,0.0
ah85l120,ah85l120.npz,/home/vipuser/Meri-FID-Gate-Airfoil/data/airfoil/raw/uiuc/coord_seligFmt/coord_seligFmt/ah85l120.dat,True,97,257,0.1210710757833187,0.4327096457464369,0.0,0.0,0.0
ah88k130,ah88k130.npz,/home/vipuser/Meri-FID-Gate-Airfoil/data/airfoil/raw/uiuc/coord_seligFmt/coord_seligFmt/ah88k130.dat,True,97,257,0.1299726036324297,0.4387946624003919,0.0393940744640475,0.4693396318488956,0.0
ah88k136,ah88k136.npz,/home/vipuser/Meri-FID-Gate-Airfoil/data/airfoil/raw/uiuc/coord_seligFmt/coord_seligFmt/ah88k136.dat,True,120,257,0.1354390928639713,0.4448888963530584,0.0303789926524231,0.4084800560224295,0.0
ah93156,ah93156.npz,/home/vipuser/Meri-FID-Gate-Airfoil/data/airfoil/raw/uiuc/coord_seligFmt/coord_seligFmt/ah93156.dat,True,120,257,0.1566393983639018,0.3964443119038907,0.0388564064366228,0.4145190556198493,0.0
ah93k130,ah93k130.npz,/home/vipuser/Meri-FID-Gate-Airfoil/data/airfoil/raw/uiuc/coord_seligFmt/coord_seligFmt/ah93k130.dat,True,120,257,0.1305303881940828,0.4205709283330693,0.0358895565358327,0.4024548389919358,0.000720007200072
ah93k132,ah93k132.npz,/home/vipuser/Meri-FID-Gate-Airfoil/data/airfoil/raw/uiuc/coord_seligFmt/coord_seligFmt/ah93k132.dat,True,120,257,0.1322742069966112,0.4145190556198493,0.0350714011391225,0.4145190556198493,0.00085
ah93w215,ah93w215.npz,/home/vipuser/Meri-FID-Gate-Airfoil/data/airfoil/raw/uiuc/coord_seligFmt/coord_seligFmt/ah93w215.dat,True,97,257,0.2121690326068009,0.3373448539188685,0.0308651004927317,0.4024548389919358,0.0
ah93w257,ah93w257.npz,/home/vipuser/Meri-FID-Gate-Airfoil/data/airfoil/raw/uiuc/coord_seligFmt/coord_seligFmt/ah93w257.dat,True,97,257,0.2567398686947583,0.3086582838174551,0.0206355694905396,0.777785116509801,0.00773
ah94145,ah94145.npz,/home/vipuser/Meri-FID-Gate-Airfoil/data/airfoil/raw/uiuc/coord_seligFmt/coord_seligFmt/ah94145.dat,True,120,257,0.1456619688751258,0.3844709458596643,0.0559101873307791,0.4448888963530584,0.0019600958832428
ah94156,ah94156.npz,/home/vipuser/Meri-FID-Gate-Airfoil/data/airfoil/raw/uiuc/coord_seligFmt/coord_seligFmt/ah94156.dat,True,120,257,0.156070115287701,0.4024548389919358,0.0373968444868959,0.4145190556198493,0.0
ah95160,ah95160.npz,/home/vipuser/Meri-FID-Gate-Airfoil/data/airfoil/raw/uiuc/coord_seligFmt/coord_seligFmt/ah95160.dat,True,120,257,0.1599250599022187,0.3844709458596643,0.0558850715727176,0.4448888963530584,0.0021599999136345
ames01,ames01.npz,/home/vipuser/Meri-FID-Gate-Airfoil/data/airfoil/raw/uiuc/coord_seligFmt/coord_seligFmt/ames01.dat,True,81,257,0.102749799405068,0.3489970253403859,0.014103480808549,0.1508118752955135,0.00599
ames02,ames02.npz,/home/vipuser/Meri-FID-Gate-Airfoil/data/airfoil/raw/uiuc/coord_seligFmt/coord_seligFmt/ames02.dat,True,99,257,0.0773319934934032,0.3030039799694759,0.0048576977380832,0.1254318027382703,0.007
ames03,ames03.npz,/home/vipuser/Meri-FID-Gate-Airfoil/data/airfoil/raw/uiuc/coord_seligFmt/coord_seligFmt/ames03.dat,True,99,257,0.0999858199634045,0.378509910048368,0.0122441925884554,0.1734135785231116,0.006
amsoil1,amsoil1.npz,/home/vipuser/Meri-FID-Gate-Airfoil/data/airfoil/raw/uiuc/coord_seligFmt/coord_seligFmt/amsoil1.dat,True,75,257,0.1162377531003921,0.3904493799215651,0.0207934775244451,0.4205709283330693,0.00442
amsoil2,amsoil2.npz,/home/vipuser/Meri-FID-Gate-Airfoil/data/airfoil/raw/uiuc/coord_seligFmt/coord_seligFmt/amsoil2.dat,True,75,257,0.1176174338962184,0.3904493799215651,0.009695,0.49386423085714,0.00448
apex16,apex16.npz,/home/vipuser/Meri-FID-Gate-Airfoil/data/airfoil/raw/uiuc/coord_seligFmt/coord_seligFmt/apex16.dat,True,35,257,0.1291830341896269,0.3725671701977426,0.0266722543893931,0.5733652372276808,0.0
apex16_NASA_CR-201062,apex16_NASA_CR-201062.npz,/home/vipuser/Meri-FID-Gate-Airfoil/data/airfoil/raw/uiuc/coord_seligFmt/coord_seligFmt/apex16_NASA_CR-201062.dat,True,140,257,0.1310909260189205,0.3725671701977426,0.0265551315764763,0.5915199439775705,0.0041391006534472
aquilasm,aquilasm.npz,/home/vipuser/Meri-FID-Gate-Airfoil/data/airfoil/raw/uiuc/coord_seligFmt/coord_seligFmt/aquilasm.dat,True,69,257,0.0938327084665948,0.3143414030240812,0.0404563143234258,0.3431591298005542,0.0
arad10,arad10.npz,/home/vipuser/Meri-FID-Gate-Airfoil/data/airfoil/raw/uiuc/coord_seligFmt/coord_seligFmt/arad10.dat,True,51,257,0.0999919678689426,0.2482308081371412,0.0398828474877309,0.3548576613727688,0.015
arad13,arad13.npz,/home/vipuser/Meri-FID-Gate-Airfoil/data/airfoil/raw/uiuc/coord_seligFmt/coord_seligFmt/arad13.dat,True,51,257,0.1299652176879762,0.2482308081371412,0.0360960168365776,0.3030039799694759,0.018
arad20,arad20.npz,/home/vipuser/Meri-FID-Gate-Airfoil/data/airfoil/raw/uiuc/coord_seligFmt/coord_seligFmt/arad20.dat,True,51,257,0.1999252889822573,0.2535509038851079,0.0374980892727881,0.2482308081371412,0.025
arad6,arad6.npz,/home/vipuser/Meri-FID-Gate-Airfoil/data/airfoil/raw/uiuc/coord_seligFmt/coord_seligFmt/arad6.dat,True,51,257,0.0602287213377369,0.2021503477537832,0.0500915334418889,0.4509914298352196,0.011
as5045,as5045.npz,/home/vipuser/Meri-FID-Gate-Airfoil/data/airfoil/raw/uiuc/coord_seligFmt/coord_seligFmt/as5045.dat,True,81,257,0.1499730812472478,0.3725671701977426,0.0101501615181427,0.2429486279033891,0.0025
as5046,as5046.npz,/home/vipuser/Meri-FID-Gate-Airfoil/data/airfoil/raw/uiuc/coord_seligFmt/coord_seligFmt/as5046.dat,True,81,257,0.1599751329686636,0.3725671701977426,0.010075993475204,0.2120959042910773,0.002680080402412
as5048,as5048.npz,/home/vipuser/Meri-FID-Gate-Airfoil/data/airfoil/raw/uiuc/coord_seligFmt/coord_seligFmt/as5048.dat,True,81,257,0.1798505785517234,0.3844709458596643,0.0102119361536965,0.2806918807307361,0.0029904186586122
as6091,as6091.npz,/home/vipuser/Meri-FID-Gate-Airfoil/data/airfoil/raw/uiuc/coord_seligFmt/coord_seligFmt/as6091.dat,True,61,257,0.0405264292098607,0.0983962342596775,0.0557912149588082,0.4327096457464369,4.0005758022693504e-18
as6092,as6092.npz,/home/vipuser/Meri-FID-Gate-Airfoil/data/airfoil/raw/uiuc/coord_seligFmt/coord_seligFmt/as6092.dat,True,61,257,0.0505390760940778,0.1213955767467577,0.0548109136723782,0.4693396318488956,-3.1875338153840965e-17
as6093,as6093.npz,/home/vipuser/Meri-FID-Gate-Airfoil/data/airfoil/raw/uiuc/coord_seligFmt/coord_seligFmt/as6093.dat,True,61,257,0.0607890628210739,0.1254318027382703,0.0538125499604889,0.4754661628362909,-2.1008738275110068e-17
as6094,as6094.npz,/home/vipuser/Meri-FID-Gate-Airfoil/data/airfoil/raw/uiuc/coord_seligFmt/coord_seligFmt/as6094.dat,True,61,257,0.0413319965113545,0.0877053486074873,0.0784911363048666,0.4448888963530584,5.258598077670744e-17
as6095,as6095.npz,/home/vipuser/Meri-FID-Gate-Airfoil/data/airfoil/raw/uiuc/coord_seligFmt/coord_seligFmt/as6095.dat,True,61,257,0.0512491119599977,0.0983962342596775,0.0790136806311714,0.45710134382778,1.2572366013208384e-17
as6096,as6096.npz,/home/vipuser/Meri-FID-Gate-Airfoil/data/airfoil/raw/uiuc/coord_seligFmt/coord_seligFmt/as6096.dat,True,61,257,0.0615672386623147,0.1134947733186315,0.0790370517323486,0.4509914298352196,-7.977605199212592e-17
as6098,as6098.npz,/home/vipuser/Meri-FID-Gate-Airfoil/data/airfoil/raw/uiuc/coord_seligFmt/coord_seligFmt/as6098.dat,True,61,257,0.0522351515155706,0.0983962342596775,0.092721158492452,0.45710134382778,-4.4006014152677656e-17
as6099,as6099.npz,/home/vipuser/Meri-FID-Gate-Airfoil/data/airfoil/raw/uiuc/coord_seligFmt/coord_seligFmt/as6099.dat,True,61,257,0.0619987358698497,0.1134947733186315,0.0908060266611755,0.49386423085714,-4.056911404935706e-17
atr72sm,atr72sm.npz,/home/vipuser/Meri-FID-Gate-Airfoil/data/airfoil/raw/uiuc/coord_seligFmt/coord_seligFmt/atr72sm.dat,True,79,257,0.1452508656687033,0.2535509038851079,0.0287960451583523,0.2120959042910773,0.0
august160,august160.npz,/home/vipuser/Meri-FID-Gate-Airfoil/data/airfoil/raw/uiuc/coord_seligFmt/coord_seligFmt/august160.dat,True,97,257,0.160318480528671,0.2535509038851079,0.0538375319233516,0.2482308081371412,0.0
avistar,avistar.npz,/home/vipuser/Meri-FID-Gate-Airfoil/data/airfoil/raw/uiuc/coord_seligFmt/coord_seligFmt/avistar.dat,True,79,257,0.1451881578401422,0.3431591298005542,0.0228451499662139,0.378509910048368,0.003211
b29root,b29root.npz,/home/vipuser/Meri-FID-Gate-Airfoil/data/airfoil/raw/uiuc/coord_seligFmt/coord_seligFmt/b29root.dat,True,39,257,0.2197585537758633,0.3030039799694759,0.0173804128140567,0.3964443119038907,0.0
b29tip,b29tip.npz,/home/vipuser/Meri-FID-Gate-Airfoil/data/airfoil/raw/uiuc/coord_seligFmt/coord_seligFmt/b29tip.dat,True,39,257,0.0899480295570231,0.3030039799694759,0.0222639648459979,0.3030039799694759,0.0
b540ols,b540ols.npz,/home/vipuser/Meri-FID-Gate-Airfoil/data/airfoil/raw/uiuc/coord_seligFmt/coord_seligFmt/b540ols.dat,True,95,257,0.0971,0.2222148834901988,0.0,0.0,0.0041
b707a,b707a.npz,/home/vipuser/Meri-FID-Gate-Airfoil/data/airfoil/raw/uiuc/coord_seligFmt/coord_seligFmt/b707a.dat,True,121,257,0.1142762664664129,0.2429486279033891,0.0130177084528261,0.3200524817325059,0.0
b707c,b707c.npz,/home/vipuser/Meri-FID-Gate-Airfoil/data/airfoil/raw/uiuc/coord_seligFmt/coord_seligFmt/b707c.dat,True,33,257,0.0958,0.3030039799694759,0.0189861981199762,0.1508118752955135,0.0
b707d,b707d.npz,/home/vipuser/Meri-FID-Gate-Airfoil/data/airfoil/raw/uiuc/coord_seligFmt/coord_seligFmt/b707d.dat,True,37,257,0.0896288096692338,0.4024548389919358,0.0178954940300457,0.3030039799694759,0.0
b707e,b707e.npz,/home/vipuser/Meri-FID-Gate-Airfoil/data/airfoil/raw/uiuc/coord_seligFmt/coord_seligFmt/b707e.dat,True,121,257,0.0900842667414937,0.4205709283330693,0.0177904543202195,0.3373448539188685,0.0
b737a,b737a.npz,/home/vipuser/Meri-FID-Gate-Airfoil/data/airfoil/raw/uiuc/coord_seligFmt/coord_seligFmt/b737a.dat,True,45,257,0.1536620614597402,0.1972444792978372,0.0022803707022995,0.050662767153023,0.0006
b737b,b737b.npz,/home/vipuser/Meri-FID-Gate-Airfoil/data/airfoil/raw/uiuc/coord_seligFmt/coord_seligFmt/b737b.dat,True,45,257,0.1254511412639233,0.297379342997505,0.0075136689982924,0.1020815476955582,0.0008
b737d,b737d.npz,/home/vipuser/Meri-FID-Gate-Airfoil/data/airfoil/raw/uiuc/coord_seligFmt/coord_seligFmt/b737d.dat,True,45,257,0.107960722576129,0.4024548389919358,0.0157435489567386,0.2021503477537832,0.0016
bacj,bacj.npz,/home/vipuser/Meri-FID-Gate-Airfoil/data/airfoil/raw/uiuc/coord_seligFmt/coord_seligFmt/bacj.dat,True,100,257,0.1006593073608474,0.3964443119038907,0.0168713779018822,0.7828659053918066,0.00068
bacnlf,bacnlf.npz,/home/vipuser/Meri-FID-Gate-Airfoil/data/airfoil/raw/uiuc/coord_seligFmt/coord_seligFmt/bacnlf.dat,True,138,257,0.1007786416995241,0.4327096457464369,0.012664780375305,0.7410918860395613,0.0023574367272787
bacxxx,bacxxx.npz,/home/vipuser/Meri-FID-Gate-Airfoil/data/airfoil/raw/uiuc/coord_seligFmt/coord_seligFmt/bacxxx.dat,True,61,257,0.1130759286081692,0.3489970253403859,0.0139428932188134,0.1464466094067262,0.0008
bambino6,bambino6.npz,/home/vipuser/Meri-FID-Gate-Airfoil/data/airfoil/raw/uiuc/coord_seligFmt/coord_seligFmt/bambino6.dat,True,33,257,0.1199288862380778,0.3964443119038907,0.0279822215595194,0.3964443119038907,0.0
be50,be50.npz,/home/vipuser/Meri-FID-Gate-Airfoil/data/airfoil/raw/uiuc/coord_seligFmt/coord_seligFmt/be50.dat,True,43,257,0.0727468154546468,0.2482308081371412,0.0405657853317484,0.4509914298352196,0.0026
be50sm,be50sm.npz,/home/vipuser/Meri-FID-Gate-Airfoil/data/airfoil/raw/uiuc/coord_seligFmt/coord_seligFmt/be50sm.dat,True,79,257,0.0731574336279218,0.2377051586607655,0.0395756704345229,0.45710134382778,0.00259
bqm34,bqm34.npz,/home/vipuser/Meri-FID-Gate-Airfoil/data/airfoil/raw/uiuc/coord_seligFmt/coord_seligFmt/bqm34.dat,True,89,257,0.098986801897899,0.3257906598752828,0.0,0.0,0.0
bte-fk,bte-fk.npz,/home/vipuser/Meri-FID-Gate-Airfoil/data/airfoil/raw/uiuc/coord_seligFmt/coord_seligFmt/bte-fk.dat,True,159,257,0.1212775118291474,0.2377051586607655,0.0207816282642452,0.512270614261456,0.0076792520898938
bw050209,bw050209.npz,/home/vipuser/Meri-FID-Gate-Airfoil/data/airfoil/raw/uiuc/coord_seligFmt/coord_seligFmt/bw050209.dat,True,47,257,0.091878078212934,0.3030039799694759,0.02049403474398,0.297379342997505,0.001
bw3,bw3.npz,/home/vipuser/Meri-FID-Gate-Airfoil/data/airfoil/raw/uiuc/coord_seligFmt/coord_seligFmt/bw3.dat,True,79,257,0.0501734818650353,0.0743224034473674,0.0565105376564123,0.4509914298352196,0.006617
c141a,c141a.npz,/home/vipuser/Meri-FID-Gate-Airfoil/data/airfoil/raw/uiuc/coord_seligFmt/coord_seligFmt/c141a.dat,True,65,257,0.1299359818763999,0.4024548389919358,0.010946996509501,0.645142338627231,0.001096
c141b,c141b.npz,/home/vipuser/Meri-FID-Gate-Airfoil/data/airfoil/raw/uiuc/coord_seligFmt/coord_seligFmt/c141b.dat,True,65,257,0.1264489830228457,0.4024548389919358,0.0112269991273752,0.645142338627231,0.001234
c141c,c141c.npz,/home/vipuser/Meri-FID-Gate-Airfoil/data/airfoil/raw/uiuc/coord_seligFmt/coord_seligFmt/c141c.dat,True,65,257,0.1098809837058346,0.4024548389919358,0.013163,0.4999999999999999,0.001854
c141d,c141d.npz,/home/vipuser/Meri-FID-Gate-Airfoil/data/airfoil/raw/uiuc/coord_seligFmt/coord_seligFmt/c141d.dat,True,65,257,0.1076579843644311,0.4024548389919358,0.0154469999999999,0.4999999999999999,0.002188
c141e,c141e.npz,/home/vipuser/Meri-FID-Gate-Airfoil/data/airfoil/raw/uiuc/coord_seligFmt/coord_seligFmt/c141e.dat,True,65,257,0.1051129849498502,0.4024548389919358,0.0180285,0.4999999999999999,0.002546
c141f,c141f.npz,/home/vipuser/Meri-FID-Gate-Airfoil/data/airfoil/raw/uiuc/coord_seligFmt/coord_seligFmt/c141f.dat,True,65,257,0.0999659844080373,0.4024548389919358,0.0231937939603868,0.4509914298352196,0.003249
c5b,c5b.npz,/home/vipuser/Meri-FID-Gate-Airfoil/data/airfoil/raw/uiuc/coord_seligFmt/coord_seligFmt/c5b.dat,True,61,257,0.1154633159175176,0.4024548389919358,0.012140165720452,0.7026206570024949,0.0022038
c5c,c5c.npz,/home/vipuser/Meri-FID-Gate-Airfoil/data/airfoil/raw/uiuc/coord_seligFmt/coord_seligFmt/c5c.dat,True,61,257,0.1110030903157783,0.4024548389919358,0.0140274874987644,0.651002974659614,0.0021898
c5d,c5d.npz,/home/vipuser/Meri-FID-Gate-Airfoil/data/airfoil/raw/uiuc/coord_seligFmt/coord_seligFmt/c5d.dat,True,61,257,0.1105098358669088,0.4024548389919358,0.0135423576520757,0.5975451610080641,0.002216
c5e,c5e.npz,/home/vipuser/Meri-FID-Gate-Airfoil/data/airfoil/raw/uiuc/coord_seligFmt/coord_seligFmt/c5e.dat,True,61,257,0.107750688140415,0.4024548389919358,0.0142617652506512,0.297379342997505,0.0020134
cal1215j,cal1215j.npz,/home/vipuser/Meri-FID-Gate-Airfoil/data/airfoil/raw/uiuc/coord_seligFmt/coord_seligFmt/cal1215j.dat,True,81,257,0.1172075046256748,0.3030039799694759,0.0225244646530318,0.4448888963530584,0.0
cal4014l,cal4014l.npz,/home/vipuser/Meri-FID-Gate-Airfoil/data/airfoil/raw/uiuc/coord_seligFmt/coord_seligFmt/cal4014l.dat,True,81,257,0.1000024371726096,0.2482308081371412,0.0194838615774163,0.3143414030240812,0.0
cap21c,cap21c.npz,/home/vipuser/Meri-FID-Gate-Airfoil/data/airfoil/raw/uiuc/coord_seligFmt/coord_seligFmt/cap21c.dat,True,39,257,0.1555251586737631,0.1552297276314665,0.0061965177164864,0.2377051586607655,0.0
cast102,cast102.npz,/home/vipuser/Meri-FID-Gate-Airfoil/data/airfoil/raw/uiuc/coord_seligFmt/coord_seligFmt/cast102.dat,True,57,257,0.1217409960367873,0.4509914298352196,0.0153997597557474,0.696996020030524,0.0049994
ch10sm,ch10sm.npz,/home/vipuser/Meri-FID-Gate-Airfoil/data/airfoil/raw/uiuc/coord_seligFmt/coord_seligFmt/ch10sm.dat,True,79,257,0.1283592839340022,0.3086582838174551,0.1019435822929065,0.49386423085714,0.00011
chen,chen.npz,/home/vipuser/Meri-FID-Gate-Airfoil/data/airfoil/raw/uiuc/coord_seligFmt/coord_seligFmt/chen.dat,True,98,257,0.1246880042359022,0.2751943351726967,0.0776861408247966,0.2535509038851079,0.0
clarkk,clarkk.npz,/home/vipuser/Meri-FID-Gate-Airfoil/data/airfoil/raw/uiuc/coord_seligFmt/coord_seligFmt/clarkk.dat,True,27,257,0.1169637878011945,0.297379342997505,0.0326209749152581,0.3964443119038907,0.0012
clarkv,clarkv.npz,/home/vipuser/Meri-FID-Gate-Airfoil/data/airfoil/raw/uiuc/coord_seligFmt/coord_seligFmt/clarkv.dat,True,33,257,0.1163759681602441,0.3030039799694759,0.0339,0.4999999999999999,0.0014
clarkw,clarkw.npz,/home/vipuser/Meri-FID-Gate-Airfoil/data/airfoil/raw/uiuc/coord_seligFmt/coord_seligFmt/clarkw.dat,True,33,257,0.11216855211597,0.297379342997505,0.0373339787066854,0.4024548389919358,0.001
clarkx,clarkx.npz,/home/vipuser/Meri-FID-Gate-Airfoil/data/airfoil/raw/uiuc/coord_seligFmt/coord_seligFmt/clarkx.dat,True,33,257,0.1169098806009157,0.3030039799694759,0.032748707740637,0.4024548389919358,0.0012
clarky,clarky.npz,/home/vipuser/Meri-FID-Gate-Airfoil/data/airfoil/raw/uiuc/coord_seligFmt/coord_seligFmt/clarky.dat,True,121,257,0.1170683321543711,0.2806918807307361,0.034329111435684,0.4205709283330693,0.0011986
clarkyh,clarkyh.npz,/home/vipuser/Meri-FID-Gate-Airfoil/data/airfoil/raw/uiuc/coord_seligFmt/coord_seligFmt/clarkyh.dat,True,31,257,0.1188648209013735,0.3030039799694759,0.024643992040061,0.3030039799694759,0.001
clarkys,clarkys.npz,/home/vipuser/Meri-FID-Gate-Airfoil/data/airfoil/raw/uiuc/coord_seligFmt/coord_seligFmt/clarkys.dat,True,33,257,0.1169098806009157,0.3030039799694759,0.0234593798164613,0.297379342997505,0.0
clarkysm,clarkysm.npz,/home/vipuser/Meri-FID-Gate-Airfoil/data/airfoil/raw/uiuc/coord_seligFmt/coord_seligFmt/clarkysm.dat,True,69,257,0.1172399959686987,0.3086582838174551,0.0352770435124452,0.4327096457464369,0.0
clarkz,clarkz.npz,/home/vipuser/Meri-FID-Gate-Airfoil/data/airfoil/raw/uiuc/coord_seligFmt/coord_seligFmt/clarkz.dat,True,33,257,0.1174038726409767,0.3030039799694759,0.0403108874309428,0.3964443119038907,0.0012
clarym15,clarym15.npz,/home/vipuser/Meri-FID-Gate-Airfoil/data/airfoil/raw/uiuc/coord_seligFmt/coord_seligFmt/clarym15.dat,True,33,257,0.1499231625969501,0.297379342997505,0.0356161524385082,0.3964443119038907,0.0016
clarym18,clarym18.npz,/home/vipuser/Meri-FID-Gate-Airfoil/data/airfoil/raw/uiuc/coord_seligFmt/coord_seligFmt/clarym18.dat,True,33,257,0.1798715872281607,0.297379342997505,0.0355755323471268,0.3964443119038907,0.0018
coanda1,coanda1.npz,/home/vipuser/Meri-FID-Gate-Airfoil/data/airfoil/raw/uiuc/coord_seligFmt/coord_seligFmt/coanda1.dat,True,33,257,0.0564849801001526,0.3030039799694759,0.0290946664678558,0.3964443119038907,0.0
coanda2,coanda2.npz,/home/vipuser/Meri-FID-Gate-Airfoil/data/airfoil/raw/uiuc/coord_seligFmt/coord_seligFmt/coanda2.dat,True,33,257,0.059994758685995,0.297379342997505,0.0289849801001526,0.3030039799694759,0.0
coanda3,coanda3.npz,/home/vipuser/Meri-FID-Gate-Airfoil/data/airfoil/raw/uiuc/coord_seligFmt/coord_seligFmt/coanda3.dat,True,33,257,0.07,0.3030039799694759,0.0289877258050403,0.4024548389919358,0.0
cootie,cootie.npz,/home/vipuser/Meri-FID-Gate-Airfoil/data/airfoil/raw/uiuc/coord_seligFmt/coord_seligFmt/cootie.dat,True,33,257,0.0845098806009157,0.3030039799694759,0.0551300370887298,0.4024548389919358,0.005
cr1,cr1.npz,/home/vipuser/Meri-FID-Gate-Airfoil/data/airfoil/raw/uiuc/coord_seligFmt/coord_seligFmt/cr1.dat,True,121,257,0.1220721577058144,0.2429486279033891,0.0470966368819513,0.4205709283330693,3.46e-05
curtisc72,curtisc72.npz,/home/vipuser/Meri-FID-Gate-Airfoil/data/airfoil/raw/uiuc/coord_seligFmt/coord_seligFmt/curtisc72.dat,True,33,257,0.1171951737199002,0.297379342997505,0.0379,0.4999999999999999,0.001
dae11,dae11.npz,/home/vipuser/Meri-FID-Gate-Airfoil/data/airfoil/raw/uiuc/coord_seligFmt/coord_seligFmt/dae11.dat,True,81,257,0.1282617046007265,0.3257906598752828,0.0661629829086703,0.4448888963530584,0.0
dae21,dae21.npz,/home/vipuser/Meri-FID-Gate-Airfoil/data/airfoil/raw/uiuc/coord_seligFmt/coord_seligFmt/dae21.dat,True,80,257,0.1178356287043974,0.3200524817325059,0.065731282392517,0.4387946624003919,0.0
dae31,dae31.npz,/home/vipuser/Meri-FID-Gate-Airfoil/data/airfoil/raw/uiuc/coord_seligFmt/coord_seligFmt/dae31.dat,True,82,257,0.1105850463211385,0.2917852199511813,0.0674735556069338,0.4509914298352196,0.0
dae51,dae51.npz,/home/vipuser/Meri-FID-Gate-Airfoil/data/airfoil/raw/uiuc/coord_seligFmt/coord_seligFmt/dae51.dat,True,80,257,0.0937738238966465,0.3030039799694759,0.0402976429931786,0.4509914298352196,0.002
dai1335,dai1335.npz,/home/vipuser/Meri-FID-Gate-Airfoil/data/airfoil/raw/uiuc/coord_seligFmt/coord_seligFmt/dai1335.dat,True,81,257,0.1423771037127776,0.3200524817325059,0.0592551099467473,0.4084800560224295,0.0
dai1336,dai1336.npz,/home/vipuser/Meri-FID-Gate-Airfoil/data/airfoil/raw/uiuc/coord_seligFmt/coord_seligFmt/dai1336.dat,True,81,257,0.1367929194258551,0.3200524817325059,0.0570416116973599,0.4327096457464369,0.0
davis_corrected,davis_corrected.npz,/home/vipuser/Meri-FID-Gate-Airfoil/data/airfoil/raw/uiuc/coord_seligFmt/coord_seligFmt/davis_corrected.dat,True,91,257,0.158990974268899,0.2917852199511813,0.0247968769406238,0.297379342997505,0.0
davissm,davissm.npz,/home/vipuser/Meri-FID-Gate-Airfoil/data/airfoil/raw/uiuc/coord_seligFmt/coord_seligFmt/davissm.dat,True,79,257,0.0587293860016146,0.3030039799694759,0.0590712132594691,0.4509914298352196,0.0117799999999999
daytonwright6,daytonwright6.npz,/home/vipuser/Meri-FID-Gate-Airfoil/data/airfoil/raw/uiuc/coord_seligFmt/coord_seligFmt/daytonwright6.dat,True,33,257,0.1359030356909076,0.297379342997505,0.0489700881466617,0.3964443119038907,0.0
daytonwrightt1,daytonwrightt1.npz,/home/vipuser/Meri-FID-Gate-Airfoil/data/airfoil/raw/uiuc/coord_seligFmt/coord_seligFmt/daytonwrightt1.dat,True,33,257,0.133663310801965,0.297379342997505,0.0439479643511552,0.4024548389919358,0.0021
dbln526,dbln526.npz,/home/vipuser/Meri-FID-Gate-Airfoil/data/airfoil/raw/uiuc/coord_seligFmt/coord_seligFmt/dbln526.dat,True,45,257,0.2599,0.4999999999999999,0.03985,0.4999999999999999,0.0
defcnd1,defcnd1.npz,/home/vipuser/Meri-FID-Gate-Airfoil/data/airfoil/raw/uiuc/coord_seligFmt/coord_seligFmt/defcnd1.dat,True,79,257,0.2091921000832695,0.2862224532848589,0.0446422848452373,0.3607401553074735,0.0
defcnd2,defcnd2.npz,/home/vipuser/Meri-FID-Gate-Airfoil/data/airfoil/raw/uiuc/coord_seligFmt/coord_seligFmt/defcnd2.dat,True,79,257,0.1473291197513346,0.2862224532848589,0.038112235769212,0.2862224532848589,0.0
defcnd3,defcnd3.npz,/home/vipuser/Meri-FID-Gate-Airfoil/data/airfoil/raw/uiuc/coord_seligFmt/coord_seligFmt/defcnd3.dat,True,79,257,0.1148354605843853,0.2862224532848589,0.0237757254519767,0.2862224532848589,0.0
df101,df101.npz,/home/vipuser/Meri-FID-Gate-Airfoil/data/airfoil/raw/uiuc/coord_seligFmt/coord_seligFmt/df101.dat,True,62,257,0.1099882980799163,0.2917852199511813,0.0230568089905504,0.4327096457464369,7e-05
df102,df102.npz,/home/vipuser/Meri-FID-Gate-Airfoil/data/airfoil/raw/uiuc/coord_seligFmt/coord_seligFmt/df102.dat,True,61,257,0.1099895032707396,0.2917852199511813,0.023561811426257,0.4327096457464369,7e-05
dga1182,dga1182.npz,/home/vipuser/Meri-FID-Gate-Airfoil/data/airfoil/raw/uiuc/coord_seligFmt/coord_seligFmt/dga1182.dat,True,33,257,0.0757296418027471,0.3030039799694759,0.009100008829449,0.2021503477537832,0.003
dh4009sm,dh4009sm.npz,/home/vipuser/Meri-FID-Gate-Airfoil/data/airfoil/raw/uiuc/coord_seligFmt/coord_seligFmt/dh4009sm.dat,True,79,257,0.0894367550329215,0.4205709283330693,0.0019960520870095,0.0947714008737026,0.00028
doa5,doa5.npz,/home/vipuser/Meri-FID-Gate-Airfoil/data/airfoil/raw/uiuc/coord_seligFmt/coord_seligFmt/doa5.dat,True,97,257,0.1620574264630066,0.4024548389919358,0.0254499999999999,0.7726624942110232,0.0
dormoy,dormoy.npz,/home/vipuser/Meri-FID-Gate-Airfoil/data/airfoil/raw/uiuc/coord_seligFmt/coord_seligFmt/dormoy.dat,True,33,257,0.0899188925408241,0.3030039799694759,0.0288010328998951,0.4024548389919358,0.0
drgnfly,drgnfly.npz,/home/vipuser/Meri-FID-Gate-Airfoil/data/airfoil/raw/uiuc/coord_seligFmt/coord_seligFmt/drgnfly.dat,True,140,257,0.1933747233070188,0.378509910048368,0.0656129297925317,0.4084800560224295,0.0
ds19,ds19.npz,/home/vipuser/Meri-FID-Gate-Airfoil/data/airfoil/raw/uiuc/coord_seligFmt/coord_seligFmt/ds19.dat,True,140,257,0.0849796611045546,0.2806918807307361,0.0196807137874696,0.4266347627723191,0.0
ds21,ds21.npz,/home/vipuser/Meri-FID-Gate-Airfoil/data/airfoil/raw/uiuc/coord_seligFmt/coord_seligFmt/ds21.dat,True,257,257,0.0859936285070648,0.2862224532848589,0.0181597572596138,0.4084800560224295,0.0
dsma523b,dsma523b.npz,/home/vipuser/Meri-FID-Gate-Airfoil/data/airfoil/raw/uiuc/coord_seligFmt/coord_seligFmt/dsma523b.dat,True,119,257,0.1099713370215629,0.3607401553074735,0.0244344390405726,0.8219157714448957,0.010417
du-80-141,du-80-141.npz,/home/vipuser/Meri-FID-Gate-Airfoil/data/airfoil/raw/uiuc/coord_seligFmt/coord_seligFmt/du-80-141.dat,True,101,257,0.1404269986644189,0.3257906598752828,0.0316037725606937,0.696996020030524,0.0
du-80-176-v1,du-80-176-v1.npz,/home/vipuser/Meri-FID-Gate-Airfoil/data/airfoil/raw/uiuc/coord_seligFmt/coord_seligFmt/du-80-176-v1.dat,True,101,257,0.1758454598578544,0.3964443119038907,0.0305920462421241,0.3666436212625508,0.0
du84132v,du84132v.npz,/home/vipuser/Meri-FID-Gate-Airfoil/data/airfoil/raw/uiuc/coord_seligFmt/coord_seligFmt/du84132v.dat,True,97,257,0.1362909343894595,0.3373448539188685,0.0305244932901306,0.4509914298352196,0.0
du8608418,du8608418.npz,/home/vipuser/Meri-FID-Gate-Airfoil/data/airfoil/raw/uiuc/coord_seligFmt/coord_seligFmt/du8608418.dat,True,101,257,0.0845293412313378,0.3666436212625508,0.0114709223200454,0.4266347627723191,0.0
du861372,du861372.npz,/home/vipuser/Meri-FID-Gate-Airfoil/data/airfoil/raw/uiuc/coord_seligFmt/coord_seligFmt/du861372.dat,True,40,257,0.1364124831441139,0.4084800560224295,0.0029269196011783,0.0165117644775739,0.0
e1098,e1098.npz,/home/vipuser/Meri-FID-Gate-Airfoil/data/airfoil/raw/uiuc/coord_seligFmt/coord_seligFmt/e1098.dat,True,62,257,0.1895228448540851,0.3725671701977426,0.0372379832875936,0.5428986561722199,0.0
e1200,e1200.npz,/home/vipuser/Meri-FID-Gate-Airfoil/data/airfoil/raw/uiuc/coord_seligFmt/coord_seligFmt/e1200.dat,True,62,257,0.1694879794262049,0.3725671701977426,0.0345164617145349,0.4999999999999999,0.0
e1210,e1210.npz,/home/vipuser/Meri-FID-Gate-Airfoil/data/airfoil/raw/uiuc/coord_seligFmt/coord_seligFmt/e1210.dat,True,61,257,0.1584810833959938,0.2120959042910773,0.0519571963478329,0.33155507330389,0.0
e1211,e1211.npz,/home/vipuser/Meri-FID-Gate-Airfoil/data/airfoil/raw/uiuc/coord_seligFmt/coord_seligFmt/e1211.dat,True,60,257,0.1801754954596127,0.2071010712717805,0.0443708534283858,0.378509910048368,0.0
e1212mod,e1212mod.npz,/home/vipuser/Meri-FID-Gate-Airfoil/data/airfoil/raw/uiuc/coord_seligFmt/coord_seligFmt/e1212mod.dat,True,53,257,0.1771961280141075,0.2021503477537832,0.0260788587117567,0.3548576613727688,0.0
e1213,e1213.npz,/home/vipuser/Meri-FID-Gate-Airfoil/data/airfoil/raw/uiuc/coord_seligFmt/coord_seligFmt/e1213.dat,True,60,257,0.173842200033822,0.2222148834901988,0.0205710706204808,0.3489970253403859,0.0
e1214,e1214.npz,/home/vipuser/Meri-FID-Gate-Airfoil/data/airfoil/raw/uiuc/coord_seligFmt/coord_seligFmt/e1214.dat,True,61,257,0.1981268835000936,0.2377051586607655,0.0212881406404936,0.3030039799694759,0.0
e1230,e1230.npz,/home/vipuser/Meri-FID-Gate-Airfoil/data/airfoil/raw/uiuc/coord_seligFmt/coord_seligFmt/e1230.dat,True,95,257,0.1744726965561728,0.297379342997505,0.0360830979199122,0.2589081139604385,0.0002
e1233,e1233.npz,/home/vipuser/Meri-FID-Gate-Airfoil/data/airfoil/raw/uiuc/coord_seligFmt/coord_seligFmt/e1233.dat,True,97,257,0.1892660888289113,0.3030039799694759,0.0439477897760264,0.297379342997505,0.0
e168,e168.npz,/home/vipuser/Meri-FID-Gate-Airfoil/data/airfoil/raw/uiuc/coord_seligFmt/coord_seligFmt/e168.dat,True,61,257,0.1243561127361674,0.2643016315870011,0.0,0.0,0.0
e169,e169.npz,/home/vipuser/Meri-FID-Gate-Airfoil/data/airfoil/raw/uiuc/coord_seligFmt/coord_seligFmt/e169.dat,True,61,257,0.1440285913635728,0.2643016315870011,0.0,0.0,0.0
e171,e171.npz,/home/vipuser/Meri-FID-Gate-Airfoil/data/airfoil/raw/uiuc/coord_seligFmt/coord_seligFmt/e171.dat,True,61,257,0.1225367737579031,0.3257906598752828,0.0,0.0,0.0
e176,e176.npz,/home/vipuser/Meri-FID-Gate-Airfoil/data/airfoil/raw/uiuc/coord_seligFmt/coord_seligFmt/e176.dat,True,61,257,0.0882441323565555,0.3086582838174551,0.0325194044155076,0.3964443119038907,0.0
e178,e178.npz,/home/vipuser/Meri-FID-Gate-Airfoil/data/airfoil/raw/uiuc/coord_seligFmt/coord_seligFmt/e178.dat,True,61,257,0.0868070389262934,0.3030039799694759,0.0279904976060646,0.3904493799215651,0.0
e180,e180.npz,/home/vipuser/Meri-FID-Gate-Airfoil/data/airfoil/raw/uiuc/coord_seligFmt/coord_seligFmt/e180.dat,True,61,257,0.0858102702098102,0.33155507330389,0.0234252486135001,0.378509910048368,0.0
e182,e182.npz,/home/vipuser/Meri-FID-Gate-Airfoil/data/airfoil/raw/uiuc/coord_seligFmt/coord_seligFmt/e182.dat,True,61,257,0.0846929453134529,0.3257906598752828,0.0158699670174467,0.3725671701977426,0.0
e184,e184.npz,/home/vipuser/Meri-FID-Gate-Airfoil/data/airfoil/raw/uiuc/coord_seligFmt/coord_seligFmt/e184.dat,True,61,257,0.0832354762391864,0.3200524817325059,0.0114666561905312,0.3666436212625508,0.0
e186,e186.npz,/home/vipuser/Meri-FID-Gate-Airfoil/data/airfoil/raw/uiuc/coord_seligFmt/coord_seligFmt/e186.dat,True,61,257,0.1026643157090272,0.3086582838174551,0.0126207984612147,0.3086582838174551,0.0
e193,e193.npz,/home/vipuser/Meri-FID-Gate-Airfoil/data/airfoil/raw/uiuc/coord_seligFmt/coord_seligFmt/e193.dat,True,61,257,0.1022424220458651,0.3086582838174551,0.0345983183137553,0.4024548389919358,0.0
e197,e197.npz,/home/vipuser/Meri-FID-Gate-Airfoil/data/airfoil/raw/uiuc/coord_seligFmt/coord_seligFmt/e197.dat,True,61,257,0.1348052383999218,0.3431591298005542,0.0279268046382377,0.4387946624003919,0.0
e201,e201.npz,/home/vipuser/Meri-FID-Gate-Airfoil/data/airfoil/raw/uiuc/coord_seligFmt/coord_seligFmt/e201.dat,True,61,257,0.1186312161775637,0.3086582838174551,0.0303099285234875,0.4448888963530584,0.0
e203,e203.npz,/home/vipuser/Meri-FID-Gate-Airfoil/data/airfoil/raw/uiuc/coord_seligFmt/coord_seligFmt/e203.dat,True,61,257,0.1362596131959165,0.33155507330389,0.0264828069604268,0.49386423085714,0.0
e205,e205.npz,/home/vipuser/Meri-FID-Gate-Airfoil/data/airfoil/raw/uiuc/coord_seligFmt/coord_seligFmt/e205.dat,True,61,257,0.1047639376887064,0.297379342997505,0.0297358517463041,0.3431591298005542,0.0
e207,e207.npz,/home/vipuser/Meri-FID-Gate-Airfoil/data/airfoil/raw/uiuc/coord_seligFmt/coord_seligFmt/e207.dat,True,61,257,0.1201920296657739,0.297379342997505,0.0251366420531628,0.3844709458596643,0.0
e209,e209.npz,/home/vipuser/Meri-FID-Gate-Airfoil/data/airfoil/raw/uiuc/coord_seligFmt/coord_seligFmt/e209.dat,True,61,257,0.1368569500425147,0.3030039799694759,0.0204238822559174,0.4327096457464369,0.0
e210,e210.npz,/home/vipuser/Meri-FID-Gate-Airfoil/data/airfoil/raw/uiuc/coord_seligFmt/coord_seligFmt/e210.dat,True,61,257,0.136390991973326,0.3200524817325059,0.0409397060612026,0.45710134382778,0.0
e211,e211.npz,/home/vipuser/Meri-FID-Gate-Airfoil/data/airfoil/raw/uiuc/coord_seligFmt/coord_seligFmt/e211.dat,True,61,257,0.1095105341888685,0.33155507330389,0.0250811851784892,0.6035556880961093,0.0
e212,e212.npz,/home/vipuser/Meri-FID-Gate-Airfoil/data/airfoil/raw/uiuc/coord_seligFmt/coord_seligFmt/e212.dat,True,61,257,0.1056191801305834,0.2751943351726967,0.028377772604445,0.5854809443801506,0.0
e214,e214.npz,/home/vipuser/Meri-FID-Gate-Airfoil/data/airfoil/raw/uiuc/coord_seligFmt/coord_seligFmt/e214.dat,True,61,257,0.1110124294530539,0.33155507330389,0.0407182669517144,0.5184036114706795,0.0
e216,e216.npz,/home/vipuser/Meri-FID-Gate-Airfoil/data/airfoil/raw/uiuc/coord_seligFmt/coord_seligFmt/e216.dat,True,61,257,0.1042204268495057,0.2806918807307361,0.0506382858607548,0.5551111036469415,0.0
e220,e220.npz,/home/vipuser/Meri-FID-Gate-Airfoil/data/airfoil/raw/uiuc/coord_seligFmt/coord_seligFmt/e220.dat,True,61,257,0.1146224914460451,0.33155507330389,0.0256849865081205,0.378509910048368,0.0
e221,e221.npz,/home/vipuser/Meri-FID-Gate-Airfoil/data/airfoil/raw/uiuc/coord_seligFmt/coord_seligFmt/e221.dat,True,61,257,0.093846424236673,0.2806918807307361,0.0198642593501928,0.2806918807307361,0.0
e222,e222.npz,/home/vipuser/Meri-FID-Gate-Airfoil/data/airfoil/raw/uiuc/coord_seligFmt/coord_seligFmt/e222.dat,True,61,257,0.1016609013730325,0.3086582838174551,0.0246877050119242,0.50613576914286,0.0
e224,e224.npz,/home/vipuser/Meri-FID-Gate-Airfoil/data/airfoil/raw/uiuc/coord_seligFmt/coord_seligFmt/e224.dat,True,61,257,0.101726298943065,0.297379342997505,0.01813766322808,0.4877293857385438,0.0
e226,e226.npz,/home/vipuser/Meri-FID-Gate-Airfoil/data/airfoil/raw/uiuc/coord_seligFmt/coord_seligFmt/e226.dat,True,61,257,0.1018267041346566,0.2862224532848589,0.0085180656608265,0.4815963885293205,0.0
e230,e230.npz,/home/vipuser/Meri-FID-Gate-Airfoil/data/airfoil/raw/uiuc/coord_seligFmt/coord_seligFmt/e230.dat,True,61,257,0.0995878518263759,0.2917852199511813,0.0073855261670994,0.7828659053918066,0.0
e297,e297.npz,/home/vipuser/Meri-FID-Gate-Airfoil/data/airfoil/raw/uiuc/coord_seligFmt/coord_seligFmt/e297.dat,True,70,257,0.1138546654511975,0.378509910048368,0.0004899507081159,0.0001505906518978,0.0
e325,e325.npz,/home/vipuser/Meri-FID-Gate-Airfoil/data/airfoil/raw/uiuc/coord_seligFmt/coord_seligFmt/e325.dat,True,72,257,0.1262495968468984,0.3086582838174551,0.018080504780477,0.1828033579181772,0.0
e326,e326.npz,/home/vipuser/Meri-FID-Gate-Airfoil/data/airfoil/raw/uiuc/coord_seligFmt/coord_seligFmt/e326.dat,True,72,257,0.1286987075115463,0.3143414030240812,0.0214504190278346,0.1923842047096866,0.0
e328,e328.npz,/home/vipuser/Meri-FID-Gate-Airfoil/data/airfoil/raw/uiuc/coord_seligFmt/coord_seligFmt/e328.dat,True,72,257,0.1334243078596629,0.3257906598752828,0.0298910016678155,0.2429486279033891,0.0
e329,e329.npz,/home/vipuser/Meri-FID-Gate-Airfoil/data/airfoil/raw/uiuc/coord_seligFmt/coord_seligFmt/e329.dat,True,72,257,0.135394976826783,0.33155507330389,0.0349933816290266,0.2482308081371412,0.0
e331,e331.npz,/home/vipuser/Meri-FID-Gate-Airfoil/data/airfoil/raw/uiuc/coord_seligFmt/coord_seligFmt/e331.dat,True,71,257,0.1127149818717573,0.3143414030240812,0.0269054471917233,0.2273375057889767,0.0
e332,e332.npz,/home/vipuser/Meri-FID-Gate-Airfoil/data/airfoil/raw/uiuc/coord_seligFmt/coord_seligFmt/e332.dat,True,72,257,0.1152852542743479,0.3200524817325059,0.0309208282969579,0.2377051586607655,0.0
e333,e333.npz,/home/vipuser/Meri-FID-Gate-Airfoil/data/airfoil/raw/uiuc/coord_seligFmt/coord_seligFmt/e333.dat,True,71,257,0.1174711500718223,0.2862224532848589,0.0349760544044533,0.2429486279033891,0.0
e335,e335.npz,/home/vipuser/Meri-FID-Gate-Airfoil/data/airfoil/raw/uiuc/coord_seligFmt/coord_seligFmt/e335.dat,True,72,257,0.1258362919683272,0.3030039799694759,0.0234271585074433,0.1875702559288067,0.0
e336,e336.npz,/home/vipuser/Meri-FID-Gate-Airfoil/data/airfoil/raw/uiuc/coord_seligFmt/coord_seligFmt/e336.dat,True,72,257,0.1279891047478099,0.3030039799694759,0.028292814873359,0.2273375057889767,0.0
e337,e337.npz,/home/vipuser/Meri-FID-Gate-Airfoil/data/airfoil/raw/uiuc/coord_seligFmt/coord_seligFmt/e337.dat,True,73,257,0.1310427704119905,0.3200524817325059,0.0321088318326819,0.2377051586607655,0.0
e338,e338.npz,/home/vipuser/Meri-FID-Gate-Airfoil/data/airfoil/raw/uiuc/coord_seligFmt/coord_seligFmt/e338.dat,True,72,257,0.1330210603490572,0.3143414030240812,0.0372666507612296,0.2429486279033891,0.0
e339,e339.npz,/home/vipuser/Meri-FID-Gate-Airfoil/data/airfoil/raw/uiuc/coord_seligFmt/coord_seligFmt/e339.dat,True,72,257,0.1353819185471694,0.297379342997505,0.0406244250633106,0.2535509038851079,0.0
e341,e341.npz,/home/vipuser/Meri-FID-Gate-Airfoil/data/airfoil/raw/uiuc/coord_seligFmt/coord_seligFmt/e341.dat,True,72,257,0.1398234476611012,0.3086582838174551,0.0298150583203738,0.2273375057889767,0.0
e342,e342.npz,/home/vipuser/Meri-FID-Gate-Airfoil/data/airfoil/raw/uiuc/coord_seligFmt/coord_seligFmt/e342.dat,True,71,257,0.1425493516545428,0.3143414030240812,0.0348210456832752,0.2377051586607655,0.0
e344,e344.npz,/home/vipuser/Meri-FID-Gate-Airfoil/data/airfoil/raw/uiuc/coord_seligFmt/coord_seligFmt/e344.dat,True,72,257,0.1471992862873644,0.297379342997505,0.0432092801241587,0.2535509038851079,0.0
e361,e361.npz,/home/vipuser/Meri-FID-Gate-Airfoil/data/airfoil/raw/uiuc/coord_seligFmt/coord_seligFmt/e361.dat,True,72,257,0.121060520264674,0.3666436212625508,0.0169132677749782,0.2806918807307361,0.0
e374,e374.npz,/home/vipuser/Meri-FID-Gate-Airfoil/data/airfoil/raw/uiuc/coord_seligFmt/coord_seligFmt/e374.dat,True,61,257,0.1090947085494636,0.3431591298005542,0.023191059431103,0.3904493799215651,0.0
e376,e376.npz,/home/vipuser/Meri-FID-Gate-Airfoil/data/airfoil/raw/uiuc/coord_seligFmt/coord_seligFmt/e376.dat,True,61,257,0.024763543989447,0.0428951221482346,0.0895521225222598,0.3257906598752828,0.0
e377,e377.npz,/home/vipuser/Meri-FID-Gate-Airfoil/data/airfoil/raw/uiuc/coord_seligFmt/coord_seligFmt/e377.dat,True,61,257,0.0387228961750551,0.0842651938487273,0.08804522562128,0.3725671701977426,0.0
e377m,e377m.npz,/home/vipuser/Meri-FID-Gate-Airfoil/data/airfoil/raw/uiuc/coord_seligFmt/coord_seligFmt/e377m.dat,True,66,257,0.0376749924225247,0.0619649529022967,0.0919793679499483,0.3257906598752828,0.0
e379,e379.npz,/home/vipuser/Meri-FID-Gate-Airfoil/data/airfoil/raw/uiuc/coord_seligFmt/coord_seligFmt/e379.dat,True,61,257,0.022395262239512,0.0590393678258224,0.080328774739793,0.3373448539188685,0.0
e385,e385.npz,/home/vipuser/Meri-FID-Gate-Airfoil/data/airfoil/raw/uiuc/coord_seligFmt/coord_seligFmt/e385.dat,True,61,257,0.0842395749578402,0.297379342997505,0.0564016160068265,0.4327096457464369,0.0
e387,e387.npz,/home/vipuser/Meri-FID-Gate-Airfoil/data/airfoil/raw/uiuc/coord_seligFmt/coord_seligFmt/e387.dat,True,61,257,0.0907082219196736,0.3086582838174551,0.036591841787496,0.4024548389919358,0.0
e395,e395.npz,/home/vipuser/Meri-FID-Gate-Airfoil/data/airfoil/raw/uiuc/coord_seligFmt/coord_seligFmt/e395.dat,True,72,257,0.1228893398244931,0.297379342997505,0.0523921931099807,0.5184036114706795,0.0
e396,e396.npz,/home/vipuser/Meri-FID-Gate-Airfoil/data/airfoil/raw/uiuc/coord_seligFmt/coord_seligFmt/e396.dat,True,72,257,0.1305987883105075,0.297379342997505,0.0544264576106647,0.5184036114706795,0.0
e397,e397.npz,/home/vipuser/Meri-FID-Gate-Airfoil/data/airfoil/raw/uiuc/coord_seligFmt/coord_seligFmt/e397.dat,True,72,257,0.1351411706631416,0.297379342997505,0.0529947011669969,0.5184036114706795,0.0
e399,e399.npz,/home/vipuser/Meri-FID-Gate-Airfoil/data/airfoil/raw/uiuc/coord_seligFmt/coord_seligFmt/e399.dat,True,72,257,0.1483251859916699,0.297379342997505,0.051448186919799,0.512270614261456,0.0
e403,e403.npz,/home/vipuser/Meri-FID-Gate-Airfoil/data/airfoil/raw/uiuc/coord_seligFmt/coord_seligFmt/e403.dat,True,61,257,0.1496526403756591,0.378509910048368,0.0324269803110358,0.7517691918628587,0.0
e407,e407.npz,/home/vipuser/Meri-FID-Gate-Airfoil/data/airfoil/raw/uiuc/coord_seligFmt/coord_seligFmt/e407.dat,True,72,257,0.144300161131222,0.3844709458596643,0.0348878970223674,0.7193081192692636,0.0
e417,e417.npz,/home/vipuser/Meri-FID-Gate-Airfoil/data/airfoil/raw/uiuc/coord_seligFmt/coord_seligFmt/e417.dat,True,61,257,0.1419307545654196,0.3844709458596643,0.0312460549874746,0.7622948413392343,0.0
e420,e420.npz,/home/vipuser/Meri-FID-Gate-Airfoil/data/airfoil/raw/uiuc/coord_seligFmt/coord_seligFmt/e420.dat,True,72,257,0.1434157525412266,0.2377051586607655,0.1062901823361086,0.4024548389919358,0.0
e421,e421.npz,/home/vipuser/Meri-FID-Gate-Airfoil/data/airfoil/raw/uiuc/coord_seligFmt/coord_seligFmt/e421.dat,True,72,257,0.145387042899435,0.2535509038851079,0.0856394531947036,0.378509910048368,0.0
e422,e422.npz,/home/vipuser/Meri-FID-Gate-Airfoil/data/airfoil/raw/uiuc/coord_seligFmt/coord_seligFmt/e422.dat,True,72,257,0.1399713476099096,0.2377051586607655,0.0711377171427414,0.3548576613727688,0.0
e423,e423.npz,/home/vipuser/Meri-FID-Gate-Airfoil/data/airfoil/raw/uiuc/coord_seligFmt/coord_seligFmt/e423.dat,True,72,257,0.1251892619263717,0.2429486279033891,0.0998074449708101,0.4448888963530584,0.0
e426,e426.npz,/home/vipuser/Meri-FID-Gate-Airfoil/data/airfoil/raw/uiuc/coord_seligFmt/coord_seligFmt/e426.dat,True,40,257,0.1082612199801842,0.2273375057889767,0.0057582484636382,0.524533837163709,0.0
e428,e428.npz,/home/vipuser/Meri-FID-Gate-Airfoil/data/airfoil/raw/uiuc/coord_seligFmt/coord_seligFmt/e428.dat,True,40,257,0.1113022958850778,0.2273375057889767,0.0049337109762241,0.524533837163709,0.0
e431,e431.npz,/home/vipuser/Meri-FID-Gate-Airfoil/data/airfoil/raw/uiuc/coord_seligFmt/coord_seligFmt/e431.dat,True,72,257,0.1511996422005664,0.4145190556198493,0.0421861553794325,0.4205709283330693,0.0
e432,e432.npz,/home/vipuser/Meri-FID-Gate-Airfoil/data/airfoil/raw/uiuc/coord_seligFmt/coord_seligFmt/e432.dat,True,72,257,0.1598063225591815,0.3666436212625508,0.0446799862786888,0.3666436212625508,0.0
e433,e433.npz,/home/vipuser/Meri-FID-Gate-Airfoil/data/airfoil/raw/uiuc/coord_seligFmt/coord_seligFmt/e433.dat,True,72,257,0.1421374152030013,0.4205709283330693,0.0394272809818852,0.4266347627723191,0.0
e435,e435.npz,/home/vipuser/Meri-FID-Gate-Airfoil/data/airfoil/raw/uiuc/coord_seligFmt/coord_seligFmt/e435.dat,True,72,257,0.1622866794606279,0.378509910048368,0.043563963269305,0.567290354253563,0.0
e471,e471.npz,/home/vipuser/Meri-FID-Gate-Airfoil/data/airfoil/raw/uiuc/coord_seligFmt/coord_seligFmt/e471.dat,True,61,257,0.0626179661943929,0.297379342997505,0.0471467135632109,0.5306603681511043,0.0
e472,e472.npz,/home/vipuser/Meri-FID-Gate-Airfoil/data/airfoil/raw/uiuc/coord_seligFmt/coord_seligFmt/e472.dat,True,61,257,0.1209205308715352,0.1734135785231116,0.0,0.0,0.0
e473,e473.npz,/home/vipuser/Meri-FID-Gate-Airfoil/data/airfoil/raw/uiuc/coord_seligFmt/coord_seligFmt/e473.dat,True,61,257,0.1618820673348217,0.2120959042910773,0.0,0.0,0.0
e474,e474.npz,/home/vipuser/Meri-FID-Gate-Airfoil/data/airfoil/raw/uiuc/coord_seligFmt/coord_seligFmt/e474.dat,True,61,257,0.1407773751829096,0.2120959042910773,0.0,0.0,0.0
e475,e475.npz,/home/vipuser/Meri-FID-Gate-Airfoil/data/airfoil/raw/uiuc/coord_seligFmt/coord_seligFmt/e475.dat,True,61,257,0.1499893612303323,0.2171340946081933,0.0,0.0,0.0
e476,e476.npz,/home/vipuser/Meri-FID-Gate-Airfoil/data/airfoil/raw/uiuc/coord_seligFmt/coord_seligFmt/e476.dat,True,71,257,0.1672527176876767,0.3200524817325059,0.0,0.0,0.0
e479,e479.npz,/home/vipuser/Meri-FID-Gate-Airfoil/data/airfoil/raw/uiuc/coord_seligFmt/coord_seligFmt/e479.dat,True,61,257,0.1655933167634012,0.2589081139604385,0.0,0.0,0.0
e49,e49.npz,/home/vipuser/Meri-FID-Gate-Airfoil/data/airfoil/raw/uiuc/coord_seligFmt/coord_seligFmt/e49.dat,True,24,257,0.072305334049542,0.3844709458596643,0.0662876381875312,0.4509914298352196,0.0
e502,e502.npz,/home/vipuser/Meri-FID-Gate-Airfoil/data/airfoil/raw/uiuc/coord_seligFmt/coord_seligFmt/e502.dat,True,72,257,0.1566407859816347,0.4327096457464369,0.0152565634369993,0.3431591298005542,0.0
e521,e521.npz,/home/vipuser/Meri-FID-Gate-Airfoil/data/airfoil/raw/uiuc/coord_seligFmt/coord_seligFmt/e521.dat,True,70,257,0.1376573660854488,0.3666436212625508,0.00065993360685,0.0001505906518978,0.0
e540,e540.npz,/home/vipuser/Meri-FID-Gate-Airfoil/data/airfoil/raw/uiuc/coord_seligFmt/coord_seligFmt/e540.dat,True,72,257,0.168739476268709,0.4509914298352196,0.0159994848194491,0.3548576613727688,0.0
e541,e541.npz,/home/vipuser/Meri-FID-Gate-Airfoil/data/airfoil/raw/uiuc/coord_seligFmt/coord_seligFmt/e541.dat,True,72,257,0.1662773946500694,0.45710134382778,0.0166951219591549,0.3548576613727688,0.0
e542,e542.npz,/home/vipuser/Meri-FID-Gate-Airfoil/data/airfoil/raw/uiuc/coord_seligFmt/coord_seligFmt/e542.dat,True,72,257,0.1686030509284276,0.4145190556198493,0.0193264076075151,0.297379342997505,0.0
e543,e543.npz,/home/vipuser/Meri-FID-Gate-Airfoil/data/airfoil/raw/uiuc/coord_seligFmt/coord_seligFmt/e543.dat,True,72,257,0.1721999581805023,0.4084800560224295,0.0189536641698589,0.3030039799694759,0.0
e544,e544.npz,/home/vipuser/Meri-FID-Gate-Airfoil/data/airfoil/raw/uiuc/coord_seligFmt/coord_seligFmt/e544.dat,True,72,257,0.1750074350271846,0.4024548389919358,0.0186641923492105,0.3086582838174551,0.0
e545,e545.npz,/home/vipuser/Meri-FID-Gate-Airfoil/data/airfoil/raw/uiuc/coord_seligFmt/coord_seligFmt/e545.dat,True,72,257,0.1744552526892147,0.3964443119038907,0.0183156619330681,0.3086582838174551,0.0
e546,e546.npz,/home/vipuser/Meri-FID-Gate-Airfoil/data/airfoil/raw/uiuc/coord_seligFmt/coord_seligFmt/e546.dat,True,72,257,0.1626391600379621,0.3904493799215651,0.0178041781068172,0.297379342997505,0.0
e547,e547.npz,/home/vipuser/Meri-FID-Gate-Airfoil/data/airfoil/raw/uiuc/coord_seligFmt/coord_seligFmt/e547.dat,True,72,257,0.1738767788832982,0.3844709458596643,0.0204858078629455,0.297379342997505,0.0
e548,e548.npz,/home/vipuser/Meri-FID-Gate-Airfoil/data/airfoil/raw/uiuc/coord_seligFmt/coord_seligFmt/e548.dat,True,72,257,0.1739083790890929,0.3548576613727688,0.0221819282848649,0.2917852199511813,0.0
e549,e549.npz,/home/vipuser/Meri-FID-Gate-Airfoil/data/airfoil/raw/uiuc/coord_seligFmt/coord_seligFmt/e549.dat,True,72,257,0.1809550817110161,0.3844709458596643,0.020603636403434,0.3086582838174551,0.0
e550,e550.npz,/home/vipuser/Meri-FID-Gate-Airfoil/data/airfoil/raw/uiuc/coord_seligFmt/coord_seligFmt/e550.dat,True,72,257,0.1819086628779894,0.3431591298005542,0.0222586731419248,0.297379342997505,0.0
e552,e552.npz,/home/vipuser/Meri-FID-Gate-Airfoil/data/airfoil/raw/uiuc/coord_seligFmt/coord_seligFmt/e552.dat,True,71,257,0.184336051960877,0.3257906598752828,0.0256498636482831,0.4815963885293205,0.0
e553,e553.npz,/home/vipuser/Meri-FID-Gate-Airfoil/data/airfoil/raw/uiuc/coord_seligFmt/coord_seligFmt/e553.dat,True,72,257,0.1811999375113343,0.3200524817325059,0.0295813126170068,0.5915199439775705,0.0
e554,e554.npz,/home/vipuser/Meri-FID-Gate-Airfoil/data/airfoil/raw/uiuc/coord_seligFmt/coord_seligFmt/e554.dat,True,72,257,0.1823518235182351,0.3030039799694759,0.0265493215550881,0.5367822817998337,0.0
e555,e555.npz,/home/vipuser/Meri-FID-Gate-Airfoil/data/airfoil/raw/uiuc/coord_seligFmt/coord_seligFmt/e555.dat,True,72,257,0.1602194261416305,0.3200524817325059,0.0258750845249529,0.651002974659614,0.0
e556,e556.npz,/home/vipuser/Meri-FID-Gate-Airfoil/data/airfoil/raw/uiuc/coord_seligFmt/coord_seligFmt/e556.dat,True,72,257,0.1600533757687532,0.3143414030240812,0.0310443763823025,0.651002974659614,0.0
e557,e557.npz,/home/vipuser/Meri-FID-Gate-Airfoil/data/airfoil/raw/uiuc/coord_seligFmt/coord_seligFmt/e557.dat,True,71,257,0.1600409027391661,0.3030039799694759,0.0366586896668142,0.6095506200784349,0.0
e558,e558.npz,/home/vipuser/Meri-FID-Gate-Airfoil/data/airfoil/raw/uiuc/coord_seligFmt/coord_seligFmt/e558.dat,True,61,257,0.1603730321038005,0.2589081139604385,0.0378678003229775,0.4877293857385438,0.0
e560,e560.npz,/home/vipuser/Meri-FID-Gate-Airfoil/data/airfoil/raw/uiuc/coord_seligFmt/coord_seligFmt/e560.dat,True,61,257,0.1606432794118435,0.2429486279033891,0.048588283671564,0.50613576914286,0.0
e561,e561.npz,/home/vipuser/Meri-FID-Gate-Airfoil/data/airfoil/raw/uiuc/coord_seligFmt/coord_seligFmt/e561.dat,True,61,257,0.1689390619976645,0.2751943351726967,0.0506525120480336,0.49386423085714,0.0
e562,e562.npz,/home/vipuser/Meri-FID-Gate-Airfoil/data/airfoil/raw/uiuc/coord_seligFmt/coord_seligFmt/e562.dat,True,61,257,0.1502730218423955,0.2751943351726967,0.0398137192212767,0.512270614261456,0.0
e58,e58.npz,/home/vipuser/Meri-FID-Gate-Airfoil/data/airfoil/raw/uiuc/coord_seligFmt/coord_seligFmt/e58.dat,True,35,257,0.056,0.2535509038851079,0.0645,0.4999999999999999,0.0
e580,e580.npz,/home/vipuser/Meri-FID-Gate-Airfoil/data/airfoil/raw/uiuc/coord_seligFmt/coord_seligFmt/e580.dat,True,61,257,0.1607689687188382,0.3548576613727688,0.0408602277142592,0.6095506200784349,0.0
e582,e582.npz,/home/vipuser/Meri-FID-Gate-Airfoil/data/airfoil/raw/uiuc/coord_seligFmt/coord_seligFmt/e582.dat,True,72,257,0.1473683584685671,0.4145190556198493,0.0422272974811105,0.4145190556198493,0.0
e585,e585.npz,/home/vipuser/Meri-FID-Gate-Airfoil/data/airfoil/raw/uiuc/coord_seligFmt/coord_seligFmt/e585.dat,True,72,257,0.146163498801313,0.378509910048368,0.0421609467064205,0.4145190556198493,0.0
e587,e587.npz,/home/vipuser/Meri-FID-Gate-Airfoil/data/airfoil/raw/uiuc/coord_seligFmt/coord_seligFmt/e587.dat,True,72,257,0.1665021421494087,0.3844709458596643,0.0416539014495898,0.5184036114706795,0.0
e59,e59.npz,/home/vipuser/Meri-FID-Gate-Airfoil/data/airfoil/raw/uiuc/coord_seligFmt/coord_seligFmt/e59.dat,True,35,257,0.056,0.2535509038851079,0.052,0.50613576914286,0.0
e591,e591.npz,/home/vipuser/Meri-FID-Gate-Airfoil/data/airfoil/raw/uiuc/coord_seligFmt/coord_seligFmt/e591.dat,True,61,257,0.1565703408359086,0.2482308081371412,0.0655905793605797,0.4754661628362909,0.0
e593,e593.npz,/home/vipuser/Meri-FID-Gate-Airfoil/data/airfoil/raw/uiuc/coord_seligFmt/coord_seligFmt/e593.dat,True,71,257,0.1129808256540892,0.2806918807307361,0.0466002010649908,0.3257906598752828,0.0
e598,e598.npz,/home/vipuser/Meri-FID-Gate-Airfoil/data/airfoil/raw/uiuc/coord_seligFmt/coord_seligFmt/e598.dat,True,71,257,0.1114303076979322,0.2482308081371412,0.0452254508803818,0.33155507330389,0.0
e604,e604.npz,/home/vipuser/Meri-FID-Gate-Airfoil/data/airfoil/raw/uiuc/coord_seligFmt/coord_seligFmt/e604.dat,True,70,257,0.1879782343506795,0.4084800560224295,0.0337744774470542,0.4084800560224295,0.0
e61,e61.npz,/home/vipuser/Meri-FID-Gate-Airfoil/data/airfoil/raw/uiuc/coord_seligFmt/coord_seligFmt/e61.dat,True,61,257,0.0567227705530934,0.2377051586607655,0.0670245940020842,0.50613576914286,0.0
e625,e625.npz,/home/vipuser/Meri-FID-Gate-Airfoil/data/airfoil/raw/uiuc/coord_seligFmt/coord_seligFmt/e625.dat,True,99,257,0.129960166013562,0.297379342997505,0.0287832919428847,0.2222148834901988,0.0
e63,e63.npz,/home/vipuser/Meri-FID-Gate-Airfoil/data/airfoil/raw/uiuc/coord_seligFmt/coord_seligFmt/e63.dat,True,61,257,0.0427451954583076,0.2273375057889767,0.0545587201107323,0.50613576914286,0.0
e635,e635.npz,/home/vipuser/Meri-FID-Gate-Airfoil/data/airfoil/raw/uiuc/coord_seligFmt/coord_seligFmt/e635.dat,True,61,257,0.1163350841414441,0.2862224532848589,0.0288114555765529,0.2222148834901988,0.0
e636,e636.npz,/home/vipuser/Meri-FID-Gate-Airfoil/data/airfoil/raw/uiuc/coord_seligFmt/coord_seligFmt/e636.dat,True,61,257,0.1188215102437643,0.26973064452088,0.0320954896889901,0.2273375057889767,0.0
e637,e637.npz,/home/vipuser/Meri-FID-Gate-Airfoil/data/airfoil/raw/uiuc/coord_seligFmt/coord_seligFmt/e637.dat,True,61,257,0.1209742083842532,0.2751943351726967,0.0355047475737938,0.2377051586607655,0.0
e638,e638.npz,/home/vipuser/Meri-FID-Gate-Airfoil/data/airfoil/raw/uiuc/coord_seligFmt/coord_seligFmt/e638.dat,True,61,257,0.1235635797557067,0.2862224532848589,0.0441758067720254,0.2482308081371412,0.0
e639,e639.npz,/home/vipuser/Meri-FID-Gate-Airfoil/data/airfoil/raw/uiuc/coord_seligFmt/coord_seligFmt/e639.dat,True,61,257,0.1256271588439688,0.2917852199511813,0.0480109111918769,0.2917852199511813,0.0
e64,e64.npz,/home/vipuser/Meri-FID-Gate-Airfoil/data/airfoil/raw/uiuc/coord_seligFmt/coord_seligFmt/e64.dat,True,61,257,0.0844690540781516,0.2806918807307361,0.03196550195962,0.512270614261456,0.0
e655,e655.npz,/home/vipuser/Meri-FID-Gate-Airfoil/data/airfoil/raw/uiuc/coord_seligFmt/coord_seligFmt/e655.dat,True,72,257,0.1733016334785707,0.3725671701977426,0.0395625142161359,0.4509914298352196,0.0
e656,e656.npz,/home/vipuser/Meri-FID-Gate-Airfoil/data/airfoil/raw/uiuc/coord_seligFmt/coord_seligFmt/e656.dat,True,72,257,0.1620433930580789,0.3725671701977426,0.0482662954094757,0.45710134382778,0.0
e657,e657.npz,/home/vipuser/Meri-FID-Gate-Airfoil/data/airfoil/raw/uiuc/coord_seligFmt/coord_seligFmt/e657.dat,True,72,257,0.1556886644702552,0.3725671701977426,0.0464660637881343,0.4632177182001663,0.0
e66,e66.npz,/home/vipuser/Meri-FID-Gate-Airfoil/data/airfoil/raw/uiuc/coord_seligFmt/coord_seligFmt/e66.dat,True,61,257,0.1012865404860647,0.3143414030240812,0.0405877661371863,0.524533837163709,0.0
e662,e662.npz,/home/vipuser/Meri-FID-Gate-Airfoil/data/airfoil/raw/uiuc/coord_seligFmt/coord_seligFmt/e662.dat,True,62,257,0.1501795446866076,0.4266347627723191,0.040821703346433,0.4754661628362909,0.0
e664,e664.npz,/home/vipuser/Meri-FID-Gate-Airfoil/data/airfoil/raw/uiuc/coord_seligFmt/coord_seligFmt/e664.dat,True,61,257,0.1661145643202902,0.4448888963530584,0.0262681671854148,0.4084800560224295,0.0
e664ex,e664ex.npz,/home/vipuser/Meri-FID-Gate-Airfoil/data/airfoil/raw/uiuc/coord_seligFmt/coord_seligFmt/e664ex.dat,True,68,257,0.1384019369546403,0.3666436212625508,0.0592755801169669,0.6568408701994457,0.0
e668,e668.npz,/home/vipuser/Meri-FID-Gate-Airfoil/data/airfoil/raw/uiuc/coord_seligFmt/coord_seligFmt/e668.dat,True,72,257,0.1390043259526771,0.378509910048368,0.0397115083289,0.512270614261456,0.0
e67,e67.npz,/home/vipuser/Meri-FID-Gate-Airfoil/data/airfoil/raw/uiuc/coord_seligFmt/coord_seligFmt/e67.dat,True,62,257,0.116266584755455,0.3257906598752828,0.0365217246108376,0.5184036114706795,0.0
e678,e678.npz,/home/vipuser/Meri-FID-Gate-Airfoil/data/airfoil/raw/uiuc/coord_seligFmt/coord_seligFmt/e678.dat,True,61,257,0.150817763209181,0.3964443119038907,0.0508556094735503,0.5367822817998337,0.0
e68,e68.npz,/home/vipuser/Meri-FID-Gate-Airfoil/data/airfoil/raw/uiuc/coord_seligFmt/coord_seligFmt/e68.dat,True,62,257,0.1309734285534501,0.3257906598752828,0.0333607702684798,0.512270614261456,0.0
e682,e682.npz,/home/vipuser/Meri-FID-Gate-Airfoil/data/airfoil/raw/uiuc/coord_seligFmt/coord_seligFmt/e682.dat,True,61,257,0.1530095460180405,0.4084800560224295,0.0292347228998524,0.4024548389919358,0.0
e694,e694.npz,/home/vipuser/Meri-FID-Gate-Airfoil/data/airfoil/raw/uiuc/coord_seligFmt/coord_seligFmt/e694.dat,True,61,257,0.1543736648353127,0.4084800560224295,0.048714723628031,0.5915199439775705,0.0
e748,e748.npz,/home/vipuser/Meri-FID-Gate-Airfoil/data/airfoil/raw/uiuc/coord_seligFmt/coord_seligFmt/e748.dat,True,61,257,0.1972607214633999,0.2862224532848589,0.0458021957575714,0.5490085701647803,0.0
e793,e793.npz,/home/vipuser/Meri-FID-Gate-Airfoil/data/airfoil/raw/uiuc/coord_seligFmt/coord_seligFmt/e793.dat,True,61,257,0.1563188855147743,0.2643016315870011,0.0414903816344773,0.4448888963530584,0.0
e817,e817.npz,/home/vipuser/Meri-FID-Gate-Airfoil/data/airfoil/raw/uiuc/coord_seligFmt/coord_seligFmt/e817.dat,True,68,257,0.1098160649980678,0.3257906598752828,0.0287966360154835,0.6856585969759188,0.0
e836,e836.npz,/home/vipuser/Meri-FID-Gate-Airfoil/data/airfoil/raw/uiuc/coord_seligFmt/coord_seligFmt/e836.dat,True,61,257,0.1263950736267007,0.4266347627723191,0.0,0.0,0.0
e837,e837.npz,/home/vipuser/Meri-FID-Gate-Airfoil/data/airfoil/raw/uiuc/coord_seligFmt/coord_seligFmt/e837.dat,True,61,257,0.1609610895859433,0.3666436212625508,0.0,0.0,0.0
e850,e850.npz,/home/vipuser/Meri-FID-Gate-Airfoil/data/airfoil/raw/uiuc/coord_seligFmt/coord_seligFmt/e850.dat,True,67,257,0.0798291265406992,0.3666436212625508,0.0182684808452784,0.7082147800488185,0.0
e851,e851.npz,/home/vipuser/Meri-FID-Gate-Airfoil/data/airfoil/raw/uiuc/coord_seligFmt/coord_seligFmt/e851.dat,True,67,257,0.0901334541274397,0.3666436212625508,0.0234256368908513,0.6626551460811314,0.0
e852,e852.npz,/home/vipuser/Meri-FID-Gate-Airfoil/data/airfoil/raw/uiuc/coord_seligFmt/coord_seligFmt/e852.dat,True,67,257,0.1007138505131185,0.3725671701977426,0.0277139658058361,0.6095506200784349,0.0
e853,e853.npz,/home/vipuser/Meri-FID-Gate-Airfoil/data/airfoil/raw/uiuc/coord_seligFmt/coord_seligFmt/e853.dat,True,66,257,0.1160154137995238,0.3666436212625508,0.0308056970998474,0.5612053375996081,0.0
e854,e854.npz,/home/vipuser/Meri-FID-Gate-Airfoil/data/airfoil/raw/uiuc/coord_seligFmt/coord_seligFmt/e854.dat,True,67,257,0.1340504765243104,0.3257906598752828,0.0327528732886778,0.5551111036469415,0.0
e855,e855.npz,/home/vipuser/Meri-FID-Gate-Airfoil/data/airfoil/raw/uiuc/coord_seligFmt/coord_seligFmt/e855.dat,True,66,257,0.1571551225348132,0.3200524817325059,0.0366325685691334,0.50613576914286,0.0
e856,e856.npz,/home/vipuser/Meri-FID-Gate-Airfoil/data/airfoil/raw/uiuc/coord_seligFmt/coord_seligFmt/e856.dat,True,67,257,0.1815244241161197,0.3143414030240812,0.0418339877047222,0.4999999999999999,0.0
e857,e857.npz,/home/vipuser/Meri-FID-Gate-Airfoil/data/airfoil/raw/uiuc/coord_seligFmt/coord_seligFmt/e857.dat,True,66,257,0.20345834223166,0.2917852199511813,0.0486075498857225,0.4509914298352196,0.0
e858,e858.npz,/home/vipuser/Meri-FID-Gate-Airfoil/data/airfoil/raw/uiuc/coord_seligFmt/coord_seligFmt/e858.dat,True,67,257,0.2270009981915021,0.2862224532848589,0.0473102598759559,0.4448888963530584,0.0
e862,e862.npz,/home/vipuser/Meri-FID-Gate-Airfoil/data/airfoil/raw/uiuc/coord_seligFmt/coord_seligFmt/e862.dat,True,61,257,0.3236423983517437,0.2862224532848589,0.0,0.0,0.012
e874,e874.npz,/home/vipuser/Meri-FID-Gate-Airfoil/data/airfoil/raw/uiuc/coord_seligFmt/coord_seligFmt/e874.dat,True,120,257,0.0790284782692586,0.2862224532848589,0.0088849191378824,0.3548576613727688,0.0
e904,e904.npz,/home/vipuser/Meri-FID-Gate-Airfoil/data/airfoil/raw/uiuc/coord_seligFmt/coord_seligFmt/e904.dat,True,109,257,0.0899742129304158,0.4509914298352196,0.0134023754531953,0.50613576914286,0.0
e908,e908.npz,/home/vipuser/Meri-FID-Gate-Airfoil/data/airfoil/raw/uiuc/coord_seligFmt/coord_seligFmt/e908.dat,True,109,257,0.0900468905513742,0.4448888963530584,0.0275912004068815,0.6626551460811314,0.0
ea61009,ea61009.npz,/home/vipuser/Meri-FID-Gate-Airfoil/data/airfoil/raw/uiuc/coord_seligFmt/coord_seligFmt/ea61009.dat,True,27,257,0.0899279044807325,0.3030039799694759,0.0,0.0,0.0
ea61012,ea61012.npz,/home/vipuser/Meri-FID-Gate-Airfoil/data/airfoil/raw/uiuc/coord_seligFmt/coord_seligFmt/ea61012.dat,True,27,257,0.1199639522403662,0.3030039799694759,0.0,0.0,0.0
ea81006,ea81006.npz,/home/vipuser/Meri-FID-Gate-Airfoil/data/airfoil/raw/uiuc/coord_seligFmt/coord_seligFmt/ea81006.dat,True,27,257,0.059987984080122,0.3030039799694759,0.0,0.0,0.0
ebambino7,ebambino7.npz,/home/vipuser/Meri-FID-Gate-Airfoil/data/airfoil/raw/uiuc/coord_seligFmt/coord_seligFmt/ebambino7.dat,True,33,257,0.0599509032201612,0.4024548389919358,0.0188349475657235,0.2021503477537832,0.005
ec863914,ec863914.npz,/home/vipuser/Meri-FID-Gate-Airfoil/data/airfoil/raw/uiuc/coord_seligFmt/coord_seligFmt/ec863914.dat,True,31,257,0.142704714175137,0.33155507330389,0.0439243044204987,0.7137775467151409,0.0
eh0009,eh0009.npz,/home/vipuser/Meri-FID-Gate-Airfoil/data/airfoil/raw/uiuc/coord_seligFmt/coord_seligFmt/eh0009.dat,True,100,257,0.08998378348959,0.2917852199511813,9.976060429399414e-06,0.7674988099435485,0.0
eh1090,eh1090.npz,/home/vipuser/Meri-FID-Gate-Airfoil/data/airfoil/raw/uiuc/coord_seligFmt/coord_seligFmt/eh1090.dat,True,99,257,0.089894458011828,0.2917852199511813,0.0099622814260213,0.2589081139604385,0.0
eh1590,eh1590.npz,/home/vipuser/Meri-FID-Gate-Airfoil/data/airfoil/raw/uiuc/coord_seligFmt/coord_seligFmt/eh1590.dat,True,99,257,0.0899137823645373,0.2917852199511813,0.0149446701519957,0.2589081139604385,0.0
eh2010,eh2010.npz,/home/vipuser/Meri-FID-Gate-Airfoil/data/airfoil/raw/uiuc/coord_seligFmt/coord_seligFmt/eh2010.dat,True,101,257,0.1007595118955725,0.2917852199511813,0.0199815787483319,0.2589081139604385,0.0
eh2070,eh2070.npz,/home/vipuser/Meri-FID-Gate-Airfoil/data/airfoil/raw/uiuc/coord_seligFmt/coord_seligFmt/eh2070.dat,True,101,257,0.0699869991370772,0.2862224532848589,0.0199246080539408,0.2589081139604385,0.0
eh2510,eh2510.npz,/home/vipuser/Meri-FID-Gate-Airfoil/data/airfoil/raw/uiuc/coord_seligFmt/coord_seligFmt/eh2510.dat,True,99,257,0.099920083006781,0.297379342997505,0.0246759880004461,0.2482308081371412,0.0
eh3012,eh3012.npz,/home/vipuser/Meri-FID-Gate-Airfoil/data/airfoil/raw/uiuc/coord_seligFmt/coord_seligFmt/eh3012.dat,True,101,257,0.119735889955577,0.297379342997505,0.0292706042177097,0.2482308081371412,0.0
eiffel10,eiffel10.npz,/home/vipuser/Meri-FID-Gate-Airfoil/data/airfoil/raw/uiuc/coord_seligFmt/coord_seligFmt/eiffel10.dat,True,34,257,0.0263917598088222,0.0135300238972199,0.0453,0.4999999999999999,0.0064
eiffel371,eiffel371.npz,/home/vipuser/Meri-FID-Gate-Airfoil/data/airfoil/raw/uiuc/coord_seligFmt/coord_seligFmt/eiffel371.dat,True,33,257,0.1439038726409767,0.3030039799694759,0.0331921380289925,0.297379342997505,0.0
eiffel385,eiffel385.npz,/home/vipuser/Meri-FID-Gate-Airfoil/data/airfoil/raw/uiuc/coord_seligFmt/coord_seligFmt/eiffel385.dat,True,33,257,0.1334677447836932,0.2021503477537832,0.0440999999999999,0.4999999999999999,0.0
eiffel428,eiffel428.npz,/home/vipuser/Meri-FID-Gate-Airfoil/data/airfoil/raw/uiuc/coord_seligFmt/coord_seligFmt/eiffel428.dat,True,33,257,0.0894549403004578,0.3030039799694759,0.0419631774151209,0.4024548389919358,0.0
eiffel430,eiffel430.npz,/home/vipuser/Meri-FID-Gate-Airfoil/data/airfoil/raw/uiuc/coord_seligFmt/coord_seligFmt/eiffel430.dat,True,33,257,0.0968529112328602,0.1508118752955135,0.0447312645082257,0.4024548389919358,0.0
esa40,esa40.npz,/home/vipuser/Meri-FID-Gate-Airfoil/data/airfoil/raw/uiuc/coord_seligFmt/coord_seligFmt/esa40.dat,True,79,257,0.1071674440779192,0.2751943351726967,0.0194910645740373,0.1213955767467577,0.008872592624
falcon,falcon.npz,/home/vipuser/Meri-FID-Gate-Airfoil/data/airfoil/raw/uiuc/coord_seligFmt/coord_seligFmt/falcon.dat,True,79,257,0.1367405653756077,0.3086582838174551,0.0163099590140663,0.2071010712717805,0.002891
fauvel,fauvel.npz,/home/vipuser/Meri-FID-Gate-Airfoil/data/airfoil/raw/uiuc/coord_seligFmt/coord_seligFmt/fauvel.dat,True,35,257,0.1398096373740917,0.2535509038851079,0.0253550590706008,0.2482308081371412,0.0
fg1,fg1.npz,/home/vipuser/Meri-FID-Gate-Airfoil/data/airfoil/raw/uiuc/coord_seligFmt/coord_seligFmt/fg1.dat,True,33,257,0.0816669562203357,0.3030039799694759,0.0307064883852347,0.3964443119038907,0.0
fg3,fg3.npz,/home/vipuser/Meri-FID-Gate-Airfoil/data/airfoil/raw/uiuc/coord_seligFmt/coord_seligFmt/fg3.dat,True,33,257,0.1013128845808851,0.3030039799694759,0.0429018494543876,0.3030039799694759,0.0
fx049915,fx049915.npz,/home/vipuser/Meri-FID-Gate-Airfoil/data/airfoil/raw/uiuc/coord_seligFmt/coord_seligFmt/fx049915.dat,True,25,257,0.1470504066688755,0.3666436212625508,0.0581088405401038,0.3666436212625508,0.0
fx057816,fx057816.npz,/home/vipuser/Meri-FID-Gate-Airfoil/data/airfoil/raw/uiuc/coord_seligFmt/coord_seligFmt/fx057816.dat,True,25,257,0.1616896611177977,0.3725671701977426,0.0512727752965762,0.3725671701977426,0.0
fx05h126,fx05h126.npz,/home/vipuser/Meri-FID-Gate-Airfoil/data/airfoil/raw/uiuc/coord_seligFmt/coord_seligFmt/fx05h126.dat,True,49,257,0.1260097087484388,0.3666436212625508,0.0439753949539501,0.3725671701977426,0.0
fx082512,fx082512.npz,/home/vipuser/Meri-FID-Gate-Airfoil/data/airfoil/raw/uiuc/coord_seligFmt/coord_seligFmt/fx082512.dat,True,25,257,0.1177051062138779,0.2482308081371412,0.0414942215667777,0.6333563787374492,0.0
fx2,fx2.npz,/home/vipuser/Meri-FID-Gate-Airfoil/data/airfoil/raw/uiuc/coord_seligFmt/coord_seligFmt/fx2.dat,True,47,257,0.2043779872147024,0.4387946624003919,0.0377249801056234,0.6913417161825448,0.0
fx60100,fx60100.npz,/home/vipuser/Meri-FID-Gate-Airfoil/data/airfoil/raw/uiuc/coord_seligFmt/coord_seligFmt/fx60100.dat,True,97,257,0.0999149606705865,0.2806918807307361,0.03563245455217,0.567290354253563,0.0
fx601001,fx601001.npz,/home/vipuser/Meri-FID-Gate-Airfoil/data/airfoil/raw/uiuc/coord_seligFmt/coord_seligFmt/fx601001.dat,True,35,257,0.1011420317235375,0.3086582838174551,0.0357363709747984,0.5975451610080641,0.0
fx601261,fx601261.npz,/home/vipuser/Meri-FID-Gate-Airfoil/data/airfoil/raw/uiuc/coord_seligFmt/coord_seligFmt/fx601261.dat,True,97,257,0.1259174028512181,0.2806918807307361,0.039648755871301,0.5612053375996081,0.0
fx60157,fx60157.npz,/home/vipuser/Meri-FID-Gate-Airfoil/data/airfoil/raw/uiuc/coord_seligFmt/coord_seligFmt/fx60157.dat,True,97,257,0.1567290837445628,0.4024548389919358,0.0271515761276359,0.7517691918628587,0.0
fx60160,fx60160.npz,/home/vipuser/Meri-FID-Gate-Airfoil/data/airfoil/raw/uiuc/coord_seligFmt/coord_seligFmt/fx60160.dat,True,37,257,0.1558628856416453,0.3964443119038907,0.0307743538703185,0.5975451610080641,0.0
fx60177,fx60177.npz,/home/vipuser/Meri-FID-Gate-Airfoil/data/airfoil/raw/uiuc/coord_seligFmt/coord_seligFmt/fx60177.dat,True,97,257,0.1772118126097989,0.3725671701977426,0.0272247204835152,0.777785116509801,0.0
fx61140,fx61140.npz,/home/vipuser/Meri-FID-Gate-Airfoil/data/airfoil/raw/uiuc/coord_seligFmt/coord_seligFmt/fx61140.dat,True,97,257,0.139805352482964,0.3373448539188685,0.0246299928012477,0.3086582838174551,0.0
fx61147,fx61147.npz,/home/vipuser/Meri-FID-Gate-Airfoil/data/airfoil/raw/uiuc/coord_seligFmt/coord_seligFmt/fx61147.dat,True,97,257,0.1476283358860757,0.3373448539188685,0.0318364458647636,0.3373448539188685,0.0
fx61168,fx61168.npz,/home/vipuser/Meri-FID-Gate-Airfoil/data/airfoil/raw/uiuc/coord_seligFmt/coord_seligFmt/fx61168.dat,True,97,257,0.1680273948616158,0.3666436212625508,0.0298930722082914,0.3725671701977426,0.0
fx61184,fx61184.npz,/home/vipuser/Meri-FID-Gate-Airfoil/data/airfoil/raw/uiuc/coord_seligFmt/coord_seligFmt/fx61184.dat,True,97,257,0.1836701690716079,0.3725671701977426,0.0308646167210283,0.6274328298022572,0.0
fx62k153,fx62k153.npz,/home/vipuser/Meri-FID-Gate-Airfoil/data/airfoil/raw/uiuc/coord_seligFmt/coord_seligFmt/fx62k153.dat,True,97,257,0.1527296535168514,0.4024548389919358,0.0408138921888402,0.6274328298022572,0.0
fx63100,fx63100.npz,/home/vipuser/Meri-FID-Gate-Airfoil/data/airfoil/raw/uiuc/coord_seligFmt/coord_seligFmt/fx63100.dat,True,33,257,0.0992655446894446,0.3030039799694759,0.043425,0.4999999999999999,0.0
fx63120,fx63120.npz,/home/vipuser/Meri-FID-Gate-Airfoil/data/airfoil/raw/uiuc/coord_seligFmt/coord_seligFmt/fx63120.dat,True,35,257,0.1200432755433895,0.3086582838174551,0.05235,0.4999999999999999,0.0
fx63137,fx63137.npz,/home/vipuser/Meri-FID-Gate-Airfoil/data/airfoil/raw/uiuc/coord_seligFmt/coord_seligFmt/fx63137.dat,True,97,257,0.1371199856024954,0.3086582838174551,0.0596837462279484,0.5367822817998337,0.0
fx63137sm,fx63137sm.npz,/home/vipuser/Meri-FID-Gate-Airfoil/data/airfoil/raw/uiuc/coord_seligFmt/coord_seligFmt/fx63137sm.dat,True,69,257,0.1367349972356791,0.3086582838174551,0.0584004181846257,0.5612053375996081,0.0
fx63143,fx63143.npz,/home/vipuser/Meri-FID-Gate-Airfoil/data/airfoil/raw/uiuc/coord_seligFmt/coord_seligFmt/fx63143.dat,True,97,257,0.1431454117579433,0.3373448539188685,0.0308695363370394,0.3086582838174551,0.0
fx63145,fx63145.npz,/home/vipuser/Meri-FID-Gate-Airfoil/data/airfoil/raw/uiuc/coord_seligFmt/coord_seligFmt/fx63145.dat,True,97,257,0.1447049000374269,0.3086582838174551,0.0403650845358039,0.3725671701977426,0.0
fx63158,fx63158.npz,/home/vipuser/Meri-FID-Gate-Airfoil/data/airfoil/raw/uiuc/coord_seligFmt/coord_seligFmt/fx63158.dat,True,97,257,0.1581032168126748,0.3431591298005542,0.0376606375471104,0.3725671701977426,0.0
fx6617a2,fx6617a2.npz,/home/vipuser/Meri-FID-Gate-Airfoil/data/airfoil/raw/uiuc/coord_seligFmt/coord_seligFmt/fx6617a2.dat,True,87,257,0.1819376105723393,0.3431591298005542,0.0380347604179966,0.3725671701977426,0.0
fx6617ai,fx6617ai.npz,/home/vipuser/Meri-FID-Gate-Airfoil/data/airfoil/raw/uiuc/coord_seligFmt/coord_seligFmt/fx6617ai.dat,True,66,257,0.1882886793945922,0.3489970253403859,0.0367900266613687,0.4024548389919358,0.0007997876
fx66182,fx66182.npz,/home/vipuser/Meri-FID-Gate-Airfoil/data/airfoil/raw/uiuc/coord_seligFmt/coord_seligFmt/fx66182.dat,True,87,257,0.1819376105723393,0.3431591298005542,0.0380347604179966,0.3725671701977426,0.0
fx66196v,fx66196v.npz,/home/vipuser/Meri-FID-Gate-Airfoil/data/airfoil/raw/uiuc/coord_seligFmt/coord_seligFmt/fx66196v.dat,True,87,257,0.195615601021063,0.3725671701977426,0.0400931193419226,0.4632177182001663,0.0
fx66a175,fx66a175.npz,/home/vipuser/Meri-FID-Gate-Airfoil/data/airfoil/raw/uiuc/coord_seligFmt/coord_seligFmt/fx66a175.dat,True,87,257,0.1751448322972086,0.3373448539188685,0.041564986512565,0.4024548389919358,0.0
fx66s161,fx66s161.npz,/home/vipuser/Meri-FID-Gate-Airfoil/data/airfoil/raw/uiuc/coord_seligFmt/coord_seligFmt/fx66s161.dat,True,87,257,0.1611586242229064,0.3373448539188685,0.0390946856063404,0.4327096457464369,0.0
fx66s171,fx66s171.npz,/home/vipuser/Meri-FID-Gate-Airfoil/data/airfoil/raw/uiuc/coord_seligFmt/coord_seligFmt/fx66s171.dat,True,87,257,0.1710767282600575,0.3373448539188685,0.0388484280317021,0.4327096457464369,0.0
fx66s196,fx66s196.npz,/home/vipuser/Meri-FID-Gate-Airfoil/data/airfoil/raw/uiuc/coord_seligFmt/coord_seligFmt/fx66s196.dat,True,87,257,0.1963164179323558,0.3725671701977426,0.0377602840951063,0.4327096457464369,0.0
fx67k150,fx67k150.npz,/home/vipuser/Meri-FID-Gate-Airfoil/data/airfoil/raw/uiuc/coord_seligFmt/coord_seligFmt/fx67k150.dat,True,87,257,0.1498299820167534,0.4024548389919358,0.0483162829739549,0.4387946624003919,0.0
fx67k170,fx67k170.npz,/home/vipuser/Meri-FID-Gate-Airfoil/data/airfoil/raw/uiuc/coord_seligFmt/coord_seligFmt/fx67k170.dat,True,87,257,0.17006,0.4024548389919358,0.0506731509081074,0.4387946624003919,0.0
fx68h120,fx68h120.npz,/home/vipuser/Meri-FID-Gate-Airfoil/data/airfoil/raw/uiuc/coord_seligFmt/coord_seligFmt/fx68h120.dat,True,97,257,0.1180564657163076,0.2535509038851079,0.0231268400619184,0.3373448539188685,0.0
fx69274,fx69274.npz,/home/vipuser/Meri-FID-Gate-Airfoil/data/airfoil/raw/uiuc/coord_seligFmt/coord_seligFmt/fx69274.dat,True,97,257,0.2740862810526139,0.3373448539188685,0.0318510015794515,0.3725671701977426,0.0
fx69h083,fx69h083.npz,/home/vipuser/Meri-FID-Gate-Airfoil/data/airfoil/raw/uiuc/coord_seligFmt/coord_seligFmt/fx69h083.dat,True,53,257,0.0839927250828797,0.3373448539188685,0.0245350517286939,0.33155507330389,0.0019
fx69h098,fx69h098.npz,/home/vipuser/Meri-FID-Gate-Airfoil/data/airfoil/raw/uiuc/coord_seligFmt/coord_seligFmt/fx69h098.dat,True,45,257,0.0988709916421658,0.2806918807307361,0.0174330874584484,0.2273375057889767,0.0021999999999999
fx69pr281,fx69pr281.npz,/home/vipuser/Meri-FID-Gate-Airfoil/data/airfoil/raw/uiuc/coord_seligFmt/coord_seligFmt/fx69pr281.dat,True,97,257,0.2812896731453123,0.2222148834901988,0.0561449999999999,0.4999999999999999,0.0
fx71089a,fx71089a.npz,/home/vipuser/Meri-FID-Gate-Airfoil/data/airfoil/raw/uiuc/coord_seligFmt/coord_seligFmt/fx71089a.dat,True,85,257,0.0893599964854334,0.2222148834901988,0.0,0.0,0.0
fx71120,fx71120.npz,/home/vipuser/Meri-FID-Gate-Airfoil/data/airfoil/raw/uiuc/coord_seligFmt/coord_seligFmt/fx71120.dat,True,85,257,0.1198472674209222,0.2482308081371412,0.0,0.0,0.0
fx711525,fx711525.npz,/home/vipuser/Meri-FID-Gate-Airfoil/data/airfoil/raw/uiuc/coord_seligFmt/coord_seligFmt/fx711525.dat,True,87,257,0.1499753980604216,0.3431591298005542,0.0,0.0,0.0
fx711530,fx711530.npz,/home/vipuser/Meri-FID-Gate-Airfoil/data/airfoil/raw/uiuc/coord_seligFmt/coord_seligFmt/fx711530.dat,True,87,257,0.1499709285696499,0.3373448539188685,0.0,0.0,0.0
fx71l150,fx71l150.npz,/home/vipuser/Meri-FID-Gate-Airfoil/data/airfoil/raw/uiuc/coord_seligFmt/coord_seligFmt/fx71l150.dat,True,87,257,0.1499709285696499,0.3373448539188685,0.0,0.0,0.0
fx72150a,fx72150a.npz,/home/vipuser/Meri-FID-Gate-Airfoil/data/airfoil/raw/uiuc/coord_seligFmt/coord_seligFmt/fx72150a.dat,True,87,257,0.1500961353669396,0.3666436212625508,0.0833990744640475,0.4693396318488956,0.0
fx72150b,fx72150b.npz,/home/vipuser/Meri-FID-Gate-Airfoil/data/airfoil/raw/uiuc/coord_seligFmt/coord_seligFmt/fx72150b.dat,True,87,257,0.1500961353669396,0.3666436212625508,0.0972175151124811,0.4693396318488956,0.0
fx72ls160,fx72ls160.npz,/home/vipuser/Meri-FID-Gate-Airfoil/data/airfoil/raw/uiuc/coord_seligFmt/coord_seligFmt/fx72ls160.dat,True,97,257,0.1601125530312702,0.3725671701977426,0.0823907310911058,0.4327096457464369,0.0
fx73170a,fx73170a.npz,/home/vipuser/Meri-FID-Gate-Airfoil/data/airfoil/raw/uiuc/coord_seligFmt/coord_seligFmt/fx73170a.dat,True,97,257,0.1711030227423827,0.4327096457464369,0.0563812829739549,0.4387946624003919,0.0
fx73cl1152,fx73cl1152.npz,/home/vipuser/Meri-FID-Gate-Airfoil/data/airfoil/raw/uiuc/coord_seligFmt/coord_seligFmt/fx73cl1152.dat,True,97,257,0.1521799560679183,0.2222148834901988,0.0608547204953477,0.3373448539188685,0.0
fx73cl2152,fx73cl2152.npz,/home/vipuser/Meri-FID-Gate-Airfoil/data/airfoil/raw/uiuc/coord_seligFmt/coord_seligFmt/fx73cl2152.dat,True,97,257,0.1521699578252016,0.2222148834901988,0.0662483674345955,0.4327096457464369,0.0
fx73cl3152,fx73cl3152.npz,/home/vipuser/Meri-FID-Gate-Airfoil/data/airfoil/raw/uiuc/coord_seligFmt/coord_seligFmt/fx73cl3152.dat,True,97,257,0.1521699595824848,0.2222148834901988,0.0800940265204679,0.4327096457464369,0.0
fx73k170,fx73k170.npz,/home/vipuser/Meri-FID-Gate-Airfoil/data/airfoil/raw/uiuc/coord_seligFmt/coord_seligFmt/fx73k170.dat,True,97,257,0.1707798051814953,0.4024548389919358,0.0459131320658474,0.5612053375996081,0.0
fx74080,fx74080.npz,/home/vipuser/Meri-FID-Gate-Airfoil/data/airfoil/raw/uiuc/coord_seligFmt/coord_seligFmt/fx74080.dat,True,97,257,0.0815000376845199,0.4387946624003919,0.0431403219453007,0.4693396318488956,0.0
fx74130wp1,fx74130wp1.npz,/home/vipuser/Meri-FID-Gate-Airfoil/data/airfoil/raw/uiuc/coord_seligFmt/coord_seligFmt/fx74130wp1.dat,True,97,257,0.1301099396471752,0.4632177182001663,0.038165,0.4999999999999999,0.0
fx74130wp2mod,fx74130wp2mod.npz,/home/vipuser/Meri-FID-Gate-Airfoil/data/airfoil/raw/uiuc/coord_seligFmt/coord_seligFmt/fx74130wp2mod.dat,True,97,257,0.1291054772945528,0.4327096457464369,0.0388183371360423,0.4327096457464369,0.0
fx75141,fx75141.npz,/home/vipuser/Meri-FID-Gate-Airfoil/data/airfoil/raw/uiuc/coord_seligFmt/coord_seligFmt/fx75141.dat,True,97,257,0.1413009269431935,0.3666436212625508,0.0339224924558969,0.5367822817998337,0.0
fx75193,fx75193.npz,/home/vipuser/Meri-FID-Gate-Airfoil/data/airfoil/raw/uiuc/coord_seligFmt/coord_seligFmt/fx75193.dat,True,97,257,0.192729974523734,0.4024548389919358,0.03663493722688,0.6913417161825448,0.0
fx76100,fx76100.npz,/home/vipuser/Meri-FID-Gate-Airfoil/data/airfoil/raw/uiuc/coord_seligFmt/coord_seligFmt/fx76100.dat,True,97,257,0.1006378698972125,0.2806918807307361,0.0,0.0,0.0
fx76120,fx76120.npz,/home/vipuser/Meri-FID-Gate-Airfoil/data/airfoil/raw/uiuc/coord_seligFmt/coord_seligFmt/fx76120.dat,True,97,257,0.1206729520965931,0.2806918807307361,0.0,0.0,0.0
fx76mp120,fx76mp120.npz,/home/vipuser/Meri-FID-Gate-Airfoil/data/airfoil/raw/uiuc/coord_seligFmt/coord_seligFmt/fx76mp120.dat,True,97,257,0.1210959844705803,0.3373448539188685,0.0757281590030825,0.4693396318488956,0.0
fx76mp160,fx76mp160.npz,/home/vipuser/Meri-FID-Gate-Airfoil/data/airfoil/raw/uiuc/coord_seligFmt/coord_seligFmt/fx76mp160.dat,True,97,257,0.1614409285696498,0.3373448539188685,0.06057,0.4999999999999999,0.0
fx77080,fx77080.npz,/home/vipuser/Meri-FID-Gate-Airfoil/data/airfoil/raw/uiuc/coord_seligFmt/coord_seligFmt/fx77080.dat,True,97,257,0.0804723790752031,0.2751943351726967,0.0,0.0,0.0
fx77w258,fx77w258.npz,/home/vipuser/Meri-FID-Gate-Airfoil/data/airfoil/raw/uiuc/coord_seligFmt/coord_seligFmt/fx77w258.dat,True,95,257,0.2615109896742827,0.3086582838174551,0.0433273622845226,0.2751943351726967,0.0122030572712802
fx77w270,fx77w270.npz,/home/vipuser/Meri-FID-Gate-Airfoil/data/airfoil/raw/uiuc/coord_seligFmt/coord_seligFmt/fx77w270.dat,True,97,257,0.2711844968916259,0.3373448539188685,0.0432815646009798,0.2751943351726967,0.04216
fx77w343,fx77w343.npz,/home/vipuser/Meri-FID-Gate-Airfoil/data/airfoil/raw/uiuc/coord_seligFmt/coord_seligFmt/fx77w343.dat,True,95,257,0.3440476431018834,0.3373448539188685,0.0469643890136089,0.2535509038851079,0.0422752345009159
fx78k140,fx78k140.npz,/home/vipuser/Meri-FID-Gate-Airfoil/data/airfoil/raw/uiuc/coord_seligFmt/coord_seligFmt/fx78k140.dat,True,97,257,0.1409279924438294,0.4327096457464369,0.0437833674345955,0.4327096457464369,0.0
fx78k140a20,fx78k140a20.npz,/home/vipuser/Meri-FID-Gate-Airfoil/data/airfoil/raw/uiuc/coord_seligFmt/coord_seligFmt/fx78k140a20.dat,True,97,257,0.1409279924438294,0.4327096457464369,0.0437833674345955,0.4327096457464369,0.0
fx78k150,fx78k150.npz,/home/vipuser/Meri-FID-Gate-Airfoil/data/airfoil/raw/uiuc/coord_seligFmt/coord_seligFmt/fx78k150.dat,True,97,257,0.1510504469959995,0.4327096457464369,0.0433087547105649,0.4387946624003919,0.0
fx78k161,fx78k161.npz,/home/vipuser/Meri-FID-Gate-Airfoil/data/airfoil/raw/uiuc/coord_seligFmt/coord_seligFmt/fx78k161.dat,True,97,257,0.1615899370586369,0.4024548389919358,0.0284243794192725,0.3725671701977426,0.0
fx78pk188,fx78pk188.npz,/home/vipuser/Meri-FID-Gate-Airfoil/data/airfoil/raw/uiuc/coord_seligFmt/coord_seligFmt/fx78pk188.dat,True,97,257,0.1881175847901698,0.4387946624003919,0.023725,0.4999999999999999,0.0
fx79k144,fx79k144.npz,/home/vipuser/Meri-FID-Gate-Airfoil/data/airfoil/raw/uiuc/coord_seligFmt/coord_seligFmt/fx79k144.dat,True,97,257,0.1438874242536168,0.4327096457464369,0.027747545161008,0.4024548389919358,0.002
fx79l100,fx79l100.npz,/home/vipuser/Meri-FID-Gate-Airfoil/data/airfoil/raw/uiuc/coord_seligFmt/coord_seligFmt/fx79l100.dat,True,97,257,0.1006473602476738,0.3373448539188685,0.0,0.0,0.0
fx79l120,fx79l120.npz,/home/vipuser/Meri-FID-Gate-Airfoil/data/airfoil/raw/uiuc/coord_seligFmt/coord_seligFmt/fx79l120.dat,True,97,257,0.1206660962724412,0.3373448539188685,0.0,0.0,0.0
fx79w151a,fx79w151a.npz,/home/vipuser/Meri-FID-Gate-Airfoil/data/airfoil/raw/uiuc/coord_seligFmt/coord_seligFmt/fx79w151a.dat,True,97,257,0.151629888198139,0.3373448539188685,0.0377484839023614,0.3725671701977426,0.0
fx80080,fx80080.npz,/home/vipuser/Meri-FID-Gate-Airfoil/data/airfoil/raw/uiuc/coord_seligFmt/coord_seligFmt/fx80080.dat,True,97,257,0.0805999940055844,0.4024548389919358,0.02206,0.4999999999999999,0.0
fx83w108,fx83w108.npz,/home/vipuser/Meri-FID-Gate-Airfoil/data/airfoil/raw/uiuc/coord_seligFmt/coord_seligFmt/fx83w108.dat,True,97,257,0.1086799775398928,0.3086582838174551,0.0423456539655888,0.5306603681511043,0.0
fx83w160,fx83w160.npz,/home/vipuser/Meri-FID-Gate-Airfoil/data/airfoil/raw/uiuc/coord_seligFmt/coord_seligFmt/fx83w160.dat,True,97,257,0.1604886562093142,0.3666436212625508,0.0388969324505427,0.6274328298022572,0.0
fx83w227,fx83w227.npz,/home/vipuser/Meri-FID-Gate-Airfoil/data/airfoil/raw/uiuc/coord_seligFmt/coord_seligFmt/fx83w227.dat,True,97,257,0.226395486518293,0.3431591298005542,0.0343999887604708,0.4024548389919358,0.0
fx84w097,fx84w097.npz,/home/vipuser/Meri-FID-Gate-Airfoil/data/airfoil/raw/uiuc/coord_seligFmt/coord_seligFmt/fx84w097.dat,True,97,257,0.097398104037151,0.3373448539188685,0.0281743794192725,0.3725671701977426,0.0
fx84w127,fx84w127.npz,/home/vipuser/Meri-FID-Gate-Airfoil/data/airfoil/raw/uiuc/coord_seligFmt/coord_seligFmt/fx84w127.dat,True,97,257,0.1275176990302108,0.3431591298005542,0.0374149835153573,0.4024548389919358,0.0
fx84w140,fx84w140.npz,/home/vipuser/Meri-FID-Gate-Airfoil/data/airfoil/raw/uiuc/coord_seligFmt/coord_seligFmt/fx84w140.dat,True,97,257,0.1408111770516888,0.3666436212625508,0.0420699970027922,0.4024548389919358,0.0
fx84w150,fx84w150.npz,/home/vipuser/Meri-FID-Gate-Airfoil/data/airfoil/raw/uiuc/coord_seligFmt/coord_seligFmt/fx84w150.dat,True,97,257,0.1498786562093142,0.3666436212625508,0.0420622068474561,0.4024548389919358,0.0
fx84w175,fx84w175.npz,/home/vipuser/Meri-FID-Gate-Airfoil/data/airfoil/raw/uiuc/coord_seligFmt/coord_seligFmt/fx84w175.dat,True,97,257,0.1760786562093143,0.3666436212625508,0.0436887121268084,0.4327096457464369,0.0
fx84w218,fx84w218.npz,/home/vipuser/Meri-FID-Gate-Airfoil/data/airfoil/raw/uiuc/coord_seligFmt/coord_seligFmt/fx84w218.dat,True,97,257,0.2196146086934868,0.3373448539188685,0.0322684280317021,0.4327096457464369,0.0
fxl142k,fxl142k.npz,/home/vipuser/Meri-FID-Gate-Airfoil/data/airfoil/raw/uiuc/coord_seligFmt/coord_seligFmt/fxl142k.dat,True,97,257,0.1419993713044602,0.3086582838174551,0.0,0.0,0.0
fxlv152,fxlv152.npz,/home/vipuser/Meri-FID-Gate-Airfoil/data/airfoil/raw/uiuc/coord_seligFmt/coord_seligFmt/fxlv152.dat,True,97,257,0.1528,0.3431591298005542,0.0002,1.0,0.0004
fxm2,fxm2.npz,/home/vipuser/Meri-FID-Gate-Airfoil/data/airfoil/raw/uiuc/coord_seligFmt/coord_seligFmt/fxm2.dat,True,97,257,0.083905915828557,0.1972444792978372,0.0478449545038855,0.3086582838174551,0.0
fxs02196,fxs02196.npz,/home/vipuser/Meri-FID-Gate-Airfoil/data/airfoil/raw/uiuc/coord_seligFmt/coord_seligFmt/fxs02196.dat,True,97,257,0.1957997735480957,0.3666436212625508,0.0373705381073515,0.4387946624003919,0.0
fxs03182,fxs03182.npz,/home/vipuser/Meri-FID-Gate-Airfoil/data/airfoil/raw/uiuc/coord_seligFmt/coord_seligFmt/fxs03182.dat,True,97,257,0.1821198768059916,0.4024548389919358,0.0285289896541367,0.567290354253563,0.0
fxs21158,fxs21158.npz,/home/vipuser/Meri-FID-Gate-Airfoil/data/airfoil/raw/uiuc/coord_seligFmt/coord_seligFmt/fxs21158.dat,True,97,257,0.1577989626523593,0.3086582838174551,0.0349383103199748,0.3725671701977426,0.0
geminism,geminism.npz,/home/vipuser/Meri-FID-Gate-Airfoil/data/airfoil/raw/uiuc/coord_seligFmt/coord_seligFmt/geminism.dat,True,79,257,0.1537562711355249,0.3431591298005542,0.0219787419862309,0.378509910048368,0.00015
giiia,giiia.npz,/home/vipuser/Meri-FID-Gate-Airfoil/data/airfoil/raw/uiuc/coord_seligFmt/coord_seligFmt/giiia.dat,True,51,257,0.1100896159660811,0.3964443119038907,0.007475154333888,0.1464466094067262,0.0003587963581799
giiic,giiic.npz,/home/vipuser/Meri-FID-Gate-Airfoil/data/airfoil/raw/uiuc/coord_seligFmt/coord_seligFmt/giiic.dat,True,51,257,0.0993173257351397,0.3964443119038907,0.0092315704157793,0.297379342997505,0.00036939726644
giiid,giiid.npz,/home/vipuser/Meri-FID-Gate-Airfoil/data/airfoil/raw/uiuc/coord_seligFmt/coord_seligFmt/giiid.dat,True,51,257,0.0971052639788486,0.3964443119038907,0.0097536183155755,0.297379342997505,0.00036939746961
giiif,giiif.npz,/home/vipuser/Meri-FID-Gate-Airfoil/data/airfoil/raw/uiuc/coord_seligFmt/coord_seligFmt/giiif.dat,True,51,257,0.0826072486220092,0.4509914298352196,0.0130128321369441,0.297379342997505,0.0003698
giiig,giiig.npz,/home/vipuser/Meri-FID-Gate-Airfoil/data/airfoil/raw/uiuc/coord_seligFmt/coord_seligFmt/giiig.dat,True,51,257,0.0828422216838245,0.4509914298352196,0.0129756524420759,0.297379342997505,0.0003598
giiih,giiih.npz,/home/vipuser/Meri-FID-Gate-Airfoil/data/airfoil/raw/uiuc/coord_seligFmt/coord_seligFmt/giiih.dat,True,51,257,0.0832223803093249,0.4024548389919358,0.0129504402304626,0.297379342997505,0.00036
giiii,giiii.npz,/home/vipuser/Meri-FID-Gate-Airfoil/data/airfoil/raw/uiuc/coord_seligFmt/coord_seligFmt/giiii.dat,True,51,257,0.0844825008664624,0.3964443119038907,0.0132497894350327,0.2535509038851079,0.00036
giiik,giiik.npz,/home/vipuser/Meri-FID-Gate-Airfoil/data/airfoil/raw/uiuc/coord_seligFmt/coord_seligFmt/giiik.dat,True,51,257,0.0853180770597505,0.3489970253403859,0.0150055584055776,0.2535509038851079,0.00036
giiil,giiil.npz,/home/vipuser/Meri-FID-Gate-Airfoil/data/airfoil/raw/uiuc/coord_seligFmt/coord_seligFmt/giiil.dat,True,51,257,0.0854385129386409,0.3489970253403859,0.0157770310340928,0.2482308081371412,0.00036
giiim,giiim.npz,/home/vipuser/Meri-FID-Gate-Airfoil/data/airfoil/raw/uiuc/coord_seligFmt/coord_seligFmt/giiim.dat,True,51,257,0.0850682453159465,0.3489970253403859,0.0185904951751586,0.2021503477537832,0.0003598
giiin,giiin.npz,/home/vipuser/Meri-FID-Gate-Airfoil/data/airfoil/raw/uiuc/coord_seligFmt/coord_seligFmt/giiin.dat,True,51,257,0.0842491321954115,0.3030039799694759,0.0207213561846365,0.2021503477537832,0.00035959780644
glennmartin2,glennmartin2.npz,/home/vipuser/Meri-FID-Gate-Airfoil/data/airfoil/raw/uiuc/coord_seligFmt/coord_seligFmt/glennmartin2.dat,True,33,257,0.1346268881763714,0.2021503477537832,0.0606502605983021,0.3030039799694759,0.0
glennmartin3,glennmartin3.npz,/home/vipuser/Meri-FID-Gate-Airfoil/data/airfoil/raw/uiuc/coord_seligFmt/coord_seligFmt/glennmartin3.dat,True,33,257,0.137636916420641,0.3030039799694759,0.0460516757221862,0.3030039799694759,0.0
glennmartin4,glennmartin4.npz,/home/vipuser/Meri-FID-Gate-Airfoil/data/airfoil/raw/uiuc/coord_seligFmt/coord_seligFmt/glennmartin4.dat,True,33,257,0.1548249005007631,0.3030039799694759,0.0596,0.3143414030240812,0.0
gm15sm,gm15sm.npz,/home/vipuser/Meri-FID-Gate-Airfoil/data/airfoil/raw/uiuc/coord_seligFmt/coord_seligFmt/gm15sm.dat,True,79,257,0.067367387221219,0.2071010712717805,0.0476435753809296,0.4877293857385438,7e-05
goe05k,goe05k.npz,/home/vipuser/Meri-FID-Gate-Airfoil/data/airfoil/raw/uiuc/coord_seligFmt/coord_seligFmt/goe05k.dat,True,31,257,0.037,0.4999999999999999,0.0153499999999999,0.4999999999999999,0.0
goe06k,goe06k.npz,/home/vipuser/Meri-FID-Gate-Airfoil/data/airfoil/raw/uiuc/coord_seligFmt/coord_seligFmt/goe06k.dat,True,31,257,0.075,0.4999999999999999,0.031,0.4999999999999999,0.0
goe07k,goe07k.npz,/home/vipuser/Meri-FID-Gate-Airfoil/data/airfoil/raw/uiuc/coord_seligFmt/coord_seligFmt/goe07k.dat,True,31,257,0.11,0.4999999999999999,0.04545,0.4999999999999999,0.0
goe08k,goe08k.npz,/home/vipuser/Meri-FID-Gate-Airfoil/data/airfoil/raw/uiuc/coord_seligFmt/coord_seligFmt/goe08k.dat,True,31,257,0.1485,0.4999999999999999,0.0613,0.4999999999999999,0.0
goe09k,goe09k.npz,/home/vipuser/Meri-FID-Gate-Airfoil/data/airfoil/raw/uiuc/coord_seligFmt/coord_seligFmt/goe09k.dat,True,29,257,0.0245,0.4999999999999999,0.009047545161008,0.5975451610080641,0.0
goe100,goe100.npz,/home/vipuser/Meri-FID-Gate-Airfoil/data/airfoil/raw/uiuc/coord_seligFmt/coord_seligFmt/goe100.dat,True,33,257,0.0657178053416024,0.2021503477537832,0.0359106219531864,0.3964443119038907,0.004
goe101,goe101.npz,/home/vipuser/Meri-FID-Gate-Airfoil/data/airfoil/raw/uiuc/coord_seligFmt/coord_seligFmt/goe101.dat,True,31,257,0.0689082770049126,0.297379342997505,0.039593992040061,0.3030039799694759,0.0
goe10k,goe10k.npz,/home/vipuser/Meri-FID-Gate-Airfoil/data/airfoil/raw/uiuc/coord_seligFmt/coord_seligFmt/goe10k.dat,True,29,257,0.0385,0.4999999999999999,0.0142170541932096,0.5975451610080641,0.0
goe115,goe115.npz,/home/vipuser/Meri-FID-Gate-Airfoil/data/airfoil/raw/uiuc/coord_seligFmt/coord_seligFmt/goe115.dat,True,33,257,0.0970698079670203,0.297379342997505,0.037295478920095,0.4024548389919358,0.0
goe116,goe116.npz,/home/vipuser/Meri-FID-Gate-Airfoil/data/airfoil/raw/uiuc/coord_seligFmt/coord_seligFmt/goe116.dat,True,33,257,0.0932342556877928,0.3964443119038907,0.0407578340255741,0.4024548389919358,0.0035
goe117,goe117.npz,/home/vipuser/Meri-FID-Gate-Airfoil/data/airfoil/raw/uiuc/coord_seligFmt/coord_seligFmt/goe117.dat,True,33,257,0.0899946956530544,0.297379342997505,0.0456775232456227,0.4024548389919358,0.0
goe118,goe118.npz,/home/vipuser/Meri-FID-Gate-Airfoil/data/airfoil/raw/uiuc/coord_seligFmt/coord_seligFmt/goe118.dat,True,33,257,0.0863467787498783,0.3030039799694759,0.0572410153651586,0.4024548389919358,0.0021
goe11k,goe11k.npz,/home/vipuser/Meri-FID-Gate-Airfoil/data/airfoil/raw/uiuc/coord_seligFmt/coord_seligFmt/goe11k.dat,True,29,257,0.0745,0.4999999999999999,0.0274048448381169,0.5975451610080641,0.0
goe121,goe121.npz,/home/vipuser/Meri-FID-Gate-Airfoil/data/airfoil/raw/uiuc/coord_seligFmt/coord_seligFmt/goe121.dat,True,33,257,0.0664552067532362,0.1972444792978372,0.0459698693243712,0.3964443119038907,0.002
goe122,goe122.npz,/home/vipuser/Meri-FID-Gate-Airfoil/data/airfoil/raw/uiuc/coord_seligFmt/coord_seligFmt/goe122.dat,True,33,257,0.0730187529688881,0.297379342997505,0.0406011445237051,0.3030039799694759,0.0025
goe12k,goe12k.npz,/home/vipuser/Meri-FID-Gate-Airfoil/data/airfoil/raw/uiuc/coord_seligFmt/coord_seligFmt/goe12k.dat,True,29,257,0.111,0.4999999999999999,0.0408316535474274,0.5975451610080641,0.0
goe133,goe133.npz,/home/vipuser/Meri-FID-Gate-Airfoil/data/airfoil/raw/uiuc/coord_seligFmt/coord_seligFmt/goe133.dat,True,33,257,0.0789213802899251,0.297379342997505,0.0428819761201831,0.3030039799694759,0.002
goe134,goe134.npz,/home/vipuser/Meri-FID-Gate-Airfoil/data/airfoil/raw/uiuc/coord_seligFmt/coord_seligFmt/goe134.dat,True,33,257,0.094430908460702,0.3030039799694759,0.0396486717422167,0.3030039799694759,0.009
goe137,goe137.npz,/home/vipuser/Meri-FID-Gate-Airfoil/data/airfoil/raw/uiuc/coord_seligFmt/coord_seligFmt/goe137.dat,True,33,257,0.0859003956743487,0.297379342997505,0.0442050513775533,0.3964443119038907,0.0029
goe13k,goe13k.npz,/home/vipuser/Meri-FID-Gate-Airfoil/data/airfoil/raw/uiuc/coord_seligFmt/coord_seligFmt/goe13k.dat,True,29,257,0.148,0.4999999999999999,0.0545279712889395,0.5975451610080641,0.0
goe140,goe140.npz,/home/vipuser/Meri-FID-Gate-Airfoil/data/airfoil/raw/uiuc/coord_seligFmt/coord_seligFmt/goe140.dat,True,33,257,0.0877774620972046,0.297379342997505,0.0528425594074486,0.3030039799694759,0.0058
goe142,goe142.npz,/home/vipuser/Meri-FID-Gate-Airfoil/data/airfoil/raw/uiuc/coord_seligFmt/coord_seligFmt/goe142.dat,True,99,257,0.0616287067152346,0.2482308081371412,0.0384879951222138,0.3489970253403859,0.002
goe143,goe143.npz,/home/vipuser/Meri-FID-Gate-Airfoil/data/airfoil/raw/uiuc/coord_seligFmt/coord_seligFmt/goe143.dat,True,33,257,0.0744118128198872,0.2021503477537832,0.0378531039603526,0.3030039799694759,0.0029
goe144,goe144.npz,/home/vipuser/Meri-FID-Gate-Airfoil/data/airfoil/raw/uiuc/coord_seligFmt/coord_seligFmt/goe144.dat,True,33,257,0.073096857466507,0.1972444792978372,0.0471631052216003,0.3964443119038907,0.0
goe147,goe147.npz,/home/vipuser/Meri-FID-Gate-Airfoil/data/airfoil/raw/uiuc/coord_seligFmt/coord_seligFmt/goe147.dat,True,33,257,0.0754454398645618,0.1508118752955135,0.0375574381087239,0.3030039799694759,0.0033
goe14k,goe14k.npz,/home/vipuser/Meri-FID-Gate-Airfoil/data/airfoil/raw/uiuc/coord_seligFmt/coord_seligFmt/goe14k.dat,True,29,257,0.12,0.4999999999999999,0.0269999999999999,0.4999999999999999,0.0
goe15,goe15.npz,/home/vipuser/Meri-FID-Gate-Airfoil/data/airfoil/raw/uiuc/coord_seligFmt/coord_seligFmt/goe15.dat,True,33,257,0.0900222159447753,0.297379342997505,0.0774885982313743,0.297379342997505,0.0
goe15k,goe15k.npz,/home/vipuser/Meri-FID-Gate-Airfoil/data/airfoil/raw/uiuc/coord_seligFmt/coord_seligFmt/goe15k.dat,True,29,257,0.15,0.4999999999999999,0.03375,0.4999999999999999,0.0
goe164,goe164.npz,/home/vipuser/Meri-FID-Gate-Airfoil/data/airfoil/raw/uiuc/coord_seligFmt/coord_seligFmt/goe164.dat,True,33,257,0.0886495127253132,0.1972444792978372,0.0663330300897921,0.4024548389919358,0.0011
goe165,goe165.npz,/home/vipuser/Meri-FID-Gate-Airfoil/data/airfoil/raw/uiuc/coord_seligFmt/coord_seligFmt/goe165.dat,True,33,257,0.1211292871080176,0.2021503477537832,0.0574497410493682,0.4999999999999999,0.0012
goe167,goe167.npz,/home/vipuser/Meri-FID-Gate-Airfoil/data/airfoil/raw/uiuc/coord_seligFmt/coord_seligFmt/goe167.dat,True,33,257,0.100802563735158,0.3030039799694759,0.0453489281778223,0.3030039799694759,0.009
goe16k,goe16k.npz,/home/vipuser/Meri-FID-Gate-Airfoil/data/airfoil/raw/uiuc/coord_seligFmt/coord_seligFmt/goe16k.dat,True,29,257,0.1815,0.4999999999999999,0.04085,0.4999999999999999,0.0
goe173,goe173.npz,/home/vipuser/Meri-FID-Gate-Airfoil/data/airfoil/raw/uiuc/coord_seligFmt/coord_seligFmt/goe173.dat,True,33,257,0.0775957384925347,0.2021503477537832,0.0590567530370483,0.3964443119038907,0.0018
goe174,goe174.npz,/home/vipuser/Meri-FID-Gate-Airfoil/data/airfoil/raw/uiuc/coord_seligFmt/coord_seligFmt/goe174.dat,True,33,257,0.0857938772643542,0.2021503477537832,0.0556586084260247,0.3964443119038907,0.0029
goe176,goe176.npz,/home/vipuser/Meri-FID-Gate-Airfoil/data/airfoil/raw/uiuc/coord_seligFmt/coord_seligFmt/goe176.dat,True,33,257,0.1032584027687573,0.1972444792978372,0.0554996391613429,0.4024548389919358,0.0023
goe177,goe177.npz,/home/vipuser/Meri-FID-Gate-Airfoil/data/airfoil/raw/uiuc/coord_seligFmt/coord_seligFmt/goe177.dat,True,33,257,0.0769354895673865,0.2021503477537832,0.0501715544952311,0.3964443119038907,0.002
goe180,goe180.npz,/home/vipuser/Meri-FID-Gate-Airfoil/data/airfoil/raw/uiuc/coord_seligFmt/coord_seligFmt/goe180.dat,True,33,257,0.0866423455459451,0.297379342997505,0.0439402218577356,0.3964443119038907,0.0025
goe182,goe182.npz,/home/vipuser/Meri-FID-Gate-Airfoil/data/airfoil/raw/uiuc/coord_seligFmt/coord_seligFmt/goe182.dat,True,33,257,0.0944695108843587,0.1972444792978372,0.0525853192484579,0.3964443119038907,0.0015
goe187,goe187.npz,/home/vipuser/Meri-FID-Gate-Airfoil/data/airfoil/raw/uiuc/coord_seligFmt/coord_seligFmt/goe187.dat,True,33,257,0.0826996326810378,0.3030039799694759,0.0483403549362075,0.3030039799694759,0.005
goe195,goe195.npz,/home/vipuser/Meri-FID-Gate-Airfoil/data/airfoil/raw/uiuc/coord_seligFmt/coord_seligFmt/goe195.dat,True,33,257,0.0859139860898486,0.2021503477537832,0.0505,0.4999999999999999,0.002
goe198,goe198.npz,/home/vipuser/Meri-FID-Gate-Airfoil/data/airfoil/raw/uiuc/coord_seligFmt/coord_seligFmt/goe198.dat,True,33,257,0.0776268076941514,0.2021503477537832,0.0651509325851345,0.3964443119038907,0.0085
goe199,goe199.npz,/home/vipuser/Meri-FID-Gate-Airfoil/data/airfoil/raw/uiuc/coord_seligFmt/coord_seligFmt/goe199.dat,True,33,257,0.0732698924590582,0.297379342997505,0.051811195973859,0.3030039799694759,0.011
goe207,goe207.npz,/home/vipuser/Meri-FID-Gate-Airfoil/data/airfoil/raw/uiuc/coord_seligFmt/coord_seligFmt/goe207.dat,True,33,257,0.0877112462903455,0.1972444792978372,0.0662456331196301,0.297379342997505,0.0075
goe210,goe210.npz,/home/vipuser/Meri-FID-Gate-Airfoil/data/airfoil/raw/uiuc/coord_seligFmt/coord_seligFmt/goe210.dat,True,33,257,0.0662799206987199,0.3030039799694759,0.0433932621116799,0.4024548389919358,0.0016
goe217,goe217.npz,/home/vipuser/Meri-FID-Gate-Airfoil/data/airfoil/raw/uiuc/coord_seligFmt/coord_seligFmt/goe217.dat,True,33,257,0.1899064216450289,0.2917852199511813,0.0632213922049294,0.5915199439775705,0.0074
goe222,goe222.npz,/home/vipuser/Meri-FID-Gate-Airfoil/data/airfoil/raw/uiuc/coord_seligFmt/coord_seligFmt/goe222.dat,True,33,257,0.1853826685009499,0.2917852199511813,0.0717479354141681,0.4999999999999999,0.003
goe223,goe223.npz,/home/vipuser/Meri-FID-Gate-Airfoil/data/airfoil/raw/uiuc/coord_seligFmt/coord_seligFmt/goe223.dat,True,33,257,0.1881800115351026,0.3030039799694759,0.0570120522138981,0.4999999999999999,0.002
goe225,goe225.npz,/home/vipuser/Meri-FID-Gate-Airfoil/data/airfoil/raw/uiuc/coord_seligFmt/coord_seligFmt/goe225.dat,True,33,257,0.1283082862126816,0.2021503477537832,0.076286567511153,0.4999999999999999,0.006
goe226,goe226.npz,/home/vipuser/Meri-FID-Gate-Airfoil/data/airfoil/raw/uiuc/coord_seligFmt/coord_seligFmt/goe226.dat,True,33,257,0.1388890782391961,0.2021503477537832,0.0807066810927076,0.49386423085714,0.002
goe227,goe227.npz,/home/vipuser/Meri-FID-Gate-Airfoil/data/airfoil/raw/uiuc/coord_seligFmt/coord_seligFmt/goe227.dat,True,33,257,0.1458584646509713,0.2482308081371412,0.07775,0.4999999999999999,0.003
goe228,goe228.npz,/home/vipuser/Meri-FID-Gate-Airfoil/data/airfoil/raw/uiuc/coord_seligFmt/coord_seligFmt/goe228.dat,True,33,257,0.1786848281306423,0.2917852199511813,0.0700436360700415,0.49386423085714,0.003
goe229,goe229.npz,/home/vipuser/Meri-FID-Gate-Airfoil/data/airfoil/raw/uiuc/coord_seligFmt/coord_seligFmt/goe229.dat,True,33,257,0.1934781227424753,0.3030039799694759,0.0591240317426907,0.49386423085714,0.002
goe233,goe233.npz,/home/vipuser/Meri-FID-Gate-Airfoil/data/airfoil/raw/uiuc/coord_seligFmt/coord_seligFmt/goe233.dat,True,33,257,0.116161612790384,0.2021503477537832,0.082055015364216,0.4999999999999999,0.0031
goe234,goe234.npz,/home/vipuser/Meri-FID-Gate-Airfoil/data/airfoil/raw/uiuc/coord_seligFmt/coord_seligFmt/goe234.dat,True,33,257,0.1425694006778914,0.2021503477537832,0.0916087586378585,0.4999999999999999,0.0074
goe235,goe235.npz,/home/vipuser/Meri-FID-Gate-Airfoil/data/airfoil/raw/uiuc/coord_seligFmt/coord_seligFmt/goe235.dat,True,33,257,0.0654295843773557,0.1972444792978372,0.0353791393621606,0.3964443119038907,0.0032
goe238,goe238.npz,/home/vipuser/Meri-FID-Gate-Airfoil/data/airfoil/raw/uiuc/coord_seligFmt/coord_seligFmt/goe238.dat,True,33,257,0.0980781988286129,0.297379342997505,0.0550621596210208,0.3030039799694759,0.0
goe239,goe239.npz,/home/vipuser/Meri-FID-Gate-Airfoil/data/airfoil/raw/uiuc/coord_seligFmt/coord_seligFmt/goe239.dat,True,33,257,0.1121818843594962,0.2021503477537832,0.0601392367925206,0.4024548389919358,0.0042
goe240,goe240.npz,/home/vipuser/Meri-FID-Gate-Airfoil/data/airfoil/raw/uiuc/coord_seligFmt/coord_seligFmt/goe240.dat,True,33,257,0.0700246692599007,0.297379342997505,0.0515475295693462,0.3964443119038907,0.0022
goe241,goe241.npz,/home/vipuser/Meri-FID-Gate-Airfoil/data/airfoil/raw/uiuc/coord_seligFmt/coord_seligFmt/goe241.dat,True,33,257,0.1886489745363104,0.2917852199511813,0.0837334670588929,0.4999999999999999,0.004
goe242,goe242.npz,/home/vipuser/Meri-FID-Gate-Airfoil/data/airfoil/raw/uiuc/coord_seligFmt/coord_seligFmt/goe242.dat,True,33,257,0.1617757777740953,0.297379342997505,0.075066956571437,0.4999999999999999,0.004
goe244,goe244.npz,/home/vipuser/Meri-FID-Gate-Airfoil/data/airfoil/raw/uiuc/coord_seligFmt/coord_seligFmt/goe244.dat,True,33,257,0.1767768137156607,0.1972444792978372,0.0998174302902714,0.4999999999999999,0.002
goe255,goe255.npz,/home/vipuser/Meri-FID-Gate-Airfoil/data/airfoil/raw/uiuc/coord_seligFmt/coord_seligFmt/goe255.dat,True,33,257,0.1856615320150201,0.3030039799694759,0.0484679250103686,0.4877293857385438,0.0050000500005
goe256,goe256.npz,/home/vipuser/Meri-FID-Gate-Airfoil/data/airfoil/raw/uiuc/coord_seligFmt/coord_seligFmt/goe256.dat,True,33,257,0.1599192197573923,0.297379342997505,0.0471226468145885,0.3964443119038907,0.0025
goe257,goe257.npz,/home/vipuser/Meri-FID-Gate-Airfoil/data/airfoil/raw/uiuc/coord_seligFmt/coord_seligFmt/goe257.dat,True,33,257,0.0882335424206409,0.3030039799694759,0.0408013218460702,0.3030039799694759,0.0128
goe264,goe264.npz,/home/vipuser/Meri-FID-Gate-Airfoil/data/airfoil/raw/uiuc/coord_seligFmt/coord_seligFmt/goe264.dat,True,33,257,0.0643942670932038,0.2021503477537832,0.0568766309769889,0.3030039799694759,0.0064
goe274,goe274.npz,/home/vipuser/Meri-FID-Gate-Airfoil/data/airfoil/raw/uiuc/coord_seligFmt/coord_seligFmt/goe274.dat,True,33,257,0.0864626043819409,0.297379342997505,0.048452343904387,0.3030039799694759,0.008
goe275,goe275.npz,/home/vipuser/Meri-FID-Gate-Airfoil/data/airfoil/raw/uiuc/coord_seligFmt/coord_seligFmt/goe275.dat,True,33,257,0.0772980051718377,0.2021503477537832,0.0471102281473962,0.3030039799694759,0.0
goe276,goe276.npz,/home/vipuser/Meri-FID-Gate-Airfoil/data/airfoil/raw/uiuc/coord_seligFmt/coord_seligFmt/goe276.dat,True,33,257,0.0725840168140895,0.297379342997505,0.0402984243316868,0.3030039799694759,0.008
goe277,goe277.npz,/home/vipuser/Meri-FID-Gate-Airfoil/data/airfoil/raw/uiuc/coord_seligFmt/coord_seligFmt/goe277.dat,True,33,257,0.083408494487464,0.297379342997505,0.0438739155552887,0.3030039799694759,0.0032
goe278,goe278.npz,/home/vipuser/Meri-FID-Gate-Airfoil/data/airfoil/raw/uiuc/coord_seligFmt/coord_seligFmt/goe278.dat,True,33,257,0.0743588437819229,0.297379342997505,0.0425783545296821,0.3030039799694759,0.002
goe279,goe279.npz,/home/vipuser/Meri-FID-Gate-Airfoil/data/airfoil/raw/uiuc/coord_seligFmt/coord_seligFmt/goe279.dat,True,33,257,0.0742562362804273,0.3030039799694759,0.0472792305045212,0.3964443119038907,0.0037
goe280,goe280.npz,/home/vipuser/Meri-FID-Gate-Airfoil/data/airfoil/raw/uiuc/coord_seligFmt/coord_seligFmt/goe280.dat,True,33,257,0.0792510073004578,0.3030039799694759,0.0454285484962991,0.3030039799694759,0.008
goe281,goe281.npz,/home/vipuser/Meri-FID-Gate-Airfoil/data/airfoil/raw/uiuc/coord_seligFmt/coord_seligFmt/goe281.dat,True,33,257,0.0803459121155958,0.297379342997505,0.0454365288840096,0.3964443119038907,0.0052
goe284,goe284.npz,/home/vipuser/Meri-FID-Gate-Airfoil/data/airfoil/raw/uiuc/coord_seligFmt/coord_seligFmt/goe284.dat,True,33,257,0.1764313575059771,0.2917852199511813,0.0512469604031424,0.3904493799215651,0.0059
goe285,goe285.npz,/home/vipuser/Meri-FID-Gate-Airfoil/data/airfoil/raw/uiuc/coord_seligFmt/coord_seligFmt/goe285.dat,True,35,257,0.1172837519265845,0.297379342997505,0.0367030908460702,0.3030039799694759,0.003
goe286,goe286.npz,/home/vipuser/Meri-FID-Gate-Airfoil/data/airfoil/raw/uiuc/coord_seligFmt/coord_seligFmt/goe286.dat,True,33,257,0.0934912144114754,0.297379342997505,0.0409696529032682,0.3030039799694759,0.005
goe287,goe287.npz,/home/vipuser/Meri-FID-Gate-Airfoil/data/airfoil/raw/uiuc/coord_seligFmt/coord_seligFmt/goe287.dat,True,33,257,0.0886588539419961,0.3030039799694759,0.0488058631035654,0.3964443119038907,0.005
goe288,goe288.npz,/home/vipuser/Meri-FID-Gate-Airfoil/data/airfoil/raw/uiuc/coord_seligFmt/coord_seligFmt/goe288.dat,True,33,257,0.173840343809854,0.2917852199511813,0.0552923674374972,0.4024548389919358,0.0059
goe289,goe289.npz,/home/vipuser/Meri-FID-Gate-Airfoil/data/airfoil/raw/uiuc/coord_seligFmt/coord_seligFmt/goe289.dat,True,33,257,0.1678296572948378,0.297379342997505,0.0611398564446975,0.4024548389919358,0.0
goe290,goe290.npz,/home/vipuser/Meri-FID-Gate-Airfoil/data/airfoil/raw/uiuc/coord_seligFmt/coord_seligFmt/goe290.dat,True,33,257,0.1756340345499056,0.2917852199511813,0.0387170280778636,0.3904493799215651,0.0060000600006
goe298,goe298.npz,/home/vipuser/Meri-FID-Gate-Airfoil/data/airfoil/raw/uiuc/coord_seligFmt/coord_seligFmt/goe298.dat,True,33,257,0.1282486967217091,0.1972444792978372,0.0453177231568214,0.3964443119038907,0.0059
goe29b,goe29b.npz,/home/vipuser/Meri-FID-Gate-Airfoil/data/airfoil/raw/uiuc/coord_seligFmt/coord_seligFmt/goe29b.dat,True,33,257,0.0942814054318861,0.1972444792978372,0.0654132828097701,0.3030039799694759,0.0028
goe300,goe300.npz,/home/vipuser/Meri-FID-Gate-Airfoil/data/airfoil/raw/uiuc/coord_seligFmt/coord_seligFmt/goe300.dat,True,27,257,0.0842699602003052,0.3030039799694759,0.0665562685582411,0.3030039799694759,0.0018
goe301,goe301.npz,/home/vipuser/Meri-FID-Gate-Airfoil/data/airfoil/raw/uiuc/coord_seligFmt/coord_seligFmt/goe301.dat,True,33,257,0.0994469627952988,0.2862224532848589,0.0648474058965718,0.3964443119038907,0.003
goe303,goe303.npz,/home/vipuser/Meri-FID-Gate-Airfoil/data/airfoil/raw/uiuc/coord_seligFmt/coord_seligFmt/goe303.dat,True,33,257,0.0983911150054055,0.297379342997505,0.0587268303911595,0.3964443119038907,0.0045
goe304,goe304.npz,/home/vipuser/Meri-FID-Gate-Airfoil/data/airfoil/raw/uiuc/coord_seligFmt/coord_seligFmt/goe304.dat,True,33,257,0.0898612079402419,0.297379342997505,0.0631572052800452,0.3964443119038907,0.0023
goe308,goe308.npz,/home/vipuser/Meri-FID-Gate-Airfoil/data/airfoil/raw/uiuc/coord_seligFmt/coord_seligFmt/goe308.dat,True,33,257,0.0808952878794614,0.297379342997505,0.0503713561833346,0.3030039799694759,0.0
goe309,goe309.npz,/home/vipuser/Meri-FID-Gate-Airfoil/data/airfoil/raw/uiuc/coord_seligFmt/coord_seligFmt/goe309.dat,True,33,257,0.0842923500600915,0.3030039799694759,0.0466769966246471,0.3030039799694759,0.004
goe310,goe310.npz,/home/vipuser/Meri-FID-Gate-Airfoil/data/airfoil/raw/uiuc/coord_seligFmt/coord_seligFmt/goe310.dat,True,33,257,0.0814551278428303,0.297379342997505,0.0480300993940775,0.3964443119038907,0.0
goe311,goe311.npz,/home/vipuser/Meri-FID-Gate-Airfoil/data/airfoil/raw/uiuc/coord_seligFmt/coord_seligFmt/goe311.dat,True,33,257,0.0843561326896949,0.2021503477537832,0.0606973333927917,0.3964443119038907,0.0042
goe314,goe314.npz,/home/vipuser/Meri-FID-Gate-Airfoil/data/airfoil/raw/uiuc/coord_seligFmt/coord_seligFmt/goe314.dat,True,33,257,0.080399443075668,0.297379342997505,0.046842393064478,0.297379342997505,0.0
goe315,goe315.npz,/home/vipuser/Meri-FID-Gate-Airfoil/data/airfoil/raw/uiuc/coord_seligFmt/coord_seligFmt/goe315.dat,True,33,257,0.0807077171962837,0.297379342997505,0.0409322922039403,0.297379342997505,0.0
goe316,goe316.npz,/home/vipuser/Meri-FID-Gate-Airfoil/data/airfoil/raw/uiuc/coord_seligFmt/coord_seligFmt/goe316.dat,True,33,257,0.090750955754765,0.297379342997505,0.0424188512348763,0.297379342997505,0.0042
goe318,goe318.npz,/home/vipuser/Meri-FID-Gate-Airfoil/data/airfoil/raw/uiuc/coord_seligFmt/coord_seligFmt/goe318.dat,True,33,257,0.0912761496026259,0.297379342997505,0.0431689704033341,0.3030039799694759,0.004
goe320,goe320.npz,/home/vipuser/Meri-FID-Gate-Airfoil/data/airfoil/raw/uiuc/coord_seligFmt/coord_seligFmt/goe320.dat,True,33,257,0.1233432766986113,0.297379342997505,0.0618530857834086,0.3030039799694759,0.0053
goe321,goe321.npz,/home/vipuser/Meri-FID-Gate-Airfoil/data/airfoil/raw/uiuc/coord_seligFmt/coord_seligFmt/goe321.dat,True,33,257,0.1115573516483889,0.297379342997505,0.051416598527812,0.3030039799694759,0.0043
goe323,goe323.npz,/home/vipuser/Meri-FID-Gate-Airfoil/data/airfoil/raw/uiuc/coord_seligFmt/coord_seligFmt/goe323.dat,True,33,257,0.1104943301043247,0.297379342997505,0.0516836856585365,0.297379342997505,0.0011
goe324,goe324.npz,/home/vipuser/Meri-FID-Gate-Airfoil/data/airfoil/raw/uiuc/coord_seligFmt/coord_seligFmt/goe324.dat,True,33,257,0.1313840074781406,0.297379342997505,0.059421308809943,0.297379342997505,0.0024
goe325,goe325.npz,/home/vipuser/Meri-FID-Gate-Airfoil/data/airfoil/raw/uiuc/coord_seligFmt/coord_seligFmt/goe325.dat,True,33,257,0.082,0.2021503477537832,0.0462274701502289,0.3030039799694759,0.003
goe326,goe326.npz,/home/vipuser/Meri-FID-Gate-Airfoil/data/airfoil/raw/uiuc/coord_seligFmt/coord_seligFmt/goe326.dat,True,33,257,0.0817823615160251,0.297379342997505,0.0472148168989384,0.3964443119038907,0.003
goe328,goe328.npz,/home/vipuser/Meri-FID-Gate-Airfoil/data/airfoil/raw/uiuc/coord_seligFmt/coord_seligFmt/goe328.dat,True,33,257,0.0819213802899251,0.297379342997505,0.0427424900500763,0.3030039799694759,0.005
goe329,goe329.npz,/home/vipuser/Meri-FID-Gate-Airfoil/data/airfoil/raw/uiuc/coord_seligFmt/coord_seligFmt/goe329.dat,True,33,257,0.1015478511185839,0.297379342997505,0.0553065615781703,0.3030039799694759,0.006
goe330,goe330.npz,/home/vipuser/Meri-FID-Gate-Airfoil/data/airfoil/raw/uiuc/coord_seligFmt/coord_seligFmt/goe330.dat,True,33,257,0.1019982481303448,0.297379342997505,0.0575504343190293,0.3964443119038907,0.001
goe331,goe331.npz,/home/vipuser/Meri-FID-Gate-Airfoil/data/airfoil/raw/uiuc/coord_seligFmt/coord_seligFmt/goe331.dat,True,33,257,0.1063749810702175,0.3030039799694759,0.0686540857378321,0.3964443119038907,0.0026
goe332,goe332.npz,/home/vipuser/Meri-FID-Gate-Airfoil/data/airfoil/raw/uiuc/coord_seligFmt/coord_seligFmt/goe332.dat,True,33,257,0.1178217654828622,0.297379342997505,0.0636019310856956,0.3964443119038907,0.003
goe335,goe335.npz,/home/vipuser/Meri-FID-Gate-Airfoil/data/airfoil/raw/uiuc/coord_seligFmt/coord_seligFmt/goe335.dat,True,33,257,0.0684677447836932,0.2021503477537832,0.0479911107797597,0.3964443119038907,0.0
goe336,goe336.npz,/home/vipuser/Meri-FID-Gate-Airfoil/data/airfoil/raw/uiuc/coord_seligFmt/coord_seligFmt/goe336.dat,True,33,257,0.0894382346848638,0.297379342997505,0.0540137989736068,0.3030039799694759,0.003
goe342,goe342.npz,/home/vipuser/Meri-FID-Gate-Airfoil/data/airfoil/raw/uiuc/coord_seligFmt/coord_seligFmt/goe342.dat,True,31,257,0.0539569930449243,0.2021503477537832,0.0615729967710887,0.4024548389919358,0.003
goe344,goe344.npz,/home/vipuser/Meri-FID-Gate-Airfoil/data/airfoil/raw/uiuc/coord_seligFmt/coord_seligFmt/goe344.dat,True,33,257,0.0719796291061102,0.1972444792978372,0.0270532525165894,0.3964443119038907,0.0065
goe358,goe358.npz,/home/vipuser/Meri-FID-Gate-Airfoil/data/airfoil/raw/uiuc/coord_seligFmt/coord_seligFmt/goe358.dat,True,27,257,0.1085946329600646,0.2021503477537832,0.05615,0.4999999999999999,0.0032
goe359,goe359.npz,/home/vipuser/Meri-FID-Gate-Airfoil/data/airfoil/raw/uiuc/coord_seligFmt/coord_seligFmt/goe359.dat,True,33,257,0.0779868967149875,0.297379342997505,0.0584348883255915,0.3964443119038907,0.0015
goe360,goe360.npz,/home/vipuser/Meri-FID-Gate-Airfoil/data/airfoil/raw/uiuc/coord_seligFmt/coord_seligFmt/goe360.dat,True,33,257,0.0967505283550512,0.297379342997505,0.058627342659061,0.3030039799694759,0.0021
goe361,goe361.npz,/home/vipuser/Meri-FID-Gate-Airfoil/data/airfoil/raw/uiuc/coord_seligFmt/coord_seligFmt/goe361.dat,True,33,257,0.0679354895673865,0.2021503477537832,0.0552322215595194,0.3964443119038907,0.0
goe362,goe362.npz,/home/vipuser/Meri-FID-Gate-Airfoil/data/airfoil/raw/uiuc/coord_seligFmt/coord_seligFmt/goe362.dat,True,33,257,0.0659569930449243,0.2021503477537832,0.0528533580591532,0.4024548389919358,0.0
goe364,goe364.npz,/home/vipuser/Meri-FID-Gate-Airfoil/data/airfoil/raw/uiuc/coord_seligFmt/coord_seligFmt/goe364.dat,True,33,257,0.1079213802899251,0.297379342997505,0.0650759681602441,0.3030039799694759,0.0
goe365,goe365.npz,/home/vipuser/Meri-FID-Gate-Airfoil/data/airfoil/raw/uiuc/coord_seligFmt/coord_seligFmt/goe365.dat,True,33,257,0.1169406022299718,0.3030039799694759,0.051431376032035,0.3964443119038907,0.0
goe366,goe366.npz,/home/vipuser/Meri-FID-Gate-Airfoil/data/airfoil/raw/uiuc/coord_seligFmt/coord_seligFmt/goe366.dat,True,33,257,0.1314169243831038,0.297379342997505,0.0724542638661094,0.3964443119038907,0.003
goe367,goe367.npz,/home/vipuser/Meri-FID-Gate-Airfoil/data/airfoil/raw/uiuc/coord_seligFmt/coord_seligFmt/goe367.dat,True,33,257,0.162830880754997,0.3030039799694759,0.0459904151785108,0.3964443119038907,0.0032
goe370,goe370.npz,/home/vipuser/Meri-FID-Gate-Airfoil/data/airfoil/raw/uiuc/coord_seligFmt/coord_seligFmt/goe370.dat,True,33,257,0.0465135122872417,0.2021503477537832,0.0573670537605256,0.4024548389919358,0.0
goe371,goe371.npz,/home/vipuser/Meri-FID-Gate-Airfoil/data/airfoil/raw/uiuc/coord_seligFmt/coord_seligFmt/goe371.dat,True,33,257,0.069471132758635,0.297379342997505,0.04604967509203,0.3964443119038907,0.0
goe372,goe372.npz,/home/vipuser/Meri-FID-Gate-Airfoil/data/airfoil/raw/uiuc/coord_seligFmt/coord_seligFmt/goe372.dat,True,33,257,0.0620054132072897,0.297379342997505,0.0430451671937279,0.4024548389919358,0.0
goe373,goe373.npz,/home/vipuser/Meri-FID-Gate-Airfoil/data/airfoil/raw/uiuc/coord_seligFmt/coord_seligFmt/goe373.dat,True,33,257,0.0650103068684217,0.297379342997505,0.0507304968985831,0.3964443119038907,0.0
goe374,goe374.npz,/home/vipuser/Meri-FID-Gate-Airfoil/data/airfoil/raw/uiuc/coord_seligFmt/coord_seligFmt/goe374.dat,True,33,257,0.0644731296490662,0.297379342997505,0.045198277943084,0.3030039799694759,0.0
goe375,goe375.npz,/home/vipuser/Meri-FID-Gate-Airfoil/data/airfoil/raw/uiuc/coord_seligFmt/coord_seligFmt/goe375.dat,True,33,257,0.065004205420542,0.2071010712717805,0.0448149694704108,0.297379342997505,0.0
goe376,goe376.npz,/home/vipuser/Meri-FID-Gate-Airfoil/data/airfoil/raw/uiuc/coord_seligFmt/coord_seligFmt/goe376.dat,True,33,257,0.0659813024054436,0.297379342997505,0.0494855176136074,0.3030039799694759,0.0
goe377,goe377.npz,/home/vipuser/Meri-FID-Gate-Airfoil/data/airfoil/raw/uiuc/coord_seligFmt/coord_seligFmt/goe377.dat,True,33,257,0.0644549403004578,0.3030039799694759,0.038869776651183,0.3964443119038907,0.0
goe379,goe379.npz,/home/vipuser/Meri-FID-Gate-Airfoil/data/airfoil/raw/uiuc/coord_seligFmt/coord_seligFmt/goe379.dat,True,33,257,0.0644635587346352,0.297379342997505,0.0523952474343209,0.3964443119038907,0.0
goe380,goe380.npz,/home/vipuser/Meri-FID-Gate-Airfoil/data/airfoil/raw/uiuc/coord_seligFmt/coord_seligFmt/goe380.dat,True,33,257,0.0654699871436769,0.297379342997505,0.0559756201502289,0.3030039799694759,0.0
goe381,goe381.npz,/home/vipuser/Meri-FID-Gate-Airfoil/data/airfoil/raw/uiuc/coord_seligFmt/coord_seligFmt/goe381.dat,True,33,257,0.0637516772533858,0.297379342997505,0.0575677254681037,0.3030039799694759,0.0016
goe382,goe382.npz,/home/vipuser/Meri-FID-Gate-Airfoil/data/airfoil/raw/uiuc/coord_seligFmt/coord_seligFmt/goe382.dat,True,33,257,0.200244423823788,0.2917852199511813,0.0603006840428523,0.3904493799215651,0.0021
goe383,goe383.npz,/home/vipuser/Meri-FID-Gate-Airfoil/data/airfoil/raw/uiuc/coord_seligFmt/coord_seligFmt/goe383.dat,True,33,257,0.2017134522834769,0.2862224532848589,0.0497817524959241,0.3844709458596643,0.00320006400128
goe384,goe384.npz,/home/vipuser/Meri-FID-Gate-Airfoil/data/airfoil/raw/uiuc/coord_seligFmt/coord_seligFmt/goe384.dat,True,33,257,0.1954523491066129,0.297379342997505,0.0684685733455353,0.3904493799215651,0.0043
goe385,goe385.npz,/home/vipuser/Meri-FID-Gate-Airfoil/data/airfoil/raw/uiuc/coord_seligFmt/coord_seligFmt/goe385.dat,True,33,257,0.0988178886435118,0.3030039799694759,0.0413838856456288,0.3030039799694759,0.0042
goe386,goe386.npz,/home/vipuser/Meri-FID-Gate-Airfoil/data/airfoil/raw/uiuc/coord_seligFmt/coord_seligFmt/goe386.dat,True,33,257,0.2024857748089532,0.2917852199511813,0.0543952807333604,0.3904493799215651,0.00320003200032
goe387,goe387.npz,/home/vipuser/Meri-FID-Gate-Airfoil/data/airfoil/raw/uiuc/coord_seligFmt/coord_seligFmt/goe387.dat,True,33,257,0.1483820704348877,0.297379342997505,0.05513599761427,0.3964443119038907,0.0
goe388,goe388.npz,/home/vipuser/Meri-FID-Gate-Airfoil/data/airfoil/raw/uiuc/coord_seligFmt/coord_seligFmt/goe388.dat,True,33,257,0.1019575635664649,0.297379342997505,0.0542869351214678,0.3964443119038907,0.0021
goe389,goe389.npz,/home/vipuser/Meri-FID-Gate-Airfoil/data/airfoil/raw/uiuc/coord_seligFmt/coord_seligFmt/goe389.dat,True,33,257,0.1032345859049112,0.297379342997505,0.0396919576640012,0.3964443119038907,0.0021
goe390,goe390.npz,/home/vipuser/Meri-FID-Gate-Airfoil/data/airfoil/raw/uiuc/coord_seligFmt/coord_seligFmt/goe390.dat,True,33,257,0.2031217904888518,0.2917852199511813,0.068978903669527,0.3904493799215651,0.0021
goe391,goe391.npz,/home/vipuser/Meri-FID-Gate-Airfoil/data/airfoil/raw/uiuc/coord_seligFmt/coord_seligFmt/goe391.dat,True,33,257,0.0509754516100806,0.4024548389919358,0.0320729967710887,0.4024548389919358,0.0
goe392,goe392.npz,/home/vipuser/Meri-FID-Gate-Airfoil/data/airfoil/raw/uiuc/coord_seligFmt/coord_seligFmt/goe392.dat,True,33,257,0.1013498010015262,0.3030039799694759,0.0483266790295766,0.4024548389919358,0.0
goe393,goe393.npz,/home/vipuser/Meri-FID-Gate-Airfoil/data/airfoil/raw/uiuc/coord_seligFmt/coord_seligFmt/goe393.dat,True,33,257,0.0607105929629628,0.1972444792978372,0.0420428720002407,0.3030039799694759,0.0013
goe394,goe394.npz,/home/vipuser/Meri-FID-Gate-Airfoil/data/airfoil/raw/uiuc/coord_seligFmt/coord_seligFmt/goe394.dat,True,33,257,0.0610550226266847,0.1972444792978372,0.0588040846487512,0.4024548389919358,0.0015
goe395,goe395.npz,/home/vipuser/Meri-FID-Gate-Airfoil/data/airfoil/raw/uiuc/coord_seligFmt/coord_seligFmt/goe395.dat,True,33,257,0.0610790228956233,0.1972444792978372,0.0697265685821605,0.4999999999999999,0.0015
goe398,goe398.npz,/home/vipuser/Meri-FID-Gate-Airfoil/data/airfoil/raw/uiuc/coord_seligFmt/coord_seligFmt/goe398.dat,True,33,257,0.1383689671498752,0.297379342997505,0.0484842432979686,0.3964443119038907,0.0
goe399,goe399.npz,/home/vipuser/Meri-FID-Gate-Airfoil/data/airfoil/raw/uiuc/coord_seligFmt/coord_seligFmt/goe399.dat,True,33,257,0.0689632862312014,0.297379342997505,0.0421702544519015,0.3964443119038907,0.0
goe400,goe400.npz,/home/vipuser/Meri-FID-Gate-Airfoil/data/airfoil/raw/uiuc/coord_seligFmt/coord_seligFmt/goe400.dat,True,33,257,0.0611889779171913,0.1972444792978372,0.0487111989264215,0.3964443119038907,0.0008
goe401,goe401.npz,/home/vipuser/Meri-FID-Gate-Airfoil/data/airfoil/raw/uiuc/coord_seligFmt/coord_seligFmt/goe401.dat,True,33,257,0.0709988669767657,0.297379342997505,0.0485769680116922,0.3030039799694759,0.0
goe402,goe402.npz,/home/vipuser/Meri-FID-Gate-Airfoil/data/airfoil/raw/uiuc/coord_seligFmt/coord_seligFmt/goe402.dat,True,33,257,0.0679784965224621,0.2021503477537832,0.0572879840801221,0.3030039799694759,0.0
goe403,goe403.npz,/home/vipuser/Meri-FID-Gate-Airfoil/data/airfoil/raw/uiuc/coord_seligFmt/coord_seligFmt/goe403.dat,True,33,257,0.0665175488816658,0.297379342997505,0.0431473529043122,0.3964443119038907,0.0
goe404,goe404.npz,/home/vipuser/Meri-FID-Gate-Airfoil/data/airfoil/raw/uiuc/coord_seligFmt/coord_seligFmt/goe404.dat,True,33,257,0.1318687407046652,0.2917852199511813,0.0496453179765662,0.297379342997505,0.0016
goe405,goe405.npz,/home/vipuser/Meri-FID-Gate-Airfoil/data/airfoil/raw/uiuc/coord_seligFmt/coord_seligFmt/goe405.dat,True,29,257,0.1109399204006104,0.3030039799694759,0.0653349467667137,0.4024548389919358,0.0
goe406,goe406.npz,/home/vipuser/Meri-FID-Gate-Airfoil/data/airfoil/raw/uiuc/coord_seligFmt/coord_seligFmt/goe406.dat,True,33,257,0.1168672605887949,0.3030039799694759,0.0553071467619294,0.3964443119038907,0.0
goe407,goe407.npz,/home/vipuser/Meri-FID-Gate-Airfoil/data/airfoil/raw/uiuc/coord_seligFmt/coord_seligFmt/goe407.dat,True,33,257,0.0945738559506255,0.3030039799694759,0.0477764937023224,0.3964443119038907,0.0
goe408,goe408.npz,/home/vipuser/Meri-FID-Gate-Airfoil/data/airfoil/raw/uiuc/coord_seligFmt/coord_seligFmt/goe408.dat,True,33,257,0.0774680002003052,0.3030039799694759,0.0414460560200305,0.3030039799694759,0.0
goe409,goe409.npz,/home/vipuser/Meri-FID-Gate-Airfoil/data/airfoil/raw/uiuc/coord_seligFmt/coord_seligFmt/goe409.dat,True,33,257,0.127,0.3030039799694759,0.0,0.0,0.0
goe410,goe410.npz,/home/vipuser/Meri-FID-Gate-Airfoil/data/airfoil/raw/uiuc/coord_seligFmt/coord_seligFmt/goe410.dat,True,33,257,0.1608689671498752,0.297379342997505,0.0,0.0,0.0
goe411,goe411.npz,/home/vipuser/Meri-FID-Gate-Airfoil/data/airfoil/raw/uiuc/coord_seligFmt/coord_seligFmt/goe411.dat,True,31,257,0.1319699602003052,0.3030039799694759,0.0,0.0,0.0
goe412,goe412.npz,/home/vipuser/Meri-FID-Gate-Airfoil/data/airfoil/raw/uiuc/coord_seligFmt/coord_seligFmt/goe412.dat,True,33,257,0.1312878611778096,0.297379342997505,0.0509981896903904,0.3964443119038907,0.0032
goe413,goe413.npz,/home/vipuser/Meri-FID-Gate-Airfoil/data/airfoil/raw/uiuc/coord_seligFmt/coord_seligFmt/goe413.dat,True,33,257,0.1634397248889426,0.297379342997505,0.0461352709660483,0.4024548389919358,0.0016
goe415,goe415.npz,/home/vipuser/Meri-FID-Gate-Airfoil/data/airfoil/raw/uiuc/coord_seligFmt/coord_seligFmt/goe415.dat,True,33,257,0.0846752481504482,0.2021503477537832,0.036566573693231,0.3030039799694759,0.0011
goe416a,goe416a.npz,/home/vipuser/Meri-FID-Gate-Airfoil/data/airfoil/raw/uiuc/coord_seligFmt/coord_seligFmt/goe416a.dat,True,33,257,0.1167282627913748,0.3030039799694759,0.013317764360342,0.6035556880961093,0.00270002700027
goe417a,goe417a.npz,/home/vipuser/Meri-FID-Gate-Airfoil/data/airfoil/raw/uiuc/coord_seligFmt/coord_seligFmt/goe417a.dat,True,31,257,0.0319952818059303,0.0252359097034816,0.0589288862380778,0.3964443119038907,0.0
goe418,goe418.npz,/home/vipuser/Meri-FID-Gate-Airfoil/data/airfoil/raw/uiuc/coord_seligFmt/coord_seligFmt/goe418.dat,True,33,257,0.1269354895673865,0.2021503477537832,0.0507395533023661,0.3964443119038907,0.0
goe420,goe420.npz,/home/vipuser/Meri-FID-Gate-Airfoil/data/airfoil/raw/uiuc/coord_seligFmt/coord_seligFmt/goe420.dat,True,33,257,0.1872772441547879,0.297379342997505,0.043,0.4999999999999999,0.0
goe421,goe421.npz,/home/vipuser/Meri-FID-Gate-Airfoil/data/airfoil/raw/uiuc/coord_seligFmt/coord_seligFmt/goe421.dat,True,33,257,0.1900383213371138,0.2917852199511813,0.0810345950062101,0.49386423085714,0.0021
goe422,goe422.npz,/home/vipuser/Meri-FID-Gate-Airfoil/data/airfoil/raw/uiuc/coord_seligFmt/coord_seligFmt/goe422.dat,True,33,257,0.1706082432041484,0.297379342997505,0.0650566551861803,0.3964443119038907,0.0021
goe423,goe423.npz,/home/vipuser/Meri-FID-Gate-Airfoil/data/airfoil/raw/uiuc/coord_seligFmt/coord_seligFmt/goe423.dat,True,33,257,0.1693943106282565,0.3964443119038907,0.050630529780626,0.3964443119038907,0.0016
goe424,goe424.npz,/home/vipuser/Meri-FID-Gate-Airfoil/data/airfoil/raw/uiuc/coord_seligFmt/coord_seligFmt/goe424.dat,True,33,257,0.1998673457204883,0.3086582838174551,0.0477879505220149,0.3844709458596643,0.00160003200064
goe425,goe425.npz,/home/vipuser/Meri-FID-Gate-Airfoil/data/airfoil/raw/uiuc/coord_seligFmt/coord_seligFmt/goe425.dat,True,33,257,0.1601585673994266,0.297379342997505,0.0453739850693815,0.3904493799215651,0.0011
goe426,goe426.npz,/home/vipuser/Meri-FID-Gate-Airfoil/data/airfoil/raw/uiuc/coord_seligFmt/coord_seligFmt/goe426.dat,True,33,257,0.1358197612018314,0.3030039799694759,0.0454386290252016,0.4024548389919358,0.0
goe427,goe427.npz,/home/vipuser/Meri-FID-Gate-Airfoil/data/airfoil/raw/uiuc/coord_seligFmt/coord_seligFmt/goe427.dat,True,33,257,0.045989248261231,0.2021503477537832,0.0542251274107459,0.4024548389919358,0.0
goe428,goe428.npz,/home/vipuser/Meri-FID-Gate-Airfoil/data/airfoil/raw/uiuc/coord_seligFmt/coord_seligFmt/goe428.dat,True,33,257,0.078973793429975,0.297379342997505,0.0521537760547505,0.3964443119038907,0.0
goe429,goe429.npz,/home/vipuser/Meri-FID-Gate-Airfoil/data/airfoil/raw/uiuc/coord_seligFmt/coord_seligFmt/goe429.dat,True,33,257,0.1137711727729725,0.297379342997505,0.0018967924685193,0.0983962342596775,0.0032
goe431,goe431.npz,/home/vipuser/Meri-FID-Gate-Airfoil/data/airfoil/raw/uiuc/coord_seligFmt/coord_seligFmt/goe431.dat,True,33,257,0.117870979134773,0.2021503477537832,0.072197545161008,0.5975451610080641,0.0
goe432,goe432.npz,/home/vipuser/Meri-FID-Gate-Airfoil/data/airfoil/raw/uiuc/coord_seligFmt/coord_seligFmt/goe432.dat,True,33,257,0.0769569930449243,0.2021503477537832,0.0433268880273752,0.3964443119038907,0.0
goe433,goe433.npz,/home/vipuser/Meri-FID-Gate-Airfoil/data/airfoil/raw/uiuc/coord_seligFmt/coord_seligFmt/goe433.dat,True,33,257,0.1741329824936328,0.2917852199511813,0.0484391594853995,0.49386423085714,0.0016
goe434,goe434.npz,/home/vipuser/Meri-FID-Gate-Airfoil/data/airfoil/raw/uiuc/coord_seligFmt/coord_seligFmt/goe434.dat,True,33,257,0.2273909500550567,0.2862224532848589,0.0517474738424413,0.4877293857385438,0.00160004800144
goe435,goe435.npz,/home/vipuser/Meri-FID-Gate-Airfoil/data/airfoil/raw/uiuc/coord_seligFmt/coord_seligFmt/goe435.dat,True,33,257,0.2604180448071191,0.2806918807307361,0.0465572445365641,0.4815963885293205,0.0027001890132309
goe436,goe436.npz,/home/vipuser/Meri-FID-Gate-Airfoil/data/airfoil/raw/uiuc/coord_seligFmt/coord_seligFmt/goe436.dat,True,33,257,0.1099344835749376,0.297379342997505,0.0374924900500763,0.3030039799694759,0.0
goe437,goe437.npz,/home/vipuser/Meri-FID-Gate-Airfoil/data/airfoil/raw/uiuc/coord_seligFmt/coord_seligFmt/goe437.dat,True,33,257,0.0704606901449625,0.297379342997505,0.0480073317428466,0.3964443119038907,0.0
goe438,goe438.npz,/home/vipuser/Meri-FID-Gate-Airfoil/data/airfoil/raw/uiuc/coord_seligFmt/coord_seligFmt/goe438.dat,True,33,257,0.1099894833824708,0.297379342997505,0.0376888449307243,0.3964443119038907,0.0
goe439,goe439.npz,/home/vipuser/Meri-FID-Gate-Airfoil/data/airfoil/raw/uiuc/coord_seligFmt/coord_seligFmt/goe439.dat,True,29,257,0.0789606901449625,0.297379342997505,0.0521537760547505,0.3964443119038907,0.0
goe440,goe440.npz,/home/vipuser/Meri-FID-Gate-Airfoil/data/airfoil/raw/uiuc/coord_seligFmt/coord_seligFmt/goe440.dat,True,33,257,0.1524800732175911,0.297379342997505,0.096919171163632,0.4024548389919358,0.0026
goe441,goe441.npz,/home/vipuser/Meri-FID-Gate-Airfoil/data/airfoil/raw/uiuc/coord_seligFmt/coord_seligFmt/goe441.dat,True,33,257,0.1597963070374277,0.2917852199511813,0.0772351485242585,0.3964443119038907,0.0027
goe442,goe442.npz,/home/vipuser/Meri-FID-Gate-Airfoil/data/airfoil/raw/uiuc/coord_seligFmt/coord_seligFmt/goe442.dat,True,33,257,0.0769775206402814,0.2021503477537832,0.0433143202651938,0.3964443119038907,0.0
goe444,goe444.npz,/home/vipuser/Meri-FID-Gate-Airfoil/data/airfoil/raw/uiuc/coord_seligFmt/coord_seligFmt/goe444.dat,True,33,257,0.056,0.3030039799694759,0.0,0.0,0.0
goe445,goe445.npz,/home/vipuser/Meri-FID-Gate-Airfoil/data/airfoil/raw/uiuc/coord_seligFmt/coord_seligFmt/goe445.dat,True,33,257,0.0639644431190389,0.3964443119038907,0.0,0.0,0.0
goe446,goe446.npz,/home/vipuser/Meri-FID-Gate-Airfoil/data/airfoil/raw/uiuc/coord_seligFmt/coord_seligFmt/goe446.dat,True,33,257,0.1288332458278749,0.297379342997505,0.0632371468407881,0.3964443119038907,0.0032
goe447,goe447.npz,/home/vipuser/Meri-FID-Gate-Airfoil/data/airfoil/raw/uiuc/coord_seligFmt/coord_seligFmt/goe447.dat,True,33,257,0.1268440955668859,0.297379342997505,0.0800616569395583,0.4024548389919358,0.0032
goe448,goe448.npz,/home/vipuser/Meri-FID-Gate-Airfoil/data/airfoil/raw/uiuc/coord_seligFmt/coord_seligFmt/goe448.dat,True,33,257,0.1289498279628848,0.297379342997505,0.105071478114873,0.4024548389919358,0.0026
goe449,goe449.npz,/home/vipuser/Meri-FID-Gate-Airfoil/data/airfoil/raw/uiuc/coord_seligFmt/coord_seligFmt/goe449.dat,True,33,257,0.1694849801001526,0.3030039799694759,0.0538656322541129,0.4024548389919358,0.0
goe450,goe450.npz,/home/vipuser/Meri-FID-Gate-Airfoil/data/airfoil/raw/uiuc/coord_seligFmt/coord_seligFmt/goe450.dat,True,33,257,0.0889511232379851,0.297379342997505,0.0518022283777883,0.4024548389919358,0.0021
goe451,goe451.npz,/home/vipuser/Meri-FID-Gate-Airfoil/data/airfoil/raw/uiuc/coord_seligFmt/coord_seligFmt/goe451.dat,True,33,257,0.0439741249699565,0.297379342997505,0.0556481049349701,0.4024548389919358,0.0
goe456,goe456.npz,/home/vipuser/Meri-FID-Gate-Airfoil/data/airfoil/raw/uiuc/coord_seligFmt/coord_seligFmt/goe456.dat,True,33,257,0.072017381891716,0.297379342997505,0.0519566615619734,0.4024548389919358,0.0
goe459,goe459.npz,/home/vipuser/Meri-FID-Gate-Airfoil/data/airfoil/raw/uiuc/coord_seligFmt/coord_seligFmt/goe459.dat,True,33,257,0.1269699602003052,0.3030039799694759,0.0,0.0,0.0
goe460,goe460.npz,/home/vipuser/Meri-FID-Gate-Airfoil/data/airfoil/raw/uiuc/coord_seligFmt/coord_seligFmt/goe460.dat,True,33,257,0.2048798408012209,0.3030039799694759,0.0,0.0,0.0
goe462,goe462.npz,/home/vipuser/Meri-FID-Gate-Airfoil/data/airfoil/raw/uiuc/coord_seligFmt/coord_seligFmt/goe462.dat,True,33,257,0.1095484001984207,0.1020815476955582,0.133640435076269,0.3030039799694759,0.0
goe464,goe464.npz,/home/vipuser/Meri-FID-Gate-Airfoil/data/airfoil/raw/uiuc/coord_seligFmt/coord_seligFmt/goe464.dat,True,33,257,0.0771921236136065,0.0743224034473674,0.099079140319337,0.3030039799694759,0.0
goe474,goe474.npz,/home/vipuser/Meri-FID-Gate-Airfoil/data/airfoil/raw/uiuc/coord_seligFmt/coord_seligFmt/goe474.dat,True,33,257,0.0694699602003052,0.3030039799694759,0.029048772580504,0.4024548389919358,0.0
goe476,goe476.npz,/home/vipuser/Meri-FID-Gate-Airfoil/data/airfoil/raw/uiuc/coord_seligFmt/coord_seligFmt/goe476.dat,True,33,257,0.1445510549199821,0.297379342997505,0.0521166305717669,0.3964443119038907,0.0
goe478,goe478.npz,/home/vipuser/Meri-FID-Gate-Airfoil/data/airfoil/raw/uiuc/coord_seligFmt/coord_seligFmt/goe478.dat,True,33,257,0.133454601287125,0.297379342997505,0.0429809883037488,0.3964443119038907,0.0
goe479,goe479.npz,/home/vipuser/Meri-FID-Gate-Airfoil/data/airfoil/raw/uiuc/coord_seligFmt/coord_seligFmt/goe479.dat,True,33,257,0.1158951737199002,0.297379342997505,0.0400119499956249,0.4024548389919358,0.0
goe480,goe480.npz,/home/vipuser/Meri-FID-Gate-Airfoil/data/airfoil/raw/uiuc/coord_seligFmt/coord_seligFmt/goe480.dat,True,25,257,0.1174082770049126,0.297379342997505,0.0549021306396572,0.4024548389919358,0.0
goe481,goe481.npz,/home/vipuser/Meri-FID-Gate-Airfoil/data/airfoil/raw/uiuc/coord_seligFmt/coord_seligFmt/goe481.dat,True,33,257,0.1356845341817426,0.1020815476955582,0.088003033196187,0.3904493799215651,0.0
goe481a,goe481a.npz,/home/vipuser/Meri-FID-Gate-Airfoil/data/airfoil/raw/uiuc/coord_seligFmt/coord_seligFmt/goe481a.dat,True,33,257,0.1532044540155854,0.2917852199511813,0.0549529873230184,0.3964443119038907,0.0
goe482,goe482.npz,/home/vipuser/Meri-FID-Gate-Airfoil/data/airfoil/raw/uiuc/coord_seligFmt/coord_seligFmt/goe482.dat,True,33,257,0.1652301841590579,0.2917852199511813,0.0879424265633644,0.3964443119038907,0.0
goe483,goe483.npz,/home/vipuser/Meri-FID-Gate-Airfoil/data/airfoil/raw/uiuc/coord_seligFmt/coord_seligFmt/goe483.dat,True,33,257,0.0544837624940897,0.1508118752955135,0.0582144431190389,0.3964443119038907,0.0
goe484,goe484.npz,/home/vipuser/Meri-FID-Gate-Airfoil/data/airfoil/raw/uiuc/coord_seligFmt/coord_seligFmt/goe484.dat,True,31,257,0.0624399204006104,0.3030039799694759,0.0494999999999999,0.4999999999999999,0.0
goe488,goe488.npz,/home/vipuser/Meri-FID-Gate-Airfoil/data/airfoil/raw/uiuc/coord_seligFmt/coord_seligFmt/goe488.dat,True,31,257,0.0679851633808016,0.1972444792978372,0.0304294679357116,0.3964443119038907,0.0
goe490,goe490.npz,/home/vipuser/Meri-FID-Gate-Airfoil/data/airfoil/raw/uiuc/coord_seligFmt/coord_seligFmt/goe490.dat,True,33,257,0.0880365806193423,0.2021503477537832,0.0383398133087806,0.3964443119038907,0.0
goe491,goe491.npz,/home/vipuser/Meri-FID-Gate-Airfoil/data/airfoil/raw/uiuc/coord_seligFmt/coord_seligFmt/goe491.dat,True,33,257,0.0485,0.2071010712717805,0.0294019363204883,0.3030039799694759,0.0
goe492,goe492.npz,/home/vipuser/Meri-FID-Gate-Airfoil/data/airfoil/raw/uiuc/coord_seligFmt/coord_seligFmt/goe492.dat,True,33,257,0.0620159873433544,0.3964443119038907,0.0337234623291671,0.49386423085714,0.0
goe493,goe493.npz,/home/vipuser/Meri-FID-Gate-Airfoil/data/airfoil/raw/uiuc/coord_seligFmt/coord_seligFmt/goe493.dat,True,33,257,0.1496758770395587,0.3030039799694759,0.0336811549340799,0.49386423085714,0.0
goe494,goe494.npz,/home/vipuser/Meri-FID-Gate-Airfoil/data/airfoil/raw/uiuc/coord_seligFmt/coord_seligFmt/goe494.dat,True,33,257,0.0495119313118094,0.2021503477537832,0.0509883390263449,0.4999999999999999,0.0
goe495,goe495.npz,/home/vipuser/Meri-FID-Gate-Airfoil/data/airfoil/raw/uiuc/coord_seligFmt/coord_seligFmt/goe495.dat,True,33,257,0.0689868967149875,0.297379342997505,0.0499999999999999,0.4999999999999999,0.0
goe496,goe496.npz,/home/vipuser/Meri-FID-Gate-Airfoil/data/airfoil/raw/uiuc/coord_seligFmt/coord_seligFmt/goe496.dat,True,29,257,0.0994868967149875,0.297379342997505,0.0499999999999999,0.4999999999999999,0.0
goe497,goe497.npz,/home/vipuser/Meri-FID-Gate-Airfoil/data/airfoil/raw/uiuc/coord_seligFmt/coord_seligFmt/goe497.dat,True,33,257,0.1269606901449625,0.297379342997505,0.0532499999999999,0.4999999999999999,0.0
goe498,goe498.npz,/home/vipuser/Meri-FID-Gate-Airfoil/data/airfoil/raw/uiuc/coord_seligFmt/coord_seligFmt/goe498.dat,True,33,257,0.159226473500117,0.2917852199511813,0.0550107453455117,0.49386423085714,0.0
goe499,goe499.npz,/home/vipuser/Meri-FID-Gate-Airfoil/data/airfoil/raw/uiuc/coord_seligFmt/coord_seligFmt/goe499.dat,True,33,257,0.0679868967149875,0.297379342997505,0.0584999999999999,0.4999999999999999,0.0
goe501,goe501.npz,/home/vipuser/Meri-FID-Gate-Airfoil/data/airfoil/raw/uiuc/coord_seligFmt/coord_seligFmt/goe501.dat,True,33,257,0.1279344835749376,0.297379342997505,0.063,0.4999999999999999,0.0
goe502,goe502.npz,/home/vipuser/Meri-FID-Gate-Airfoil/data/airfoil/raw/uiuc/coord_seligFmt/coord_seligFmt/goe502.dat,True,33,257,0.1590256196017615,0.2917852199511813,0.0609679920049936,0.49386423085714,0.0
goe503,goe503.npz,/home/vipuser/Meri-FID-Gate-Airfoil/data/airfoil/raw/uiuc/coord_seligFmt/coord_seligFmt/goe503.dat,True,33,257,0.1561537554464168,0.297379342997505,0.069761209076906,0.3964443119038907,0.0
goe504,goe504.npz,/home/vipuser/Meri-FID-Gate-Airfoil/data/airfoil/raw/uiuc/coord_seligFmt/coord_seligFmt/goe504.dat,True,33,257,0.1798011972806906,0.2917852199511813,0.0540183549212384,0.3904493799215651,0.0
goe505,goe505.npz,/home/vipuser/Meri-FID-Gate-Airfoil/data/airfoil/raw/uiuc/coord_seligFmt/coord_seligFmt/goe505.dat,True,33,257,0.1396956196425454,0.2021503477537832,0.0588073767420839,0.3964443119038907,0.0
goe507,goe507.npz,/home/vipuser/Meri-FID-Gate-Airfoil/data/airfoil/raw/uiuc/coord_seligFmt/coord_seligFmt/goe507.dat,True,25,257,0.0864344835749376,0.297379342997505,0.0291828161270564,0.4024548389919358,0.0
goe508,goe508.npz,/home/vipuser/Meri-FID-Gate-Airfoil/data/airfoil/raw/uiuc/coord_seligFmt/coord_seligFmt/goe508.dat,True,33,257,0.1649098806009157,0.3030039799694759,0.0563288096692338,0.4024548389919358,0.0
goe509,goe509.npz,/home/vipuser/Meri-FID-Gate-Airfoil/data/airfoil/raw/uiuc/coord_seligFmt/coord_seligFmt/goe509.dat,True,33,257,0.1105419969151928,0.2021503477537832,0.0517408822406792,0.3964443119038907,0.0
goe512,goe512.npz,/home/vipuser/Meri-FID-Gate-Airfoil/data/airfoil/raw/uiuc/coord_seligFmt/coord_seligFmt/goe512.dat,True,33,257,0.1390468897422985,0.2021503477537832,0.0561322300630764,0.3030039799694759,0.0
goe513,goe513.npz,/home/vipuser/Meri-FID-Gate-Airfoil/data/airfoil/raw/uiuc/coord_seligFmt/coord_seligFmt/goe513.dat,True,33,257,0.166161226652354,0.297379342997505,0.0521829931564541,0.3964443119038907,0.0
goe514,goe514.npz,/home/vipuser/Meri-FID-Gate-Airfoil/data/airfoil/raw/uiuc/coord_seligFmt/coord_seligFmt/goe514.dat,True,33,257,0.1657406736761811,0.2021503477537832,0.0644494863035302,0.3964443119038907,0.0
goe515,goe515.npz,/home/vipuser/Meri-FID-Gate-Airfoil/data/airfoil/raw/uiuc/coord_seligFmt/coord_seligFmt/goe515.dat,True,33,257,0.0844475868599501,0.297379342997505,0.0279450903220161,0.4024548389919358,0.0
goe517,goe517.npz,/home/vipuser/Meri-FID-Gate-Airfoil/data/airfoil/raw/uiuc/coord_seligFmt/coord_seligFmt/goe517.dat,True,25,257,0.0699699602003052,0.3030039799694759,0.0464733323392791,0.3964443119038907,0.0
goe523,goe523.npz,/home/vipuser/Meri-FID-Gate-Airfoil/data/airfoil/raw/uiuc/coord_seligFmt/coord_seligFmt/goe523.dat,True,33,257,0.1647662345822878,0.297379342997505,0.0969828607387978,0.4999999999999999,0.0
goe525,goe525.npz,/home/vipuser/Meri-FID-Gate-Airfoil/data/airfoil/raw/uiuc/coord_seligFmt/coord_seligFmt/goe525.dat,True,33,257,0.1647662345822878,0.297379342997505,0.0969828607387978,0.4999999999999999,0.0
goe527,goe527.npz,/home/vipuser/Meri-FID-Gate-Airfoil/data/airfoil/raw/uiuc/coord_seligFmt/coord_seligFmt/goe527.dat,True,33,257,0.1653696618013972,0.297379342997505,0.0582769968544508,0.3964443119038907,0.0
goe528,goe528.npz,/home/vipuser/Meri-FID-Gate-Airfoil/data/airfoil/raw/uiuc/coord_seligFmt/coord_seligFmt/goe528.dat,True,33,257,0.1245509997098542,0.297379342997505,0.0619101349640588,0.3964443119038907,0.0
goe530,goe530.npz,/home/vipuser/Meri-FID-Gate-Airfoil/data/airfoil/raw/uiuc/coord_seligFmt/coord_seligFmt/goe530.dat,True,33,257,0.1290301102292916,0.297379342997505,0.0507960973141483,0.3030039799694759,0.0
goe532,goe532.npz,/home/vipuser/Meri-FID-Gate-Airfoil/data/airfoil/raw/uiuc/coord_seligFmt/coord_seligFmt/goe532.dat,True,33,257,0.1249344835749376,0.297379342997505,0.048369776651183,0.3964443119038907,0.0
goe533,goe533.npz,/home/vipuser/Meri-FID-Gate-Airfoil/data/airfoil/raw/uiuc/coord_seligFmt/coord_seligFmt/goe533.dat,True,31,257,0.1368558638648628,0.297379342997505,0.0467751101833272,0.3964443119038907,0.0
goe534,goe534.npz,/home/vipuser/Meri-FID-Gate-Airfoil/data/airfoil/raw/uiuc/coord_seligFmt/coord_seligFmt/goe534.dat,True,33,257,0.1411066361534523,0.1972444792978372,0.0521321541605653,0.3964443119038907,0.0
goe535,goe535.npz,/home/vipuser/Meri-FID-Gate-Airfoil/data/airfoil/raw/uiuc/coord_seligFmt/coord_seligFmt/goe535.dat,True,33,257,0.1605,0.26973064452088,0.0575,0.4999999999999999,0.0
goe54,goe54.npz,/home/vipuser/Meri-FID-Gate-Airfoil/data/airfoil/raw/uiuc/coord_seligFmt/coord_seligFmt/goe54.dat,True,33,257,0.0647864786298794,0.1508118752955135,0.0347658385950176,0.1972444792978372,0.0035
goe546,goe546.npz,/home/vipuser/Meri-FID-Gate-Airfoil/data/airfoil/raw/uiuc/coord_seligFmt/coord_seligFmt/goe546.dat,True,33,257,0.1038948607010683,0.3030039799694759,0.03575,0.4999999999999999,0.0
goe547,goe547.npz,/home/vipuser/Meri-FID-Gate-Airfoil/data/airfoil/raw/uiuc/coord_seligFmt/coord_seligFmt/goe547.dat,True,33,257,0.1050422345529264,0.297379342997505,0.0400974027057968,0.4999999999999999,0.0
goe548,goe548.npz,/home/vipuser/Meri-FID-Gate-Airfoil/data/airfoil/raw/uiuc/coord_seligFmt/coord_seligFmt/goe548.dat,True,33,257,0.1189822215595194,0.3964443119038907,0.023,0.4999999999999999,0.0
goe549,goe549.npz,/home/vipuser/Meri-FID-Gate-Airfoil/data/airfoil/raw/uiuc/coord_seligFmt/coord_seligFmt/goe549.dat,True,41,257,0.1383347811016788,0.3030039799694759,0.0467435387031854,0.4024548389919358,0.0
goe55,goe55.npz,/home/vipuser/Meri-FID-Gate-Airfoil/data/airfoil/raw/uiuc/coord_seligFmt/coord_seligFmt/goe55.dat,True,33,257,0.0616153484561185,0.1508118752955135,0.0203579166901713,0.2021503477537832,0.0075
goe550,goe550.npz,/home/vipuser/Meri-FID-Gate-Airfoil/data/airfoil/raw/uiuc/coord_seligFmt/coord_seligFmt/goe550.dat,True,33,257,0.1294462413061554,0.2021503477537832,0.0427499999999999,0.4999999999999999,0.0
goe553,goe553.npz,/home/vipuser/Meri-FID-Gate-Airfoil/data/airfoil/raw/uiuc/coord_seligFmt/coord_seligFmt/goe553.dat,True,33,257,0.1368990514121066,0.297379342997505,0.0466576688649031,0.3964443119038907,0.0
goe559,goe559.npz,/home/vipuser/Meri-FID-Gate-Airfoil/data/airfoil/raw/uiuc/coord_seligFmt/coord_seligFmt/goe559.dat,True,33,257,0.1114399204006104,0.3030039799694759,0.0342349801001526,0.3030039799694759,0.0
goe561,goe561.npz,/home/vipuser/Meri-FID-Gate-Airfoil/data/airfoil/raw/uiuc/coord_seligFmt/coord_seligFmt/goe561.dat,True,33,257,0.249415850874633,0.297379342997505,0.1023825369854488,0.297379342997505,0.0
goe562,goe562.npz,/home/vipuser/Meri-FID-Gate-Airfoil/data/airfoil/raw/uiuc/coord_seligFmt/coord_seligFmt/goe562.dat,True,33,257,0.1408504387677965,0.3030039799694759,0.0625153721287606,0.3030039799694759,0.0
goe563,goe563.npz,/home/vipuser/Meri-FID-Gate-Airfoil/data/airfoil/raw/uiuc/coord_seligFmt/coord_seligFmt/goe563.dat,True,33,257,0.0888924191534551,0.297379342997505,0.0224077841344882,0.49386423085714,0.0
goe564,goe564.npz,/home/vipuser/Meri-FID-Gate-Airfoil/data/airfoil/raw/uiuc/coord_seligFmt/coord_seligFmt/goe564.dat,True,33,257,0.0819699602003052,0.3030039799694759,0.0266950903220161,0.4024548389919358,0.0
goe565,goe565.npz,/home/vipuser/Meri-FID-Gate-Airfoil/data/airfoil/raw/uiuc/coord_seligFmt/coord_seligFmt/goe565.dat,True,31,257,0.0839606901449625,0.297379342997505,0.0278999999999999,0.4999999999999999,0.0
goe566,goe566.npz,/home/vipuser/Meri-FID-Gate-Airfoil/data/airfoil/raw/uiuc/coord_seligFmt/coord_seligFmt/goe566.dat,True,33,257,0.0864849801001526,0.3030039799694759,0.0254911107797597,0.3964443119038907,0.0
goe57,goe57.npz,/home/vipuser/Meri-FID-Gate-Airfoil/data/airfoil/raw/uiuc/coord_seligFmt/coord_seligFmt/goe57.dat,True,33,257,0.0628516711325639,0.1972444792978372,0.0511681128071474,0.3964443119038907,0.0017
goe570,goe570.npz,/home/vipuser/Meri-FID-Gate-Airfoil/data/airfoil/raw/uiuc/coord_seligFmt/coord_seligFmt/goe570.dat,True,33,257,0.3368347811016788,0.3030039799694759,0.096687775458318,0.3964443119038907,0.0
goe571,goe571.npz,/home/vipuser/Meri-FID-Gate-Airfoil/data/airfoil/raw/uiuc/coord_seligFmt/coord_seligFmt/goe571.dat,True,33,257,0.2491665985447752,0.297379342997505,0.0982780893638863,0.297379342997505,0.0
goe573,goe573.npz,/home/vipuser/Meri-FID-Gate-Airfoil/data/airfoil/raw/uiuc/coord_seligFmt/coord_seligFmt/goe573.dat,True,33,257,0.1408105360563608,0.3030039799694759,0.06479839505044,0.3030039799694759,0.0
goe574,goe574.npz,/home/vipuser/Meri-FID-Gate-Airfoil/data/airfoil/raw/uiuc/coord_seligFmt/coord_seligFmt/goe574.dat,True,33,257,0.102402531364941,0.3030039799694759,0.049246320033931,0.3964443119038907,0.0
goe584,goe584.npz,/home/vipuser/Meri-FID-Gate-Airfoil/data/airfoil/raw/uiuc/coord_seligFmt/coord_seligFmt/goe584.dat,True,25,257,0.1268798408012209,0.3030039799694759,0.0494324919277217,0.4024548389919358,0.0
goe587,goe587.npz,/home/vipuser/Meri-FID-Gate-Airfoil/data/airfoil/raw/uiuc/coord_seligFmt/coord_seligFmt/goe587.dat,True,33,257,0.0579773428836977,0.4024548389919358,0.0296364631678546,0.3030039799694759,0.0
goe590,goe590.npz,/home/vipuser/Meri-FID-Gate-Airfoil/data/airfoil/raw/uiuc/coord_seligFmt/coord_seligFmt/goe590.dat,True,33,257,0.0569846401001526,0.3030039799694759,0.0401136872403662,0.3030039799694759,0.0
goe591,goe591.npz,/home/vipuser/Meri-FID-Gate-Airfoil/data/airfoil/raw/uiuc/coord_seligFmt/coord_seligFmt/goe591.dat,True,33,257,0.1118798408012209,0.3030039799694759,0.0504555538987986,0.3964443119038907,0.0
goe592,goe592.npz,/home/vipuser/Meri-FID-Gate-Airfoil/data/airfoil/raw/uiuc/coord_seligFmt/coord_seligFmt/goe592.dat,True,33,257,0.1426530649336628,0.297379342997505,0.0748781913449084,0.3964443119038907,0.0
goe593,goe593.npz,/home/vipuser/Meri-FID-Gate-Airfoil/data/airfoil/raw/uiuc/coord_seligFmt/coord_seligFmt/goe593.dat,True,33,257,0.1189399204006105,0.3030039799694759,0.0404693145126008,0.4024548389919358,0.0
goe595,goe595.npz,/home/vipuser/Meri-FID-Gate-Airfoil/data/airfoil/raw/uiuc/coord_seligFmt/coord_seligFmt/goe595.dat,True,33,257,0.0954549403004578,0.3030039799694759,0.0301889532245362,0.4024548389919358,0.0
goe596,goe596.npz,/home/vipuser/Meri-FID-Gate-Airfoil/data/airfoil/raw/uiuc/coord_seligFmt/coord_seligFmt/goe596.dat,True,33,257,0.0973951737199002,0.297379342997505,0.0402662209630869,0.3964443119038907,0.0
goe599,goe599.npz,/home/vipuser/Meri-FID-Gate-Airfoil/data/airfoil/raw/uiuc/coord_seligFmt/coord_seligFmt/goe599.dat,True,33,257,0.0997283653219533,0.3030039799694759,0.015253307719462,0.5915199439775705,0.0035
goe600,goe600.npz,/home/vipuser/Meri-FID-Gate-Airfoil/data/airfoil/raw/uiuc/coord_seligFmt/coord_seligFmt/goe600.dat,True,33,257,0.1308123500460564,0.3030039799694759,0.0188672518687137,0.49386423085714,0.0050000500005
goe601,goe601.npz,/home/vipuser/Meri-FID-Gate-Airfoil/data/airfoil/raw/uiuc/coord_seligFmt/coord_seligFmt/goe601.dat,True,33,257,0.1603566557886556,0.3086582838174551,0.0245995224964131,0.49386423085714,0.0
goe602,goe602.npz,/home/vipuser/Meri-FID-Gate-Airfoil/data/airfoil/raw/uiuc/coord_seligFmt/coord_seligFmt/goe602.dat,True,33,257,0.0994098806009157,0.3030039799694759,0.0347377258050403,0.4024548389919358,0.0
goe602m,goe602m.npz,/home/vipuser/Meri-FID-Gate-Airfoil/data/airfoil/raw/uiuc/coord_seligFmt/coord_seligFmt/goe602m.dat,True,33,257,0.0959344835749376,0.297379342997505,0.038,0.4999999999999999,0.0
goe610b,goe610b.npz,/home/vipuser/Meri-FID-Gate-Airfoil/data/airfoil/raw/uiuc/coord_seligFmt/coord_seligFmt/goe610b.dat,True,31,257,0.0779671273553926,0.3964443119038907,0.0529220689930294,0.3964443119038907,0.0
goe610bm,goe610bm.npz,/home/vipuser/Meri-FID-Gate-Airfoil/data/airfoil/raw/uiuc/coord_seligFmt/coord_seligFmt/goe610bm.dat,True,29,257,0.0769213802899251,0.297379342997505,0.05513599761427,0.3964443119038907,0.008
goe611,goe611.npz,/home/vipuser/Meri-FID-Gate-Airfoil/data/airfoil/raw/uiuc/coord_seligFmt/coord_seligFmt/goe611.dat,True,31,257,0.1289753054981495,0.3030039799694759,0.0581418712017837,0.3964443119038907,0.0065
goe613,goe613.npz,/home/vipuser/Meri-FID-Gate-Airfoil/data/airfoil/raw/uiuc/coord_seligFmt/coord_seligFmt/goe613.dat,True,33,257,0.1029249005007631,0.3030039799694759,0.0409393329357116,0.3964443119038907,0.0
goe615,goe615.npz,/home/vipuser/Meri-FID-Gate-Airfoil/data/airfoil/raw/uiuc/coord_seligFmt/coord_seligFmt/goe615.dat,True,33,257,0.1365682251698841,0.297379342997505,0.0559624535395556,0.3964443119038907,0.0
goe617,goe617.npz,/home/vipuser/Meri-FID-Gate-Airfoil/data/airfoil/raw/uiuc/coord_seligFmt/coord_seligFmt/goe617.dat,True,33,257,0.1384399204006104,0.3030039799694759,0.02175,0.3086582838174551,0.0
goe619,goe619.npz,/home/vipuser/Meri-FID-Gate-Airfoil/data/airfoil/raw/uiuc/coord_seligFmt/coord_seligFmt/goe619.dat,True,33,257,0.1376790708571519,0.2021503477537832,0.0454560424299053,0.49386423085714,0.0
goe620,goe620.npz,/home/vipuser/Meri-FID-Gate-Airfoil/data/airfoil/raw/uiuc/coord_seligFmt/coord_seligFmt/goe620.dat,True,33,257,0.1748558638648627,0.297379342997505,0.059,0.4999999999999999,0.0
goe621,goe621.npz,/home/vipuser/Meri-FID-Gate-Airfoil/data/airfoil/raw/uiuc/coord_seligFmt/coord_seligFmt/goe621.dat,True,33,257,0.150080316254362,0.2917852199511813,0.0501691365166871,0.49386423085714,0.0
goe624,goe624.npz,/home/vipuser/Meri-FID-Gate-Airfoil/data/airfoil/raw/uiuc/coord_seligFmt/coord_seligFmt/goe624.dat,True,33,257,0.1598197612018314,0.3030039799694759,0.0519733323392791,0.3964443119038907,0.005
goe625,goe625.npz,/home/vipuser/Meri-FID-Gate-Airfoil/data/airfoil/raw/uiuc/coord_seligFmt/coord_seligFmt/goe625.dat,True,33,257,0.1997903474398004,0.297379342997505,0.0609348883255915,0.3964443119038907,0.0065
goe626,goe626.npz,/home/vipuser/Meri-FID-Gate-Airfoil/data/airfoil/raw/uiuc/coord_seligFmt/coord_seligFmt/goe626.dat,True,33,257,0.1657250437815208,0.2021503477537832,0.0507189817804437,0.49386423085714,0.0
goe627,goe627.npz,/home/vipuser/Meri-FID-Gate-Airfoil/data/airfoil/raw/uiuc/coord_seligFmt/coord_seligFmt/goe627.dat,True,33,257,0.1573689671498752,0.297379342997505,0.0407124502503815,0.3030039799694759,0.0
goe629,goe629.npz,/home/vipuser/Meri-FID-Gate-Airfoil/data/airfoil/raw/uiuc/coord_seligFmt/coord_seligFmt/goe629.dat,True,33,257,0.1362479223130877,0.297379342997505,0.0276800576366614,0.49386423085714,0.0
goe63,goe63.npz,/home/vipuser/Meri-FID-Gate-Airfoil/data/airfoil/raw/uiuc/coord_seligFmt/coord_seligFmt/goe63.dat,True,33,257,0.0825394599297236,0.1972444792978372,0.0668994451956685,0.3964443119038907,0.007
goe630,goe630.npz,/home/vipuser/Meri-FID-Gate-Airfoil/data/airfoil/raw/uiuc/coord_seligFmt/coord_seligFmt/goe630.dat,True,33,257,0.1256221747305371,0.297379342997505,0.0765960689751789,0.3964443119038907,0.0
goe632,goe632.npz,/home/vipuser/Meri-FID-Gate-Airfoil/data/airfoil/raw/uiuc/coord_seligFmt/coord_seligFmt/goe632.dat,True,33,257,0.1399098806009157,0.3030039799694759,0.0391893329357116,0.3964443119038907,0.0
goe633,goe633.npz,/home/vipuser/Meri-FID-Gate-Airfoil/data/airfoil/raw/uiuc/coord_seligFmt/coord_seligFmt/goe633.dat,True,33,257,0.1375985174791978,0.2021503477537832,0.0395165170973725,0.3964443119038907,0.0
goe645,goe645.npz,/home/vipuser/Meri-FID-Gate-Airfoil/data/airfoil/raw/uiuc/coord_seligFmt/coord_seligFmt/goe645.dat,True,33,257,0.154647126587866,0.2021503477537832,0.0481976257409431,0.3964443119038907,0.0
goe646,goe646.npz,/home/vipuser/Meri-FID-Gate-Airfoil/data/airfoil/raw/uiuc/coord_seligFmt/coord_seligFmt/goe646.dat,True,33,257,0.183267727110186,0.2917852199511813,0.044752683396687,0.4877293857385438,0.0
goe650,goe650.npz,/home/vipuser/Meri-FID-Gate-Airfoil/data/airfoil/raw/uiuc/coord_seligFmt/coord_seligFmt/goe650.dat,True,33,257,0.134203700542794,0.2021503477537832,0.0441266822111081,0.4999999999999999,0.0
goe652,goe652.npz,/home/vipuser/Meri-FID-Gate-Airfoil/data/airfoil/raw/uiuc/coord_seligFmt/coord_seligFmt/goe652.dat,True,33,257,0.1703897791719135,0.1972444792978372,0.0924999999999999,0.4999999999999999,0.0
goe654,goe654.npz,/home/vipuser/Meri-FID-Gate-Airfoil/data/airfoil/raw/uiuc/coord_seligFmt/coord_seligFmt/goe654.dat,True,33,257,0.1449082770049126,0.297379342997505,0.0519822215595194,0.3964443119038907,0.0
goe655,goe655.npz,/home/vipuser/Meri-FID-Gate-Airfoil/data/airfoil/raw/uiuc/coord_seligFmt/coord_seligFmt/goe655.dat,True,33,257,0.138973793429975,0.297379342997505,0.043869776651183,0.3964443119038907,0.0
goe673,goe673.npz,/home/vipuser/Meri-FID-Gate-Airfoil/data/airfoil/raw/uiuc/coord_seligFmt/coord_seligFmt/goe673.dat,True,33,257,0.1078916563149677,0.3030039799694759,0.0275970527268988,0.49386423085714,0.004
goe675,goe675.npz,/home/vipuser/Meri-FID-Gate-Airfoil/data/airfoil/raw/uiuc/coord_seligFmt/coord_seligFmt/goe675.dat,True,33,257,0.1490910842186093,0.297379342997505,0.0586876613489487,0.4024548389919358,0.0035
goe676,goe676.npz,/home/vipuser/Meri-FID-Gate-Airfoil/data/airfoil/raw/uiuc/coord_seligFmt/coord_seligFmt/goe676.dat,True,33,257,0.1189699602003052,0.3030039799694759,0.0199849801001526,0.3030039799694759,0.003
goe677,goe677.npz,/home/vipuser/Meri-FID-Gate-Airfoil/data/airfoil/raw/uiuc/coord_seligFmt/coord_seligFmt/goe677.dat,True,33,257,0.1194699602003052,0.3030039799694759,0.0222049403004578,0.3030039799694759,0.004
goe679,goe679.npz,/home/vipuser/Meri-FID-Gate-Airfoil/data/airfoil/raw/uiuc/coord_seligFmt/coord_seligFmt/goe679.dat,True,33,257,0.1827987961603836,0.2917852199511813,0.045329557519269,0.3904493799215651,0.0
goe682,goe682.npz,/home/vipuser/Meri-FID-Gate-Airfoil/data/airfoil/raw/uiuc/coord_seligFmt/coord_seligFmt/goe682.dat,True,29,257,0.1064475868599501,0.297379342997505,0.0432131774151209,0.4024548389919358,0.0
goe685,goe685.npz,/home/vipuser/Meri-FID-Gate-Airfoil/data/airfoil/raw/uiuc/coord_seligFmt/coord_seligFmt/goe685.dat,True,33,257,0.1307846594742366,0.2021503477537832,0.0419653278354956,0.49386423085714,0.0
goe692,goe692.npz,/home/vipuser/Meri-FID-Gate-Airfoil/data/airfoil/raw/uiuc/coord_seligFmt/coord_seligFmt/goe692.dat,True,33,257,0.1609399204006104,0.3030039799694759,0.0499815887075604,0.4024548389919358,0.005
goe693,goe693.npz,/home/vipuser/Meri-FID-Gate-Airfoil/data/airfoil/raw/uiuc/coord_seligFmt/coord_seligFmt/goe693.dat,True,33,257,0.1199549403004578,0.3030039799694759,0.0360364983855443,0.4024548389919358,0.005
goe702,goe702.npz,/home/vipuser/Meri-FID-Gate-Airfoil/data/airfoil/raw/uiuc/coord_seligFmt/coord_seligFmt/goe702.dat,True,33,257,0.1667146789227281,0.2021503477537832,0.051063843352018,0.3904493799215651,0.0
goe703,goe703.npz,/home/vipuser/Meri-FID-Gate-Airfoil/data/airfoil/raw/uiuc/coord_seligFmt/coord_seligFmt/goe703.dat,True,33,257,0.1939849801001526,0.3030039799694759,0.0229624502503815,0.3030039799694759,0.0
goe704,goe704.npz,/home/vipuser/Meri-FID-Gate-Airfoil/data/airfoil/raw/uiuc/coord_seligFmt/coord_seligFmt/goe704.dat,True,33,257,0.1294250853323757,0.297379342997505,0.021361303571245,0.3964443119038907,0.0055
goe711,goe711.npz,/home/vipuser/Meri-FID-Gate-Airfoil/data/airfoil/raw/uiuc/coord_seligFmt/coord_seligFmt/goe711.dat,True,31,257,0.1484249005007631,0.3030039799694759,0.0630304741301984,0.3030039799694759,0.014
goe723,goe723.npz,/home/vipuser/Meri-FID-Gate-Airfoil/data/airfoil/raw/uiuc/coord_seligFmt/coord_seligFmt/goe723.dat,True,33,257,0.1156277970610281,0.297379342997505,0.0448388167644623,0.49386423085714,0.0
goe735,goe735.npz,/home/vipuser/Meri-FID-Gate-Airfoil/data/airfoil/raw/uiuc/coord_seligFmt/coord_seligFmt/goe735.dat,True,33,257,0.2008611051788677,0.297379342997505,0.0436740009469276,0.297379342997505,0.0
goe738,goe738.npz,/home/vipuser/Meri-FID-Gate-Airfoil/data/airfoil/raw/uiuc/coord_seligFmt/coord_seligFmt/goe738.dat,True,33,257,0.1542453812368527,0.297379342997505,0.021209446270412,0.3030039799694759,0.0
goe741,goe741.npz,/home/vipuser/Meri-FID-Gate-Airfoil/data/airfoil/raw/uiuc/coord_seligFmt/coord_seligFmt/goe741.dat,True,33,257,0.1532213802899251,0.297379342997505,0.0481038726409767,0.3030039799694759,0.0
goe744,goe744.npz,/home/vipuser/Meri-FID-Gate-Airfoil/data/airfoil/raw/uiuc/coord_seligFmt/coord_seligFmt/goe744.dat,True,33,257,0.1447677447836932,0.2021503477537832,0.0700313427912057,0.3030039799694759,0.0
goe765,goe765.npz,/home/vipuser/Meri-FID-Gate-Airfoil/data/airfoil/raw/uiuc/coord_seligFmt/coord_seligFmt/goe765.dat,True,211,257,0.1440017751328189,0.3030039799694759,0.0190135686005018,0.2589081139604385,0.0
goe766,goe766.npz,/home/vipuser/Meri-FID-Gate-Airfoil/data/airfoil/raw/uiuc/coord_seligFmt/coord_seligFmt/goe766.dat,True,33,257,0.1200431855378382,0.2535509038851079,0.0148307113550848,0.1972444792978372,0.0
goe767,goe767.npz,/home/vipuser/Meri-FID-Gate-Airfoil/data/airfoil/raw/uiuc/coord_seligFmt/coord_seligFmt/goe767.dat,True,33,257,0.1199526923494167,0.2021503477537832,0.014983466875787,0.1972444792978372,0.0
goe769,goe769.npz,/home/vipuser/Meri-FID-Gate-Airfoil/data/airfoil/raw/uiuc/coord_seligFmt/coord_seligFmt/goe769.dat,True,33,257,0.1381311888718789,0.2021503477537832,0.0478864970937585,0.297379342997505,0.0
goe770,goe770.npz,/home/vipuser/Meri-FID-Gate-Airfoil/data/airfoil/raw/uiuc/coord_seligFmt/coord_seligFmt/goe770.dat,True,31,257,0.2097077452819535,0.3030039799694759,0.0399547456406378,0.297379342997505,0.0026
goe775,goe775.npz,/home/vipuser/Meri-FID-Gate-Airfoil/data/airfoil/raw/uiuc/coord_seligFmt/coord_seligFmt/goe775.dat,True,33,257,0.2097897214021367,0.3030039799694759,4.952818059299896e-06,0.0252359097034816,0.0044
goe776,goe776.npz,/home/vipuser/Meri-FID-Gate-Airfoil/data/airfoil/raw/uiuc/coord_seligFmt/coord_seligFmt/goe776.dat,True,33,257,0.249747665682564,0.3030039799694759,4.864480689467654e-06,0.0743224034473674,0.0052
goe777,goe777.npz,/home/vipuser/Meri-FID-Gate-Airfoil/data/airfoil/raw/uiuc/coord_seligFmt/coord_seligFmt/goe777.dat,True,33,257,0.2197686935423503,0.3030039799694759,0.0591324104506867,0.3030039799694759,0.0026
goe795,goe795.npz,/home/vipuser/Meri-FID-Gate-Airfoil/data/airfoil/raw/uiuc/coord_seligFmt/coord_seligFmt/goe795.dat,True,97,257,0.0800599804193937,0.3086582838174551,0.0244621401585105,0.4327096457464369,0.0
goe795sm,goe795sm.npz,/home/vipuser/Meri-FID-Gate-Airfoil/data/airfoil/raw/uiuc/coord_seligFmt/coord_seligFmt/goe795sm.dat,True,69,257,0.0802799804193937,0.3086582838174551,0.0244360863487203,0.4327096457464369,0.0
goe796,goe796.npz,/home/vipuser/Meri-FID-Gate-Airfoil/data/airfoil/raw/uiuc/coord_seligFmt/coord_seligFmt/goe796.dat,True,41,257,0.1199549403004578,0.3030039799694759,0.0360364983855443,0.4024548389919358,0.004
goe797,goe797.npz,/home/vipuser/Meri-FID-Gate-Airfoil/data/airfoil/raw/uiuc/coord_seligFmt/coord_seligFmt/goe797.dat,True,27,257,0.1599399204006105,0.3030039799694759,0.0485852709660483,0.4024548389919358,0.008
goe798,goe798.npz,/home/vipuser/Meri-FID-Gate-Airfoil/data/airfoil/raw/uiuc/coord_seligFmt/coord_seligFmt/goe798.dat,True,31,257,0.1999249005007631,0.3030039799694759,0.0602285201588205,0.4024548389919358,0.0075
goe801,goe801.npz,/home/vipuser/Meri-FID-Gate-Airfoil/data/airfoil/raw/uiuc/coord_seligFmt/coord_seligFmt/goe801.dat,True,33,257,0.097973793429975,0.297379342997505,0.0609644431190389,0.3964443119038907,0.004
goe802,goe802.npz,/home/vipuser/Meri-FID-Gate-Airfoil/data/airfoil/raw/uiuc/coord_seligFmt/coord_seligFmt/goe802.dat,True,33,257,0.097973793429975,0.297379342997505,0.0609644431190389,0.3964443119038907,0.004
goe802a,goe802a.npz,/home/vipuser/Meri-FID-Gate-Airfoil/data/airfoil/raw/uiuc/coord_seligFmt/coord_seligFmt/goe802a.dat,True,41,257,0.097973793429975,0.297379342997505,0.0609644431190389,0.3964443119038907,0.004
goe802b,goe802b.npz,/home/vipuser/Meri-FID-Gate-Airfoil/data/airfoil/raw/uiuc/coord_seligFmt/coord_seligFmt/goe802b.dat,True,46,257,0.097973793429975,0.297379342997505,0.0609644431190389,0.3964443119038907,0.004
goe803h,goe803h.npz,/home/vipuser/Meri-FID-Gate-Airfoil/data/airfoil/raw/uiuc/coord_seligFmt/coord_seligFmt/goe803h.dat,True,39,257,0.0629837624940897,0.1508118752955135,0.0660423112836895,0.4024548389919358,0.003
goe804,goe804.npz,/home/vipuser/Meri-FID-Gate-Airfoil/data/airfoil/raw/uiuc/coord_seligFmt/coord_seligFmt/goe804.dat,True,31,257,0.06,0.3964443119038907,0.0625,0.4999999999999999,0.0
goe81,goe81.npz,/home/vipuser/Meri-FID-Gate-Airfoil/data/airfoil/raw/uiuc/coord_seligFmt/coord_seligFmt/goe81.dat,True,33,257,0.0743157182872107,0.297379342997505,0.0630316326667816,0.3030039799694759,0.0027
griffith30SymSuction,griffith30SymSuction.npz,/home/vipuser/Meri-FID-Gate-Airfoil/data/airfoil/raw/uiuc/coord_seligFmt/coord_seligFmt/griffith30SymSuction.dat,True,73,257,0.3056741667848871,0.49386423085714,0.0,0.0,0.002
gs1,gs1.npz,/home/vipuser/Meri-FID-Gate-Airfoil/data/airfoil/raw/uiuc/coord_seligFmt/coord_seligFmt/gs1.dat,True,31,257,0.1389423455459451,0.297379342997505,0.04135,0.4999999999999999,0.0
gw19,gw19.npz,/home/vipuser/Meri-FID-Gate-Airfoil/data/airfoil/raw/uiuc/coord_seligFmt/coord_seligFmt/gw19.dat,True,200,257,0.1619719555164988,0.3844709458596643,0.0681138861496127,0.5428986561722199,0.0020000071746221
gw25,gw25.npz,/home/vipuser/Meri-FID-Gate-Airfoil/data/airfoil/raw/uiuc/coord_seligFmt/coord_seligFmt/gw25.dat,True,200,257,0.1569638548102548,0.3489970253403859,0.0668761384734966,0.5367822817998337,0.0020000045612088
gw27,gw27.npz,/home/vipuser/Meri-FID-Gate-Airfoil/data/airfoil/raw/uiuc/coord_seligFmt/coord_seligFmt/gw27.dat,True,200,257,0.139316076394353,0.3143414030240812,0.0625789231851518,0.5306603681511043,0.0020000328996652
gw30,gw30.npz,/home/vipuser/Meri-FID-Gate-Airfoil/data/airfoil/raw/uiuc/coord_seligFmt/coord_seligFmt/gw30.dat,True,200,257,0.1254537544306527,0.2917852199511813,0.052900083671742,0.5184036114706795,0.0019999844024817
gw31,gw31.npz,/home/vipuser/Meri-FID-Gate-Airfoil/data/airfoil/raw/uiuc/coord_seligFmt/coord_seligFmt/gw31.dat,True,200,257,0.1128299467844205,0.2429486279033891,0.0466051584904241,0.45710134382778,0.0019669144842978
hh02,hh02.npz,/home/vipuser/Meri-FID-Gate-Airfoil/data/airfoil/raw/uiuc/coord_seligFmt/coord_seligFmt/hh02.dat,True,79,257,0.095679746668409,0.3030039799694759,0.0201936174186209,0.4024548389919358,0.0038
hobie,hobie.npz,/home/vipuser/Meri-FID-Gate-Airfoil/data/airfoil/raw/uiuc/coord_seligFmt/coord_seligFmt/hobie.dat,True,35,257,0.0849322454805744,0.2535509038851079,0.039603796842862,0.4509914298352196,0.0
hobiesm,hobiesm.npz,/home/vipuser/Meri-FID-Gate-Airfoil/data/airfoil/raw/uiuc/coord_seligFmt/coord_seligFmt/hobiesm.dat,True,63,257,0.0856894996380671,0.2482308081371412,0.038449525181964,0.4509914298352196,0.0
hor04,hor04.npz,/home/vipuser/Meri-FID-Gate-Airfoil/data/airfoil/raw/uiuc/coord_seligFmt/coord_seligFmt/hor04.dat,True,110,257,0.0405656558405175,0.3257906598752828,0.013192388083962,0.3844709458596643,0.0090417287461032
hor07,hor07.npz,/home/vipuser/Meri-FID-Gate-Airfoil/data/airfoil/raw/uiuc/coord_seligFmt/coord_seligFmt/hor07.dat,True,100,257,0.071778121673663,0.2429486279033891,0.0427165516337449,0.3964443119038907,0.0098174894839102
hor12,hor12.npz,/home/vipuser/Meri-FID-Gate-Airfoil/data/airfoil/raw/uiuc/coord_seligFmt/coord_seligFmt/hor12.dat,True,121,257,0.11932830772656,0.2325011900564513,0.0363826675535659,0.4632177182001663,0.0089855515965908
hor20,hor20.npz,/home/vipuser/Meri-FID-Gate-Airfoil/data/airfoil/raw/uiuc/coord_seligFmt/coord_seligFmt/hor20.dat,True,117,257,0.2038451184361356,0.2429486279033891,0.0318695234774151,0.512270614261456,0.008999964000144
hq010,hq010.npz,/home/vipuser/Meri-FID-Gate-Airfoil/data/airfoil/raw/uiuc/coord_seligFmt/coord_seligFmt/hq010.dat,True,97,257,0.0999534079627214,0.3431591298005542,0.0,0.0,0.0
hq07,hq07.npz,/home/vipuser/Meri-FID-Gate-Airfoil/data/airfoil/raw/uiuc/coord_seligFmt/coord_seligFmt/hq07.dat,True,97,257,0.0699481212376514,0.3431591298005542,0.0,0.0,0.0
hq09,hq09.npz,/home/vipuser/Meri-FID-Gate-Airfoil/data/airfoil/raw/uiuc/coord_seligFmt/coord_seligFmt/hq09.dat,True,97,257,0.0810832168126747,0.3431591298005542,0.0,0.0,0.0
hq1010,hq1010.npz,/home/vipuser/Meri-FID-Gate-Airfoil/data/airfoil/raw/uiuc/coord_seligFmt/coord_seligFmt/hq1010.dat,True,77,257,0.09959478453177,0.3489970253403859,0.009995,0.4999999999999999,0.0
hq1012,hq1012.npz,/home/vipuser/Meri-FID-Gate-Airfoil/data/airfoil/raw/uiuc/coord_seligFmt/coord_seligFmt/hq1012.dat,True,77,257,0.1195743833419061,0.3489970253403859,0.01,0.4999999999999999,0.0
hq108,hq108.npz,/home/vipuser/Meri-FID-Gate-Airfoil/data/airfoil/raw/uiuc/coord_seligFmt/coord_seligFmt/hq108.dat,True,77,257,0.0797175928608169,0.3489970253403859,0.0099849999999999,0.4999999999999999,0.0
hq109,hq109.npz,/home/vipuser/Meri-FID-Gate-Airfoil/data/airfoil/raw/uiuc/coord_seligFmt/coord_seligFmt/hq109.dat,True,77,257,0.0897927785824507,0.3489970253403859,0.0099999999999999,0.4999999999999999,0.0
hq1510,hq1510.npz,/home/vipuser/Meri-FID-Gate-Airfoil/data/airfoil/raw/uiuc/coord_seligFmt/coord_seligFmt/hq1510.dat,True,77,257,0.0996267904810892,0.3489970253403859,0.0149849999999999,0.4999999999999999,0.0
hq1511,hq1511.npz,/home/vipuser/Meri-FID-Gate-Airfoil/data/airfoil/raw/uiuc/coord_seligFmt/coord_seligFmt/hq1511.dat,True,97,257,0.1099500729783117,0.3373448539188685,0.01499,0.4999999999999999,0.0
hq158,hq158.npz,/home/vipuser/Meri-FID-Gate-Airfoil/data/airfoil/raw/uiuc/coord_seligFmt/coord_seligFmt/hq158.dat,True,77,257,0.0795787349441995,0.3257906598752828,0.0149299999999999,0.4999999999999999,0.0
hq1585,hq1585.npz,/home/vipuser/Meri-FID-Gate-Airfoil/data/airfoil/raw/uiuc/coord_seligFmt/coord_seligFmt/hq1585.dat,True,39,257,0.0855979940506807,0.3489970253403859,0.01495,0.4999999999999999,0.0
hq159,hq159.npz,/home/vipuser/Meri-FID-Gate-Airfoil/data/airfoil/raw/uiuc/coord_seligFmt/coord_seligFmt/hq159.dat,True,77,257,0.0896667904810892,0.3489970253403859,0.0149849999999999,0.4999999999999999,0.0
hq159b,hq159b.npz,/home/vipuser/Meri-FID-Gate-Airfoil/data/airfoil/raw/uiuc/coord_seligFmt/coord_seligFmt/hq159b.dat,True,49,257,0.0895002458031873,0.3666436212625508,0.01499,0.4999999999999999,0.0
hq17,hq17.npz,/home/vipuser/Meri-FID-Gate-Airfoil/data/airfoil/raw/uiuc/coord_seligFmt/coord_seligFmt/hq17.dat,True,95,257,0.15217,0.4205709283330693,0.045115,0.4205709283330693,0.0
hq2010,hq2010.npz,/home/vipuser/Meri-FID-Gate-Airfoil/data/airfoil/raw/uiuc/coord_seligFmt/coord_seligFmt/hq2010.dat,True,77,257,0.0996927785824507,0.3489970253403859,0.01995,0.4815963885293205,0.0
hq2012,hq2012.npz,/home/vipuser/Meri-FID-Gate-Airfoil/data/airfoil/raw/uiuc/coord_seligFmt/coord_seligFmt/hq2012.dat,True,77,257,0.1197199702534038,0.3489970253403859,0.01994,0.4999999999999999,0.0
hq208,hq208.npz,/home/vipuser/Meri-FID-Gate-Airfoil/data/airfoil/raw/uiuc/coord_seligFmt/coord_seligFmt/hq208.dat,True,77,257,0.07975478453177,0.3489970253403859,0.0199449999999999,0.4999999999999999,0.0
hq209,hq209.npz,/home/vipuser/Meri-FID-Gate-Airfoil/data/airfoil/raw/uiuc/coord_seligFmt/coord_seligFmt/hq209.dat,True,77,257,0.0897247845317699,0.3489970253403859,0.0199449999999999,0.4999999999999999,0.0
hq2090sm,hq2090sm.npz,/home/vipuser/Meri-FID-Gate-Airfoil/data/airfoil/raw/uiuc/coord_seligFmt/coord_seligFmt/hq2090sm.dat,True,39,257,0.0896879643040846,0.3489970253403859,0.0199,0.4999999999999999,0.0
hq2195,hq2195.npz,/home/vipuser/Meri-FID-Gate-Airfoil/data/airfoil/raw/uiuc/coord_seligFmt/coord_seligFmt/hq2195.dat,True,53,257,0.0949155869114977,0.3489970253403859,0.0209824960939401,0.5490085701647803,1e-05
hq2510,hq2510.npz,/home/vipuser/Meri-FID-Gate-Airfoil/data/airfoil/raw/uiuc/coord_seligFmt/coord_seligFmt/hq2510.dat,True,77,257,0.0996443833419061,0.3489970253403859,0.0249749999999999,0.4999999999999999,0.0
hq2511,hq2511.npz,/home/vipuser/Meri-FID-Gate-Airfoil/data/airfoil/raw/uiuc/coord_seligFmt/coord_seligFmt/hq2511.dat,True,97,257,0.1099500729783117,0.3373448539188685,0.02499,0.4999999999999999,0.0
hq2512,hq2512.npz,/home/vipuser/Meri-FID-Gate-Airfoil/data/airfoil/raw/uiuc/coord_seligFmt/coord_seligFmt/hq2512.dat,True,77,257,0.1196035809621784,0.3489970253403859,0.02497,0.4999999999999999,0.0
hq258,hq258.npz,/home/vipuser/Meri-FID-Gate-Airfoil/data/airfoil/raw/uiuc/coord_seligFmt/coord_seligFmt/hq258.dat,True,77,257,0.0796867904810892,0.3489970253403859,0.024985,0.4999999999999999,0.0
hq259,hq259.npz,/home/vipuser/Meri-FID-Gate-Airfoil/data/airfoil/raw/uiuc/coord_seligFmt/coord_seligFmt/hq259.dat,True,77,257,0.0896663892912253,0.3489970253403859,0.024985,0.4999999999999999,0.0
hq2590sm,hq2590sm.npz,/home/vipuser/Meri-FID-Gate-Airfoil/data/airfoil/raw/uiuc/coord_seligFmt/coord_seligFmt/hq2590sm.dat,True,53,257,0.0903156692100405,0.3489970253403859,0.0252799891968917,0.5490085701647803,0.0
hq300gd2,hq300gd2.npz,/home/vipuser/Meri-FID-Gate-Airfoil/data/airfoil/raw/uiuc/coord_seligFmt/coord_seligFmt/hq300gd2.dat,True,80,257,0.1657626158316,0.3725671701977426,0.0387463898757789,0.3964443119038907,0.003575
hq3010,hq3010.npz,/home/vipuser/Meri-FID-Gate-Airfoil/data/airfoil/raw/uiuc/coord_seligFmt/coord_seligFmt/hq3010.dat,True,77,257,0.09983956906354,0.3489970253403859,0.0299099999999999,0.4999999999999999,0.0
hq3011,hq3011.npz,/home/vipuser/Meri-FID-Gate-Airfoil/data/airfoil/raw/uiuc/coord_seligFmt/coord_seligFmt/hq3011.dat,True,77,257,0.109836760734493,0.3489970253403859,0.02992,0.4999999999999999,0.0
hq3012,hq3012.npz,/home/vipuser/Meri-FID-Gate-Airfoil/data/airfoil/raw/uiuc/coord_seligFmt/coord_seligFmt/hq3012.dat,True,77,257,0.1197855571649015,0.3489970253403859,0.02989,0.4999999999999999,0.0
hq3014,hq3014.npz,/home/vipuser/Meri-FID-Gate-Airfoil/data/airfoil/raw/uiuc/coord_seligFmt/coord_seligFmt/hq3014.dat,True,77,257,0.1398419464561269,0.3489970253403859,0.0298649999999999,0.4999999999999999,0.0
hq3015,hq3015.npz,/home/vipuser/Meri-FID-Gate-Airfoil/data/airfoil/raw/uiuc/coord_seligFmt/coord_seligFmt/hq3015.dat,True,77,257,0.1498099405068077,0.3489970253403859,0.0298549999999999,0.4999999999999999,0.0
hq308,hq308.npz,/home/vipuser/Meri-FID-Gate-Airfoil/data/airfoil/raw/uiuc/coord_seligFmt/coord_seligFmt/hq308.dat,True,77,257,0.0797839821520423,0.3489970253403859,0.029935,0.4999999999999999,0.0
hq309,hq309.npz,/home/vipuser/Meri-FID-Gate-Airfoil/data/airfoil/raw/uiuc/coord_seligFmt/coord_seligFmt/hq309.dat,True,77,257,0.0897827785824507,0.3489970253403859,0.029925,0.4999999999999999,0.0
hq3510,hq3510.npz,/home/vipuser/Meri-FID-Gate-Airfoil/data/airfoil/raw/uiuc/coord_seligFmt/coord_seligFmt/hq3510.dat,True,77,257,0.0996343833419061,0.3489970253403859,0.03498,0.4999999999999999,0.0
hq3512,hq3512.npz,/home/vipuser/Meri-FID-Gate-Airfoil/data/airfoil/raw/uiuc/coord_seligFmt/coord_seligFmt/hq3512.dat,True,77,257,0.11956478453177,0.3489970253403859,0.03496,0.4999999999999999,0.0
hq3513,hq3513.npz,/home/vipuser/Meri-FID-Gate-Airfoil/data/airfoil/raw/uiuc/coord_seligFmt/coord_seligFmt/hq3513.dat,True,77,257,0.1299943833419061,0.3489970253403859,0.03496,0.4999999999999999,0.0
hq3514,hq3514.npz,/home/vipuser/Meri-FID-Gate-Airfoil/data/airfoil/raw/uiuc/coord_seligFmt/coord_seligFmt/hq3514.dat,True,39,257,0.1399606833933431,0.3489970253403859,0.0349999999999999,0.4999999999999999,0.0
hq3518,hq3518.npz,/home/vipuser/Meri-FID-Gate-Airfoil/data/airfoil/raw/uiuc/coord_seligFmt/coord_seligFmt/hq3518.dat,True,39,257,0.1799494500771554,0.3489970253403859,0.035,0.4999999999999999,0.0
hq358,hq358.npz,/home/vipuser/Meri-FID-Gate-Airfoil/data/airfoil/raw/uiuc/coord_seligFmt/coord_seligFmt/hq358.dat,True,77,257,0.0796867904810892,0.3489970253403859,0.034985,0.4999999999999999,0.0
hq359,hq359.npz,/home/vipuser/Meri-FID-Gate-Airfoil/data/airfoil/raw/uiuc/coord_seligFmt/coord_seligFmt/hq359.dat,True,77,257,0.0896955869114976,0.3489970253403859,0.034975,0.4999999999999999,0.0
hs1404,hs1404.npz,/home/vipuser/Meri-FID-Gate-Airfoil/data/airfoil/raw/uiuc/coord_seligFmt/coord_seligFmt/hs1404.dat,True,124,257,0.0402087865683272,0.1828033579181772,0.0312096897928583,0.45710134382778,0.00316
hs1430,hs1430.npz,/home/vipuser/Meri-FID-Gate-Airfoil/data/airfoil/raw/uiuc/coord_seligFmt/coord_seligFmt/hs1430.dat,True,122,257,0.2999227495411627,0.3431591298005542,0.0397480946902534,0.5428986561722199,0.0470880124054815
hs1606,hs1606.npz,/home/vipuser/Meri-FID-Gate-Airfoil/data/airfoil/raw/uiuc/coord_seligFmt/coord_seligFmt/hs1606.dat,True,123,257,0.0601343932841636,0.1828033579181772,0.0439112579003646,0.45710134382778,0.00474
hs1620,hs1620.npz,/home/vipuser/Meri-FID-Gate-Airfoil/data/airfoil/raw/uiuc/coord_seligFmt/coord_seligFmt/hs1620.dat,True,123,257,0.2001347269615956,0.3431591298005542,0.0413217697827868,0.4387946624003919,0.02699
hs1708,hs1708.npz,/home/vipuser/Meri-FID-Gate-Airfoil/data/airfoil/raw/uiuc/coord_seligFmt/coord_seligFmt/hs1708.dat,True,123,257,0.0791511404660392,0.2222148834901988,0.0504486839809942,0.45710134382778,0.00648
hs1712,hs1712.npz,/home/vipuser/Meri-FID-Gate-Airfoil/data/airfoil/raw/uiuc/coord_seligFmt/coord_seligFmt/hs1712.dat,True,124,257,0.1197562992234626,0.3607401553074735,0.0485145599926104,0.4448888963530584,0.0179
hsnlf213,hsnlf213.npz,/home/vipuser/Meri-FID-Gate-Airfoil/data/airfoil/raw/uiuc/coord_seligFmt/coord_seligFmt/hsnlf213.dat,True,119,257,0.1325333902030819,0.4266347627723191,0.0137355131736264,0.3257906598752828,0.0013398
ht08,ht08.npz,/home/vipuser/Meri-FID-Gate-Airfoil/data/airfoil/raw/uiuc/coord_seligFmt/coord_seligFmt/ht08.dat,True,160,257,0.0500016386075636,0.2021503477537832,0.0007216999932944,0.0006022718974137,0.0034721701363366
ht12,ht12.npz,/home/vipuser/Meri-FID-Gate-Airfoil/data/airfoil/raw/uiuc/coord_seligFmt/coord_seligFmt/ht12.dat,True,141,257,0.0501940825794551,0.1828033579181772,4.272663392396181e-07,0.1213955767467577,0.0023799547808591
ht13,ht13.npz,/home/vipuser/Meri-FID-Gate-Airfoil/data/airfoil/raw/uiuc/coord_seligFmt/coord_seligFmt/ht13.dat,True,140,257,0.0649933498965686,0.1875702559288067,0.0009660699462142,0.0003388077058252,0.002083066658133
ht14,ht14.npz,/home/vipuser/Meri-FID-Gate-Airfoil/data/airfoil/raw/uiuc/coord_seligFmt/coord_seligFmt/ht14.dat,True,140,257,0.07489551601177,0.1875702559288067,0.0009694724293028,0.0003388077058252,0.0018850226202714
ht21,ht21.npz,/home/vipuser/Meri-FID-Gate-Airfoil/data/airfoil/raw/uiuc/coord_seligFmt/coord_seligFmt/ht21.dat,True,140,257,0.0510407979921304,0.1972444792978372,0.0008725291859722,0.0006022718974137,0.0119287515113452
ht22,ht22.npz,/home/vipuser/Meri-FID-Gate-Airfoil/data/airfoil/raw/uiuc/coord_seligFmt/coord_seligFmt/ht22.dat,True,143,257,0.0507891436986064,0.1923842047096866,0.0105630677612894,0.2273375057889767,0.0016295730239026
ht23,ht23.npz,/home/vipuser/Meri-FID-Gate-Airfoil/data/airfoil/raw/uiuc/coord_seligFmt/coord_seligFmt/ht23.dat,True,143,257,0.0650724031692066,0.2071010712717805,0.0105331863285861,0.2120959042910773,0.0020819458690555
ht33,ht33.npz,/home/vipuser/Meri-FID-Gate-Airfoil/data/airfoil/raw/uiuc/coord_seligFmt/coord_seligFmt/ht33.dat,True,240,257,0.0594707397810059,0.2222148834901988,0.0005042128457642,3.7649080427748505e-05,0.0011900221292707
ht34,ht34.npz,/home/vipuser/Meri-FID-Gate-Airfoil/data/airfoil/raw/uiuc/coord_seligFmt/coord_seligFmt/ht34.dat,True,240,257,0.069731453032816,0.2482308081371412,0.0005049520313767,3.7649080427748505e-05,0.0003927108291542
ht35,ht35.npz,/home/vipuser/Meri-FID-Gate-Airfoil/data/airfoil/raw/uiuc/coord_seligFmt/coord_seligFmt/ht35.dat,True,240,257,0.0749954465360821,0.2643016315870011,0.0005211003763734,0.0001505906518978,0.0
isa571,isa571.npz,/home/vipuser/Meri-FID-Gate-Airfoil/data/airfoil/raw/uiuc/coord_seligFmt/coord_seligFmt/isa571.dat,True,33,257,0.07366855211597,0.297379342997505,0.035887984080122,0.3030039799694759,0.003
isa961,isa961.npz,/home/vipuser/Meri-FID-Gate-Airfoil/data/airfoil/raw/uiuc/coord_seligFmt/coord_seligFmt/isa961.dat,True,33,257,0.0926956993044924,0.2021503477537832,0.0458531986282052,0.3964443119038907,0.0037
isa962,isa962.npz,/home/vipuser/Meri-FID-Gate-Airfoil/data/airfoil/raw/uiuc/coord_seligFmt/coord_seligFmt/isa962.dat,True,33,257,0.0957720454792008,0.2021503477537832,0.0464032932192862,0.4024548389919358,0.0042
ist-mt1-12,ist-mt1-12.npz,/home/vipuser/Meri-FID-Gate-Airfoil/data/airfoil/raw/uiuc/coord_seligFmt/coord_seligFmt/ist-mt1-12.dat,True,201,257,0.1199858137932675,0.2917852199511813,0.0621127375689528,0.5854809443801506,0.0001325712
ist-mt1-15,ist-mt1-15.npz,/home/vipuser/Meri-FID-Gate-Airfoil/data/airfoil/raw/uiuc/coord_seligFmt/coord_seligFmt/ist-mt1-15.dat,True,161,257,0.1499874902098395,0.2917852199511813,0.0854226357112478,0.5306603681511043,0.0006947928
ist-mt1-18,ist-mt1-18.npz,/home/vipuser/Meri-FID-Gate-Airfoil/data/airfoil/raw/uiuc/coord_seligFmt/coord_seligFmt/ist-mt1-18.dat,True,201,257,0.1799933282196543,0.2643016315870011,0.0824302653510888,0.4815963885293205,0.0006733338
ist-mt1-21,ist-mt1-21.npz,/home/vipuser/Meri-FID-Gate-Airfoil/data/airfoil/raw/uiuc/coord_seligFmt/coord_seligFmt/ist-mt1-21.dat,True,201,257,0.2099885496073367,0.2806918807307361,0.0569747519908317,0.5428986561722199,0.0004315472
ist-mt1-24,ist-mt1-24.npz,/home/vipuser/Meri-FID-Gate-Airfoil/data/airfoil/raw/uiuc/coord_seligFmt/coord_seligFmt/ist-mt1-24.dat,True,201,257,0.2399786189736341,0.2643016315870011,0.0485950971374452,0.5733652372276808,0.0005084034
j5012,j5012.npz,/home/vipuser/Meri-FID-Gate-Airfoil/data/airfoil/raw/uiuc/coord_seligFmt/coord_seligFmt/j5012.dat,True,61,257,0.1199761474600957,0.3431591298005542,6.364234828755422e-07,0.8357794774235092,0.0
joukowsk,joukowsk.npz,/home/vipuser/Meri-FID-Gate-Airfoil/data/airfoil/raw/uiuc/coord_seligFmt/coord_seligFmt/joukowsk.dat,True,91,257,0.1179652091612318,0.2482308081371412,9.413622413176337e-08,0.0947714008737026,0.0
jx-gs-15,jx-gs-15.npz,/home/vipuser/Meri-FID-Gate-Airfoil/data/airfoil/raw/uiuc/coord_seligFmt/coord_seligFmt/jx-gs-15.dat,True,201,257,0.075992930366035,0.2806918807307361,0.0146249976772875,0.4024548389919358,0.0
k1,k1.npz,/home/vipuser/Meri-FID-Gate-Airfoil/data/airfoil/raw/uiuc/coord_seligFmt/coord_seligFmt/k1.dat,True,169,257,0.1159173626290434,0.3257906598752828,0.019457406732507,0.746449096114892,0.001
k2,k2.npz,/home/vipuser/Meri-FID-Gate-Airfoil/data/airfoil/raw/uiuc/coord_seligFmt/coord_seligFmt/k2.dat,True,178,257,0.1028295738050192,0.4084800560224295,0.0128125239135932,0.8825836328112295,0.001
k3,k3.npz,/home/vipuser/Meri-FID-Gate-Airfoil/data/airfoil/raw/uiuc/coord_seligFmt/coord_seligFmt/k3.dat,True,183,257,0.1731262301609685,0.3373448539188685,0.0261373346382373,0.746449096114892,0.0076414
k3311sm,k3311sm.npz,/home/vipuser/Meri-FID-Gate-Airfoil/data/airfoil/raw/uiuc/coord_seligFmt/coord_seligFmt/k3311sm.dat,True,79,257,0.1102621398900038,0.3086582838174551,0.0323330543264937,0.4145190556198493,0.0
kc135a,kc135a.npz,/home/vipuser/Meri-FID-Gate-Airfoil/data/airfoil/raw/uiuc/coord_seligFmt/coord_seligFmt/kc135a.dat,True,51,257,0.1548794500771554,0.3489970253403859,0.009983951737199,0.297379342997505,0.0
kc135b,kc135b.npz,/home/vipuser/Meri-FID-Gate-Airfoil/data/airfoil/raw/uiuc/coord_seligFmt/coord_seligFmt/kc135b.dat,True,51,257,0.1297431089904622,0.3964443119038907,0.0114736554141842,0.2482308081371412,0.0
kc135c,kc135c.npz,/home/vipuser/Meri-FID-Gate-Airfoil/data/airfoil/raw/uiuc/coord_seligFmt/coord_seligFmt/kc135c.dat,True,51,257,0.1058836683829193,0.4024548389919358,0.0137105062526683,0.2482308081371412,0.0
kc135d,kc135d.npz,/home/vipuser/Meri-FID-Gate-Airfoil/data/airfoil/raw/uiuc/coord_seligFmt/coord_seligFmt/kc135d.dat,True,51,257,0.089893487738887,0.4024548389919358,0.0179349368468608,0.3489970253403859,0.0
kc135winglet,kc135winglet.npz,/home/vipuser/Meri-FID-Gate-Airfoil/data/airfoil/raw/uiuc/coord_seligFmt/coord_seligFmt/kc135winglet.dat,True,75,257,0.0795928886238077,0.3964443119038907,0.0268757998185195,0.645142338627231,0.0047
l1003,l1003.npz,/home/vipuser/Meri-FID-Gate-Airfoil/data/airfoil/raw/uiuc/coord_seligFmt/coord_seligFmt/l1003.dat,True,49,257,0.1767048156020617,0.297379342997505,0.0651917897548455,0.3030039799694759,0.0
l188root,l188root.npz,/home/vipuser/Meri-FID-Gate-Airfoil/data/airfoil/raw/uiuc/coord_seligFmt/coord_seligFmt/l188root.dat,True,91,257,0.1398478731488025,0.4084800560224295,0.0199647538880738,0.5184036114706795,0.0028
l188tip,l188tip.npz,/home/vipuser/Meri-FID-Gate-Airfoil/data/airfoil/raw/uiuc/coord_seligFmt/coord_seligFmt/l188tip.dat,True,91,257,0.1198873970380841,0.4084800560224295,0.0266190143146348,0.5184036114706795,0.0024
l7769,l7769.npz,/home/vipuser/Meri-FID-Gate-Airfoil/data/airfoil/raw/uiuc/coord_seligFmt/coord_seligFmt/l7769.dat,True,33,257,0.1097108976619151,0.297379342997505,0.0441798408012209,0.3030039799694759,0.0
la203a,la203a.npz,/home/vipuser/Meri-FID-Gate-Airfoil/data/airfoil/raw/uiuc/coord_seligFmt/coord_seligFmt/la203a.dat,True,101,257,0.1573056495175941,0.3431591298005542,0.0547929036415513,0.45710134382778,0.0
la2573a,la2573a.npz,/home/vipuser/Meri-FID-Gate-Airfoil/data/airfoil/raw/uiuc/coord_seligFmt/coord_seligFmt/la2573a.dat,True,101,257,0.1369901008286697,0.2862224532848589,0.031930334399973,0.2643016315870011,0.0
la5055,la5055.npz,/home/vipuser/Meri-FID-Gate-Airfoil/data/airfoil/raw/uiuc/coord_seligFmt/coord_seligFmt/la5055.dat,True,49,257,0.1592618869629346,0.3489970253403859,0.05925,0.378509910048368,0.0
lds2,lds2.npz,/home/vipuser/Meri-FID-Gate-Airfoil/data/airfoil/raw/uiuc/coord_seligFmt/coord_seligFmt/lds2.dat,True,57,257,0.1197335106733126,0.3489970253403859,0.0216120061215462,0.4509914298352196,0.0
legionair140_sm,legionair140_sm.npz,/home/vipuser/Meri-FID-Gate-Airfoil/data/airfoil/raw/uiuc/coord_seligFmt/coord_seligFmt/legionair140_sm.dat,True,198,257,0.0860064408075092,0.2917852199511813,0.030535232081853,0.3200524817325059,0.00644411534054
lg10sc,lg10sc.npz,/home/vipuser/Meri-FID-Gate-Airfoil/data/airfoil/raw/uiuc/coord_seligFmt/coord_seligFmt/lg10sc.dat,True,89,257,0.0999896326278724,0.3200524817325059,0.0146499019029646,0.1596995011022734,0.003
lnv109a,lnv109a.npz,/home/vipuser/Meri-FID-Gate-Airfoil/data/airfoil/raw/uiuc/coord_seligFmt/coord_seligFmt/lnv109a.dat,True,101,257,0.1298229875352473,0.2377051586607655,0.0596852599746982,0.3143414030240812,0.0
lrn1015,lrn1015.npz,/home/vipuser/Meri-FID-Gate-Airfoil/data/airfoil/raw/uiuc/coord_seligFmt/coord_seligFmt/lrn1015.dat,True,79,257,0.1518350355053886,0.3964443119038907,0.0488793231216002,0.4387946624003919,0.0
ls013,ls013.npz,/home/vipuser/Meri-FID-Gate-Airfoil/data/airfoil/raw/uiuc/coord_seligFmt/coord_seligFmt/ls013.dat,True,57,257,0.1286041863735447,0.3964443119038907,0.0,0.0,0.00604
ls413,ls413.npz,/home/vipuser/Meri-FID-Gate-Airfoil/data/airfoil/raw/uiuc/coord_seligFmt/coord_seligFmt/ls413.dat,True,89,257,0.1293,0.378509910048368,0.0242258450918116,0.651002974659614,0.0055
ls413mod,ls413mod.npz,/home/vipuser/Meri-FID-Gate-Airfoil/data/airfoil/raw/uiuc/coord_seligFmt/coord_seligFmt/ls413mod.dat,True,88,257,0.1301919762027231,0.3489970253403859,0.0224371769351592,0.4024548389919358,0.0051
ls417,ls417.npz,/home/vipuser/Meri-FID-Gate-Airfoil/data/airfoil/raw/uiuc/coord_seligFmt/coord_seligFmt/ls417.dat,True,75,257,0.1697894651557043,0.3964443119038907,0.0244795328731183,0.651002974659614,0.00709
ls417mod,ls417mod.npz,/home/vipuser/Meri-FID-Gate-Airfoil/data/airfoil/raw/uiuc/coord_seligFmt/coord_seligFmt/ls417mod.dat,True,92,257,0.1699902130722187,0.297379342997505,0.0232383145915127,0.2021503477537832,0.00732
ls421,ls421.npz,/home/vipuser/Meri-FID-Gate-Airfoil/data/airfoil/raw/uiuc/coord_seligFmt/coord_seligFmt/ls421.dat,True,75,257,0.2088930649171313,0.3964443119038907,0.0241910456867435,0.651002974659614,0.00902
lwk79100,lwk79100.npz,/home/vipuser/Meri-FID-Gate-Airfoil/data/airfoil/raw/uiuc/coord_seligFmt/coord_seligFmt/lwk79100.dat,True,97,257,0.0999301643987611,0.2806918807307361,0.0,0.0,0.0
lwk80080,lwk80080.npz,/home/vipuser/Meri-FID-Gate-Airfoil/data/airfoil/raw/uiuc/coord_seligFmt/coord_seligFmt/lwk80080.dat,True,97,257,0.0806199910083767,0.4024548389919358,0.0,0.0,0.0
lwk80100,lwk80100.npz,/home/vipuser/Meri-FID-Gate-Airfoil/data/airfoil/raw/uiuc/coord_seligFmt/coord_seligFmt/lwk80100.dat,True,97,257,0.1006199820167534,0.4024548389919358,2.9479407575664848e-05,0.0165117644775739,0.0
lwk80120k25,lwk80120k25.npz,/home/vipuser/Meri-FID-Gate-Airfoil/data/airfoil/raw/uiuc/coord_seligFmt/coord_seligFmt/lwk80120k25.dat,True,97,257,0.1206199760223378,0.4024548389919358,0.0,0.0,0.0
lwk80150k25,lwk80150k25.npz,/home/vipuser/Meri-FID-Gate-Airfoil/data/airfoil/raw/uiuc/coord_seligFmt/coord_seligFmt/lwk80150k25.dat,True,97,257,0.1504199700279223,0.4024548389919358,0.0,0.0,0.0
m1,m1.npz,/home/vipuser/Meri-FID-Gate-Airfoil/data/airfoil/raw/uiuc/coord_seligFmt/coord_seligFmt/m1.dat,True,33,257,0.0615819761201831,0.3030039799694759,0.0,0.0,0.004
m10,m10.npz,/home/vipuser/Meri-FID-Gate-Airfoil/data/airfoil/raw/uiuc/coord_seligFmt/coord_seligFmt/m10.dat,True,33,257,0.0618809814580885,0.3030039799694759,0.0190848021671022,0.3030039799694759,0.0039
m11,m11.npz,/home/vipuser/Meri-FID-Gate-Airfoil/data/airfoil/raw/uiuc/coord_seligFmt/coord_seligFmt/m11.dat,True,33,257,0.0814789721402136,0.3030039799694759,0.0187546797021556,0.3030039799694759,0.0
m12,m12.npz,/home/vipuser/Meri-FID-Gate-Airfoil/data/airfoil/raw/uiuc/coord_seligFmt/coord_seligFmt/m12.dat,True,33,257,0.1192669562203357,0.3030039799694759,0.0198394860701068,0.3030039799694759,0.004
m13,m13.npz,/home/vipuser/Meri-FID-Gate-Airfoil/data/airfoil/raw/uiuc/coord_seligFmt/coord_seligFmt/m13.dat,True,33,257,0.062087984080122,0.3030039799694759,0.0384077705482258,0.3030039799694759,0.0044
m15,m15.npz,/home/vipuser/Meri-FID-Gate-Airfoil/data/airfoil/raw/uiuc/coord_seligFmt/coord_seligFmt/m15.dat,True,33,257,0.1199633285582411,0.3030039799694759,0.0383110299512304,0.3030039799694759,0.0045
m16,m16.npz,/home/vipuser/Meri-FID-Gate-Airfoil/data/airfoil/raw/uiuc/coord_seligFmt/coord_seligFmt/m16.dat,True,33,257,0.0614975662600194,0.3030039799694759,0.0410463832405549,0.3030039799694759,0.0056
m17,m17.npz,/home/vipuser/Meri-FID-Gate-Airfoil/data/airfoil/raw/uiuc/coord_seligFmt/coord_seligFmt/m17.dat,True,33,257,0.0807990102575994,0.3964443119038907,0.0410817920630929,0.3030039799694759,0.0041
m18,m18.npz,/home/vipuser/Meri-FID-Gate-Airfoil/data/airfoil/raw/uiuc/coord_seligFmt/coord_seligFmt/m18.dat,True,33,257,0.1201489323405189,0.3030039799694759,0.0410535251765738,0.3030039799694759,0.0044
m19,m19.npz,/home/vipuser/Meri-FID-Gate-Airfoil/data/airfoil/raw/uiuc/coord_seligFmt/coord_seligFmt/m19.dat,True,33,257,0.0616782402961535,0.3030039799694759,0.0602747161430175,0.3030039799694759,0.0038
m2,m2.npz,/home/vipuser/Meri-FID-Gate-Airfoil/data/airfoil/raw/uiuc/coord_seligFmt/coord_seligFmt/m2.dat,True,33,257,0.08,0.3030039799694759,0.0,0.0,0.004
m20,m20.npz,/home/vipuser/Meri-FID-Gate-Airfoil/data/airfoil/raw/uiuc/coord_seligFmt/coord_seligFmt/m20.dat,True,33,257,0.0814819761201831,0.3030039799694759,0.0605808650276516,0.3030039799694759,0.0047
m21,m21.npz,/home/vipuser/Meri-FID-Gate-Airfoil/data/airfoil/raw/uiuc/coord_seligFmt/coord_seligFmt/m21.dat,True,33,257,0.1194819761201831,0.3030039799694759,0.060386916420641,0.3030039799694759,0.0048
m22,m22.npz,/home/vipuser/Meri-FID-Gate-Airfoil/data/airfoil/raw/uiuc/coord_seligFmt/coord_seligFmt/m22.dat,True,33,257,0.0624956174339726,0.3030039799694759,0.0629501123542749,0.3030039799694759,0.0053
m23,m23.npz,/home/vipuser/Meri-FID-Gate-Airfoil/data/airfoil/raw/uiuc/coord_seligFmt/coord_seligFmt/m23.dat,True,33,257,0.0814114907458339,0.3030039799694759,0.0637499780844726,0.3030039799694759,0.0054
m24,m24.npz,/home/vipuser/Meri-FID-Gate-Airfoil/data/airfoil/raw/uiuc/coord_seligFmt/coord_seligFmt/m24.dat,True,33,257,0.1195093029340291,0.3030039799694759,0.0633666040504347,0.3030039799694759,0.0047
m25,m25.npz,/home/vipuser/Meri-FID-Gate-Airfoil/data/airfoil/raw/uiuc/coord_seligFmt/coord_seligFmt/m25.dat,True,33,257,0.0626917960600915,0.3030039799694759,0.0822432491190958,0.3030039799694759,0.0045
m26,m26.npz,/home/vipuser/Meri-FID-Gate-Airfoil/data/airfoil/raw/uiuc/coord_seligFmt/coord_seligFmt/m26.dat,True,33,257,0.0829479334719055,0.3964443119038907,0.08245475539433,0.3030039799694759,0.0048
m27,m27.npz,/home/vipuser/Meri-FID-Gate-Airfoil/data/airfoil/raw/uiuc/coord_seligFmt/coord_seligFmt/m27.dat,True,33,257,0.1195006185927118,0.3030039799694759,0.0835635970921519,0.3030039799694759,0.0052
m4,m4.npz,/home/vipuser/Meri-FID-Gate-Airfoil/data/airfoil/raw/uiuc/coord_seligFmt/coord_seligFmt/m4.dat,True,33,257,0.0627835800638743,0.3030039799694759,0.0220202871520612,0.3030039799694759,0.0049
m5,m5.npz,/home/vipuser/Meri-FID-Gate-Airfoil/data/airfoil/raw/uiuc/coord_seligFmt/coord_seligFmt/m5.dat,True,33,257,0.0820967607161326,0.3030039799694759,0.0206295075772552,0.3030039799694759,0.0063
m6,m6.npz,/home/vipuser/Meri-FID-Gate-Airfoil/data/airfoil/raw/uiuc/coord_seligFmt/coord_seligFmt/m6.dat,True,33,257,0.1200819761201831,0.3030039799694759,0.0221079442804273,0.3030039799694759,0.0052
m685,m685.npz,/home/vipuser/Meri-FID-Gate-Airfoil/data/airfoil/raw/uiuc/coord_seligFmt/coord_seligFmt/m685.dat,True,43,257,0.1020696797021556,0.3030039799694759,0.0187985417401224,0.297379342997505,0.0
m7,m7.npz,/home/vipuser/Meri-FID-Gate-Airfoil/data/airfoil/raw/uiuc/coord_seligFmt/coord_seligFmt/m7.dat,True,31,257,0.0618964443119038,0.3964443119038907,0.049234235738254,0.297379342997505,0.0047
m9,m9.npz,/home/vipuser/Meri-FID-Gate-Airfoil/data/airfoil/raw/uiuc/coord_seligFmt/coord_seligFmt/m9.dat,True,33,257,0.1039707724893615,0.1508118752955135,0.0717684582103205,0.3030039799694759,0.0
ma409,ma409.npz,/home/vipuser/Meri-FID-Gate-Airfoil/data/airfoil/raw/uiuc/coord_seligFmt/coord_seligFmt/ma409.dat,True,41,257,0.0678294011127222,0.2482308081371412,0.0332999999999999,0.4999999999999999,0.0007
ma409sm,ma409sm.npz,/home/vipuser/Meri-FID-Gate-Airfoil/data/airfoil/raw/uiuc/coord_seligFmt/coord_seligFmt/ma409sm.dat,True,79,257,0.0669394992444725,0.2377051586607655,0.0332877416043359,0.49386423085714,0.0007
marske1,marske1.npz,/home/vipuser/Meri-FID-Gate-Airfoil/data/airfoil/raw/uiuc/coord_seligFmt/coord_seligFmt/marske1.dat,True,33,257,0.1399104745746154,0.2535509038851079,0.0302928917205221,0.2482308081371412,0.0
marske3,marske3.npz,/home/vipuser/Meri-FID-Gate-Airfoil/data/airfoil/raw/uiuc/coord_seligFmt/coord_seligFmt/marske3.dat,True,33,257,0.1206,0.2751943351726967,0.0275837624940897,0.1508118752955135,0.0
marske4,marske4.npz,/home/vipuser/Meri-FID-Gate-Airfoil/data/airfoil/raw/uiuc/coord_seligFmt/coord_seligFmt/marske4.dat,True,33,257,0.1018956993044924,0.2021503477537832,0.0281215728752538,0.1464466094067262,0.0
marske5,marske5.npz,/home/vipuser/Meri-FID-Gate-Airfoil/data/airfoil/raw/uiuc/coord_seligFmt/coord_seligFmt/marske5.dat,True,33,257,0.1222,0.2021503477537832,0.0337644660940672,0.1464466094067262,0.0
marske7,marske7.npz,/home/vipuser/Meri-FID-Gate-Airfoil/data/airfoil/raw/uiuc/coord_seligFmt/coord_seligFmt/marske7.dat,True,71,257,0.1204974745888015,0.4266347627723191,0.0280440213696301,0.3904493799215651,0.0040335798321008
mb253515sm,mb253515sm.npz,/home/vipuser/Meri-FID-Gate-Airfoil/data/airfoil/raw/uiuc/coord_seligFmt/coord_seligFmt/mb253515sm.dat,True,67,257,0.1495647547851738,0.3489970253403859,0.024565922102733,0.3725671701977426,0.0
mh102,mh102.npz,/home/vipuser/Meri-FID-Gate-Airfoil/data/airfoil/raw/uiuc/coord_seligFmt/coord_seligFmt/mh102.dat,True,68,257,0.1698049983488397,0.2751943351726967,0.0301236287310907,0.3725671701977426,0.0
mh104,mh104.npz,/home/vipuser/Meri-FID-Gate-Airfoil/data/airfoil/raw/uiuc/coord_seligFmt/coord_seligFmt/mh104.dat,True,67,257,0.1525949041976185,0.26973064452088,0.020309174568446,0.26973064452088,0.0
mh106,mh106.npz,/home/vipuser/Meri-FID-Gate-Airfoil/data/airfoil/raw/uiuc/coord_seligFmt/coord_seligFmt/mh106.dat,True,68,257,0.1305325022679531,0.26973064452088,0.0099562772103316,0.2643016315870011,0.0
mh108,mh108.npz,/home/vipuser/Meri-FID-Gate-Airfoil/data/airfoil/raw/uiuc/coord_seligFmt/coord_seligFmt/mh108.dat,True,68,257,0.1195788511002905,0.2589081139604385,0.0108682980512806,0.2171340946081933,0.0
mh112,mh112.npz,/home/vipuser/Meri-FID-Gate-Airfoil/data/airfoil/raw/uiuc/coord_seligFmt/coord_seligFmt/mh112.dat,True,68,257,0.1629026969513379,0.297379342997505,0.0739483580517892,0.4754661628362909,0.0
mh114,mh114.npz,/home/vipuser/Meri-FID-Gate-Airfoil/data/airfoil/raw/uiuc/coord_seligFmt/coord_seligFmt/mh114.dat,True,68,257,0.1305158102690761,0.297379342997505,0.0656505483227755,0.4815963885293205,0.0
mh117,mh117.npz,/home/vipuser/Meri-FID-Gate-Airfoil/data/airfoil/raw/uiuc/coord_seligFmt/coord_seligFmt/mh117.dat,True,68,257,0.0979232415163463,0.2917852199511813,0.0272337238791114,0.4448888963530584,0.0
mh120,mh120.npz,/home/vipuser/Meri-FID-Gate-Airfoil/data/airfoil/raw/uiuc/coord_seligFmt/coord_seligFmt/mh120.dat,True,61,257,0.0805715687688311,0.3373448539188685,0.0270361018425232,0.645142338627231,0.0
mh122,mh122.npz,/home/vipuser/Meri-FID-Gate-Airfoil/data/airfoil/raw/uiuc/coord_seligFmt/coord_seligFmt/mh122.dat,True,68,257,0.093155717303962,0.3373448539188685,0.0349644035565709,0.6214900899516319,0.0
mh126,mh126.npz,/home/vipuser/Meri-FID-Gate-Airfoil/data/airfoil/raw/uiuc/coord_seligFmt/coord_seligFmt/mh126.dat,True,61,257,0.2505371653468421,0.3666436212625508,0.0807658605851358,0.4509914298352196,0.0
mh18,mh18.npz,/home/vipuser/Meri-FID-Gate-Airfoil/data/airfoil/raw/uiuc/coord_seligFmt/coord_seligFmt/mh18.dat,True,67,257,0.1114107272991674,0.3373448539188685,0.0279946708631867,0.378509910048368,0.0
mh20,mh20.npz,/home/vipuser/Meri-FID-Gate-Airfoil/data/airfoil/raw/uiuc/coord_seligFmt/coord_seligFmt/mh20.dat,True,68,257,0.0899952082258149,0.3257906598752828,0.0200889384512728,0.3725671701977426,0.0
mh200,mh200.npz,/home/vipuser/Meri-FID-Gate-Airfoil/data/airfoil/raw/uiuc/coord_seligFmt/coord_seligFmt/mh200.dat,True,68,257,0.1295146238566872,0.3964443119038907,0.0212200193141028,0.4999999999999999,0.0
mh201,mh201.npz,/home/vipuser/Meri-FID-Gate-Airfoil/data/airfoil/raw/uiuc/coord_seligFmt/coord_seligFmt/mh201.dat,True,67,257,0.1306959162681323,0.3607401553074735,0.025942101698297,0.45710134382778,0.0
mh22,mh22.npz,/home/vipuser/Meri-FID-Gate-Airfoil/data/airfoil/raw/uiuc/coord_seligFmt/coord_seligFmt/mh22.dat,True,68,257,0.0719400526298429,0.2862224532848589,0.0182487773554082,0.3373448539188685,0.0
mh23,mh23.npz,/home/vipuser/Meri-FID-Gate-Airfoil/data/airfoil/raw/uiuc/coord_seligFmt/coord_seligFmt/mh23.dat,True,68,257,0.0798418782471407,0.3431591298005542,0.0126793548832556,0.3904493799215651,0.0
mh24,mh24.npz,/home/vipuser/Meri-FID-Gate-Airfoil/data/airfoil/raw/uiuc/coord_seligFmt/coord_seligFmt/mh24.dat,True,68,257,0.0899859390593931,0.3904493799215651,0.0130099922344922,0.3904493799215651,0.0
mh25,mh25.npz,/home/vipuser/Meri-FID-Gate-Airfoil/data/airfoil/raw/uiuc/coord_seligFmt/coord_seligFmt/mh25.dat,True,67,257,0.0997800881117491,0.3964443119038907,0.0145750539909848,0.3964443119038907,0.0
mh26,mh26.npz,/home/vipuser/Meri-FID-Gate-Airfoil/data/airfoil/raw/uiuc/coord_seligFmt/coord_seligFmt/mh26.dat,True,67,257,0.1097912135367513,0.4205709283330693,0.0150855281374506,0.3964443119038907,0.0
mh27,mh27.npz,/home/vipuser/Meri-FID-Gate-Airfoil/data/airfoil/raw/uiuc/coord_seligFmt/coord_seligFmt/mh27.dat,True,68,257,0.1198141091578388,0.4448888963530584,0.0149766400450998,0.3964443119038907,0.0
mh30,mh30.npz,/home/vipuser/Meri-FID-Gate-Airfoil/data/airfoil/raw/uiuc/coord_seligFmt/coord_seligFmt/mh30.dat,True,67,257,0.078408969019966,0.297379342997505,0.0173080126998702,0.4387946624003919,0.0
mh32,mh32.npz,/home/vipuser/Meri-FID-Gate-Airfoil/data/airfoil/raw/uiuc/coord_seligFmt/coord_seligFmt/mh32.dat,True,68,257,0.0869491758333558,0.3030039799694759,0.023882471544653,0.4448888963530584,0.0
mh33,mh33.npz,/home/vipuser/Meri-FID-Gate-Airfoil/data/airfoil/raw/uiuc/coord_seligFmt/coord_seligFmt/mh33.dat,True,65,257,0.0726911166898481,0.2917852199511813,0.0106868544528372,0.4387946624003919,0.0
mh38,mh38.npz,/home/vipuser/Meri-FID-Gate-Airfoil/data/airfoil/raw/uiuc/coord_seligFmt/coord_seligFmt/mh38.dat,True,68,257,0.0969034812345697,0.3143414030240812,0.0393960036854342,0.4509914298352196,0.0
mh42,mh42.npz,/home/vipuser/Meri-FID-Gate-Airfoil/data/airfoil/raw/uiuc/coord_seligFmt/coord_seligFmt/mh42.dat,True,67,257,0.0893337540389854,0.2917852199511813,0.018771225518874,0.378509910048368,0.0
mh44,mh44.npz,/home/vipuser/Meri-FID-Gate-Airfoil/data/airfoil/raw/uiuc/coord_seligFmt/coord_seligFmt/mh44.dat,True,68,257,0.0965352493273294,0.2806918807307361,0.0155052802455036,0.3725671701977426,0.0
mh45,mh45.npz,/home/vipuser/Meri-FID-Gate-Airfoil/data/airfoil/raw/uiuc/coord_seligFmt/coord_seligFmt/mh45.dat,True,67,257,0.098451550402534,0.2751943351726967,0.0173313481904917,0.3257906598752828,0.0
mh46,mh46.npz,/home/vipuser/Meri-FID-Gate-Airfoil/data/airfoil/raw/uiuc/coord_seligFmt/coord_seligFmt/mh46.dat,True,61,257,0.1133960828619396,0.26973064452088,0.0169968587206117,0.3548576613727688,0.0
mh60,mh60.npz,/home/vipuser/Meri-FID-Gate-Airfoil/data/airfoil/raw/uiuc/coord_seligFmt/coord_seligFmt/mh60.dat,True,68,257,0.1007946532800085,0.2751943351726967,0.0182334039442885,0.3666436212625508,0.0
mh61,mh61.npz,/home/vipuser/Meri-FID-Gate-Airfoil/data/airfoil/raw/uiuc/coord_seligFmt/coord_seligFmt/mh61.dat,True,68,257,0.1023435584264419,0.2806918807307361,0.0148816904196079,0.3666436212625508,0.0
mh64,mh64.npz,/home/vipuser/Meri-FID-Gate-Airfoil/data/airfoil/raw/uiuc/coord_seligFmt/coord_seligFmt/mh64.dat,True,68,257,0.0858267842984027,0.26973064452088,0.0147037133791078,0.378509910048368,0.0
mh70,mh70.npz,/home/vipuser/Meri-FID-Gate-Airfoil/data/airfoil/raw/uiuc/coord_seligFmt/coord_seligFmt/mh70.dat,True,68,257,0.1107597377145381,0.2917852199511813,0.0313491906233712,0.3844709458596643,0.0
mh78,mh78.npz,/home/vipuser/Meri-FID-Gate-Airfoil/data/airfoil/raw/uiuc/coord_seligFmt/coord_seligFmt/mh78.dat,True,67,257,0.1444869543570589,0.2071010712717805,0.0281298086292375,0.1687921112049141,0.0
mh80,mh80.npz,/home/vipuser/Meri-FID-Gate-Airfoil/data/airfoil/raw/uiuc/coord_seligFmt/coord_seligFmt/mh80.dat,True,68,257,0.1270091311282228,0.2222148834901988,0.0297050096942223,0.2222148834901988,0.0
mh81,mh81.npz,/home/vipuser/Meri-FID-Gate-Airfoil/data/airfoil/raw/uiuc/coord_seligFmt/coord_seligFmt/mh81.dat,True,67,257,0.1298782279128283,0.2273375057889767,0.0352669914319143,0.2273375057889767,0.0
mh82,mh82.npz,/home/vipuser/Meri-FID-Gate-Airfoil/data/airfoil/raw/uiuc/coord_seligFmt/coord_seligFmt/mh82.dat,True,68,257,0.1329696027732847,0.2273375057889767,0.0408998762930627,0.2325011900564513,0.0
mh83,mh83.npz,/home/vipuser/Meri-FID-Gate-Airfoil/data/airfoil/raw/uiuc/coord_seligFmt/coord_seligFmt/mh83.dat,True,61,257,0.1329492289009332,0.2071010712717805,0.0516396270996301,0.3200524817325059,0.0
mh84,mh84.npz,/home/vipuser/Meri-FID-Gate-Airfoil/data/airfoil/raw/uiuc/coord_seligFmt/coord_seligFmt/mh84.dat,True,67,257,0.137158132822789,0.2021503477537832,0.0485615433524788,0.3257906598752828,0.0
mh91,mh91.npz,/home/vipuser/Meri-FID-Gate-Airfoil/data/airfoil/raw/uiuc/coord_seligFmt/coord_seligFmt/mh91.dat,True,68,257,0.1496817542840965,0.2751943351726967,0.0165961330624357,0.1780842285551042,0.0
mh93,mh93.npz,/home/vipuser/Meri-FID-Gate-Airfoil/data/airfoil/raw/uiuc/coord_seligFmt/coord_seligFmt/mh93.dat,True,68,257,0.159743795043864,0.297379342997505,0.0164832850462215,0.1421345873580907,0.0
mh94,mh94.npz,/home/vipuser/Meri-FID-Gate-Airfoil/data/airfoil/raw/uiuc/coord_seligFmt/coord_seligFmt/mh94.dat,True,68,257,0.1601982007306704,0.3373448539188685,0.0138680944863951,0.73026935547912,0.0
mh95,mh95.npz,/home/vipuser/Meri-FID-Gate-Airfoil/data/airfoil/raw/uiuc/coord_seligFmt/coord_seligFmt/mh95.dat,True,61,257,0.1584497247523998,0.3431591298005542,0.0149978381817922,0.2429486279033891,0.0
miley,miley.npz,/home/vipuser/Meri-FID-Gate-Airfoil/data/airfoil/raw/uiuc/coord_seligFmt/coord_seligFmt/miley.dat,True,64,257,0.1285541884674932,0.3489970253403859,0.0513056288549839,0.3489970253403859,0.0
mrc-16,mrc-16.npz,/home/vipuser/Meri-FID-Gate-Airfoil/data/airfoil/raw/uiuc/coord_seligFmt/coord_seligFmt/mrc-16.dat,True,120,257,0.1390250764559956,0.3431591298005542,0.0317760596407829,0.3844709458596643,0.000745014900298
mrc-20,mrc-20.npz,/home/vipuser/Meri-FID-Gate-Airfoil/data/airfoil/raw/uiuc/coord_seligFmt/coord_seligFmt/mrc-20.dat,True,120,257,0.1558511147064696,0.3844709458596643,0.0302254822696345,0.4387946624003919,0.0005000320020481
mrc16-85,mrc16-85.npz,/home/vipuser/Meri-FID-Gate-Airfoil/data/airfoil/raw/uiuc/coord_seligFmt/coord_seligFmt/mrc16-85.dat,True,120,257,0.1181711754082829,0.3431591298005542,0.0317129804135796,0.3844709458596643,0.0006330126602532
mrc16-95,mrc16-95.npz,/home/vipuser/Meri-FID-Gate-Airfoil/data/airfoil/raw/uiuc/coord_seligFmt/coord_seligFmt/mrc16-95.dat,True,120,257,0.1320740634602103,0.3431591298005542,0.0317555676271143,0.3844709458596643,0.0007070141402828
mrc20-700,mrc20-700.npz,/home/vipuser/Meri-FID-Gate-Airfoil/data/airfoil/raw/uiuc/coord_seligFmt/coord_seligFmt/mrc20-700.dat,True,120,257,0.1090959235957767,0.3844709458596643,0.0299721493972482,0.4387946624003919,0.0003500224014336
mrc20-846,mrc20-846.npz,/home/vipuser/Meri-FID-Gate-Airfoil/data/airfoil/raw/uiuc/coord_seligFmt/coord_seligFmt/mrc20-846.dat,True,120,257,0.1318499433263525,0.3844709458596643,0.0300953448846281,0.4387946624003919,0.0004230270737327
ms313,ms313.npz,/home/vipuser/Meri-FID-Gate-Airfoil/data/airfoil/raw/uiuc/coord_seligFmt/coord_seligFmt/ms313.dat,True,89,257,0.1313589922152691,0.378509910048368,0.0176205703936529,0.6742093401247172,0.005583
ms317,ms317.npz,/home/vipuser/Meri-FID-Gate-Airfoil/data/airfoil/raw/uiuc/coord_seligFmt/coord_seligFmt/ms317.dat,True,89,257,0.1700459403827684,0.3725671701977426,0.016508643115655,0.7248056648273034,0.0072199999999999
mue139,mue139.npz,/home/vipuser/Meri-FID-Gate-Airfoil/data/airfoil/raw/uiuc/coord_seligFmt/coord_seligFmt/mue139.dat,True,97,257,0.1389498014269908,0.2222148834901988,0.0473499740844917,0.3086582838174551,0.0
n0009sm,n0009sm.npz,/home/vipuser/Meri-FID-Gate-Airfoil/data/airfoil/raw/uiuc/coord_seligFmt/coord_seligFmt/n0009sm.dat,True,69,257,0.0901799942409981,0.3086582838174551,0.0,0.0,0.0
n0012,n0012.npz,/home/vipuser/Meri-FID-Gate-Airfoil/data/airfoil/raw/uiuc/coord_seligFmt/coord_seligFmt/n0012.dat,True,131,257,0.1200069369256781,0.3030039799694759,0.0,0.0,0.00252
n10,n10.npz,/home/vipuser/Meri-FID-Gate-Airfoil/data/airfoil/raw/uiuc/coord_seligFmt/coord_seligFmt/n10.dat,True,33,257,0.1121318629179351,0.297379342997505,0.036001097739762,0.4024548389919358,0.0034
n11,n11.npz,/home/vipuser/Meri-FID-Gate-Airfoil/data/airfoil/raw/uiuc/coord_seligFmt/coord_seligFmt/n11.dat,True,33,257,0.1093318629179351,0.297379342997505,0.0435631774151209,0.4024548389919358,0.002
n12,n12.npz,/home/vipuser/Meri-FID-Gate-Airfoil/data/airfoil/raw/uiuc/coord_seligFmt/coord_seligFmt/n12.dat,True,33,257,0.1045218965207936,0.3030039799694759,0.0015967524988179,0.1508118752955135,0.0
n13,n13.npz,/home/vipuser/Meri-FID-Gate-Airfoil/data/airfoil/raw/uiuc/coord_seligFmt/coord_seligFmt/n13.dat,True,33,257,0.1179699602003052,0.3030039799694759,0.0010854191226334,0.9493372328469768,0.0
n1h15,n1h15.npz,/home/vipuser/Meri-FID-Gate-Airfoil/data/airfoil/raw/uiuc/coord_seligFmt/coord_seligFmt/n1h15.dat,True,35,257,0.1471901806440322,0.4024548389919358,0.0549803612880645,0.4024548389919358,0.0
n22,n22.npz,/home/vipuser/Meri-FID-Gate-Airfoil/data/airfoil/raw/uiuc/coord_seligFmt/coord_seligFmt/n22.dat,True,33,257,0.1236056563479101,0.297379342997505,0.0397498054803991,0.4024548389919358,0.004
n24,n24.npz,/home/vipuser/Meri-FID-Gate-Airfoil/data/airfoil/raw/uiuc/coord_seligFmt/coord_seligFmt/n24.dat,True,33,257,0.1700899324058952,0.297379342997505,0.0534288862380778,0.3964443119038907,0.0099999999999999
n2414,n2414.npz,/home/vipuser/Meri-FID-Gate-Airfoil/data/airfoil/raw/uiuc/coord_seligFmt/coord_seligFmt/n2414.dat,True,61,257,0.1400315469880176,0.297379342997505,0.0199958952656139,0.3964443119038907,0.00294
n2415,n2415.npz,/home/vipuser/Meri-FID-Gate-Airfoil/data/airfoil/raw/uiuc/coord_seligFmt/coord_seligFmt/n2415.dat,True,61,257,0.1500314276871907,0.297379342997505,0.0199951387799939,0.3964443119038907,0.00314
n2h15,n2h15.npz,/home/vipuser/Meri-FID-Gate-Airfoil/data/airfoil/raw/uiuc/coord_seligFmt/coord_seligFmt/n2h15.dat,True,35,257,0.1471901806440322,0.4024548389919358,0.0449496758006653,0.4024548389919358,0.0
n5h10,n5h10.npz,/home/vipuser/Meri-FID-Gate-Airfoil/data/airfoil/raw/uiuc/coord_seligFmt/coord_seligFmt/n5h10.dat,True,35,257,0.0989018064403225,0.4024548389919358,0.0224822215595194,0.3964443119038907,0.0
n5h20,n5h20.npz,/home/vipuser/Meri-FID-Gate-Airfoil/data/airfoil/raw/uiuc/coord_seligFmt/coord_seligFmt/n5h20.dat,True,35,257,0.1988281612705645,0.4024548389919358,0.0444519982107025,0.3964443119038907,0.0
n63010a,n63010a.npz,/home/vipuser/Meri-FID-Gate-Airfoil/data/airfoil/raw/uiuc/coord_seligFmt/coord_seligFmt/n63010a.dat,True,51,257,0.0998671024311646,0.3489970253403859,0.0,0.0,0.00042
n63012a,n63012a.npz,/home/vipuser/Meri-FID-Gate-Airfoil/data/airfoil/raw/uiuc/coord_seligFmt/coord_seligFmt/n63012a.dat,True,51,257,0.1198622881527985,0.3489970253403859,0.0,0.0,0.0005
n63015a,n63015a.npz,/home/vipuser/Meri-FID-Gate-Airfoil/data/airfoil/raw/uiuc/coord_seligFmt/coord_seligFmt/n63015a.dat,True,51,257,0.1498750667352492,0.3489970253403859,0.0,0.0,0.00064
n63210,n63210.npz,/home/vipuser/Meri-FID-Gate-Airfoil/data/airfoil/raw/uiuc/coord_seligFmt/coord_seligFmt/n63210.dat,True,51,257,0.0999865340751667,0.3489970253403859,0.0111652884748796,0.5915199439775705,0.0
n63212,n63212.npz,/home/vipuser/Meri-FID-Gate-Airfoil/data/airfoil/raw/uiuc/coord_seligFmt/coord_seligFmt/n63212.dat,True,51,257,0.1199852306137858,0.3489970253403859,0.0110299999999999,0.4999999999999999,0.0
n63215,n63215.npz,/home/vipuser/Meri-FID-Gate-Airfoil/data/airfoil/raw/uiuc/coord_seligFmt/coord_seligFmt/n63215.dat,True,51,257,0.1499850702700553,0.3489970253403859,0.0110299999999999,0.4999999999999999,0.0
n63412,n63412.npz,/home/vipuser/Meri-FID-Gate-Airfoil/data/airfoil/raw/uiuc/coord_seligFmt/coord_seligFmt/n63412.dat,True,51,257,0.1199993799093055,0.3489970253403859,0.0220149999999999,0.4999999999999999,0.0
n63415,n63415.npz,/home/vipuser/Meri-FID-Gate-Airfoil/data/airfoil/raw/uiuc/coord_seligFmt/coord_seligFmt/n63415.dat,True,51,257,0.1499945425426266,0.3489970253403859,0.0220599999999999,0.4999999999999999,0.0
n64008a,n64008a.npz,/home/vipuser/Meri-FID-Gate-Airfoil/data/airfoil/raw/uiuc/coord_seligFmt/coord_seligFmt/n64008a.dat,True,51,257,0.0799230208438004,0.3964443119038907,0.0,0.0,0.00036
n64012,n64012.npz,/home/vipuser/Meri-FID-Gate-Airfoil/data/airfoil/raw/uiuc/coord_seligFmt/coord_seligFmt/n64012.dat,True,51,257,0.1196157331742846,0.3964443119038907,0.0,0.0,0.0
n64012a,n64012a.npz,/home/vipuser/Meri-FID-Gate-Airfoil/data/airfoil/raw/uiuc/coord_seligFmt/coord_seligFmt/n64012a.dat,True,51,257,0.1198201762933235,0.3964443119038907,0.0,0.0,0.0005
n64015,n64015.npz,/home/vipuser/Meri-FID-Gate-Airfoil/data/airfoil/raw/uiuc/coord_seligFmt/coord_seligFmt/n64015.dat,True,51,257,0.149622512419058,0.3548576613727688,0.0,0.0,0.0
n64015a,n64015a.npz,/home/vipuser/Meri-FID-Gate-Airfoil/data/airfoil/raw/uiuc/coord_seligFmt/coord_seligFmt/n64015a.dat,True,51,257,0.1497058653942773,0.3964443119038907,0.0,0.0,0.00064
n6409,n6409.npz,/home/vipuser/Meri-FID-Gate-Airfoil/data/airfoil/raw/uiuc/coord_seligFmt/coord_seligFmt/n6409.dat,True,61,257,0.0903048345465167,0.2917852199511813,0.0599876713098256,0.3964443119038907,0.0
n64108,n64108.npz,/home/vipuser/Meri-FID-Gate-Airfoil/data/airfoil/raw/uiuc/coord_seligFmt/coord_seligFmt/n64108.dat,True,51,257,0.079822643256373,0.3964443119038907,0.00552,0.4999999999999999,0.0
n64110,n64110.npz,/home/vipuser/Meri-FID-Gate-Airfoil/data/airfoil/raw/uiuc/coord_seligFmt/coord_seligFmt/n64110.dat,True,51,257,0.0997500186061567,0.3964443119038907,0.00552,0.4999999999999999,0.0
n64212,n64212.npz,/home/vipuser/Meri-FID-Gate-Airfoil/data/airfoil/raw/uiuc/coord_seligFmt/coord_seligFmt/n64212.dat,True,51,257,0.1196223605931932,0.3964443119038907,0.0110299999999999,0.4999999999999999,0.0
n64212ma,n64212ma.npz,/home/vipuser/Meri-FID-Gate-Airfoil/data/airfoil/raw/uiuc/coord_seligFmt/coord_seligFmt/n64212ma.dat,True,57,257,0.1196267276001923,0.4084800560224295,0.0245268972829868,0.2171340946081933,0.0
n64212mb,n64212mb.npz,/home/vipuser/Meri-FID-Gate-Airfoil/data/airfoil/raw/uiuc/coord_seligFmt/coord_seligFmt/n64212mb.dat,True,51,257,0.1204553696689176,0.3489970253403859,0.0149881059185395,0.0983962342596775,0.0
n64215,n64215.npz,/home/vipuser/Meri-FID-Gate-Airfoil/data/airfoil/raw/uiuc/coord_seligFmt/coord_seligFmt/n64215.dat,True,51,257,0.1496342478549581,0.3548576613727688,0.0110299999999999,0.4999999999999999,0.0
n66021,n66021.npz,/home/vipuser/Meri-FID-Gate-Airfoil/data/airfoil/raw/uiuc/coord_seligFmt/coord_seligFmt/n66021.dat,True,51,257,0.2099738262523502,0.4509914298352196,0.0,0.0,0.0
n6h15,n6h15.npz,/home/vipuser/Meri-FID-Gate-Airfoil/data/airfoil/raw/uiuc/coord_seligFmt/coord_seligFmt/n6h15.dat,True,35,257,0.155608522558629,0.4024548389919358,0.0450768880273752,0.3964443119038907,0.0
n8h12,n8h12.npz,/home/vipuser/Meri-FID-Gate-Airfoil/data/airfoil/raw/uiuc/coord_seligFmt/coord_seligFmt/n8h12.dat,True,36,257,0.1196527441276932,0.297379342997505,0.0353447025471258,0.297379342997505,0.0
n9,n9.npz,/home/vipuser/Meri-FID-Gate-Airfoil/data/airfoil/raw/uiuc/coord_seligFmt/coord_seligFmt/n9.dat,True,33,257,0.08454758685995,0.297379342997505,0.0271230616109556,0.4024548389919358,0.0028
naca0006,naca0006.npz,/home/vipuser/Meri-FID-Gate-Airfoil/data/airfoil/raw/uiuc/coord_seligFmt/coord_seligFmt/naca0006.dat,True,35,257,0.05998855211597,0.297379342997505,0.0,0.0,0.00126
naca0008,naca0008.npz,/home/vipuser/Meri-FID-Gate-Airfoil/data/airfoil/raw/uiuc/coord_seligFmt/coord_seligFmt/naca0008.dat,True,35,257,0.07997806948796,0.297379342997505,0.0,0.0,0.00168
naca000834,naca000834.npz,/home/vipuser/Meri-FID-Gate-Airfoil/data/airfoil/raw/uiuc/coord_seligFmt/coord_seligFmt/naca000834.dat,True,33,257,0.079943047735387,0.4024548389919358,0.0,0.0,0.0016
naca0010,naca0010.npz,/home/vipuser/Meri-FID-Gate-Airfoil/data/airfoil/raw/uiuc/coord_seligFmt/coord_seligFmt/naca0010.dat,True,35,257,0.0999875868599501,0.297379342997505,0.0,0.0,0.0021
naca001034,naca001034.npz,/home/vipuser/Meri-FID-Gate-Airfoil/data/airfoil/raw/uiuc/coord_seligFmt/coord_seligFmt/naca001034.dat,True,33,257,0.0999293006370322,0.4024548389919358,0.0,0.0,0.002
naca001034a08cli0.2,naca001034a08cli0.2.npz,/home/vipuser/Meri-FID-Gate-Airfoil/data/airfoil/raw/uiuc/coord_seligFmt/coord_seligFmt/naca001034a08cli0.2.dat,True,35,257,0.0999338425212819,0.4024548389919358,0.013298064697213,0.4999999999999999,0.002
naca001035,naca001035.npz,/home/vipuser/Meri-FID-Gate-Airfoil/data/airfoil/raw/uiuc/coord_seligFmt/coord_seligFmt/naca001035.dat,True,33,257,0.1,0.4999999999999999,0.0,0.0,0.002
naca001064,naca001064.npz,/home/vipuser/Meri-FID-Gate-Airfoil/data/airfoil/raw/uiuc/coord_seligFmt/coord_seligFmt/naca001064.dat,True,33,257,0.0999293006370322,0.4024548389919358,0.0,0.0,0.002
naca001065,naca001065.npz,/home/vipuser/Meri-FID-Gate-Airfoil/data/airfoil/raw/uiuc/coord_seligFmt/coord_seligFmt/naca001065.dat,True,33,257,0.1,0.4999999999999999,0.0,0.0,0.002
naca001066,naca001066.npz,/home/vipuser/Meri-FID-Gate-Airfoil/data/airfoil/raw/uiuc/coord_seligFmt/coord_seligFmt/naca001066.dat,True,33,257,0.0999783974168709,0.5975451610080641,0.0,0.0,0.002
naca001234,naca001234.npz,/home/vipuser/Meri-FID-Gate-Airfoil/data/airfoil/raw/uiuc/coord_seligFmt/coord_seligFmt/naca001234.dat,True,33,257,0.119915062570879,0.4024548389919358,0.0,0.0,0.0024
naca001264a08cli0.2,naca001264a08cli0.2.npz,/home/vipuser/Meri-FID-Gate-Airfoil/data/airfoil/raw/uiuc/coord_seligFmt/coord_seligFmt/naca001264a08cli0.2.dat,True,33,257,0.1096007522456035,0.4024548389919358,0.018303034423149,0.3030039799694759,0.0021999999999999
naca0015,naca0015.npz,/home/vipuser/Meri-FID-Gate-Airfoil/data/airfoil/raw/uiuc/coord_seligFmt/coord_seligFmt/naca0015.dat,True,35,257,0.1499613802899251,0.297379342997505,0.0,0.0,0.00316
naca0018,naca0018.npz,/home/vipuser/Meri-FID-Gate-Airfoil/data/airfoil/raw/uiuc/coord_seligFmt/coord_seligFmt/naca0018.dat,True,35,257,0.1799646080851092,0.297379342997505,0.0,0.0,0.00378
naca1408,naca1408.npz,/home/vipuser/Meri-FID-Gate-Airfoil/data/airfoil/raw/uiuc/coord_seligFmt/coord_seligFmt/naca1408.dat,True,35,257,0.0799931787484515,0.297379342997505,0.0099935388379285,0.4024548389919358,0.00168
naca1412,naca1412.npz,/home/vipuser/Meri-FID-Gate-Airfoil/data/airfoil/raw/uiuc/coord_seligFmt/coord_seligFmt/naca1412.dat,True,35,257,0.1199991679214843,0.297379342997505,0.0099937342408103,0.4024548389919358,0.00252
naca16006,naca16006.npz,/home/vipuser/Meri-FID-Gate-Airfoil/data/airfoil/raw/uiuc/coord_seligFmt/coord_seligFmt/naca16006.dat,True,33,257,0.06,0.4999999999999999,0.0,0.0,0.0012
naca16012,naca16012.npz,/home/vipuser/Meri-FID-Gate-Airfoil/data/airfoil/raw/uiuc/coord_seligFmt/coord_seligFmt/naca16012.dat,True,33,257,0.12,0.4999999999999999,0.0,0.0,0.0024
naca16018,naca16018.npz,/home/vipuser/Meri-FID-Gate-Airfoil/data/airfoil/raw/uiuc/coord_seligFmt/coord_seligFmt/naca16018.dat,True,33,257,0.18,0.4999999999999999,0.0,0.0,0.0036
naca16021,naca16021.npz,/home/vipuser/Meri-FID-Gate-Airfoil/data/airfoil/raw/uiuc/coord_seligFmt/coord_seligFmt/naca16021.dat,True,33,257,0.21,0.4999999999999999,0.0,0.0,0.0042
naca23012,naca23012.npz,/home/vipuser/Meri-FID-Gate-Airfoil/data/airfoil/raw/uiuc/coord_seligFmt/coord_seligFmt/naca23012.dat,True,61,257,0.1200288860365955,0.297379342997505,0.0181174288800851,0.1295244373225204,0.0025198488068037
naca23015,naca23015.npz,/home/vipuser/Meri-FID-Gate-Airfoil/data/airfoil/raw/uiuc/coord_seligFmt/coord_seligFmt/naca23015.dat,True,35,257,0.1500213802899251,0.297379342997505,0.0183861981199762,0.1508118752955135,0.0032
naca23018,naca23018.npz,/home/vipuser/Meri-FID-Gate-Airfoil/data/airfoil/raw/uiuc/coord_seligFmt/coord_seligFmt/naca23018.dat,True,35,257,0.1801004150339052,0.297379342997505,0.0183853862446807,0.1508118752955135,0.0038
naca23021,naca23021.npz,/home/vipuser/Meri-FID-Gate-Airfoil/data/airfoil/raw/uiuc/coord_seligFmt/coord_seligFmt/naca23021.dat,True,35,257,0.2099951737199002,0.297379342997505,0.0185437553569133,0.1020815476955582,0.0044
naca23024,naca23024.npz,/home/vipuser/Meri-FID-Gate-Airfoil/data/airfoil/raw/uiuc/coord_seligFmt/coord_seligFmt/naca23024.dat,True,35,257,0.2399878955353089,0.297379342997505,0.0190688965367259,0.0947714008737026,0.0
naca2408,naca2408.npz,/home/vipuser/Meri-FID-Gate-Airfoil/data/airfoil/raw/uiuc/coord_seligFmt/coord_seligFmt/naca2408.dat,True,35,257,0.0800197833839655,0.297379342997505,0.01998657820915,0.4024548389919358,0.00168
naca2410,naca2410.npz,/home/vipuser/Meri-FID-Gate-Airfoil/data/airfoil/raw/uiuc/coord_seligFmt/coord_seligFmt/naca2410.dat,True,35,257,0.1000262264544574,0.297379342997505,0.0199867638040641,0.4024548389919358,0.0021
naca2411,naca2411.npz,/home/vipuser/Meri-FID-Gate-Airfoil/data/airfoil/raw/uiuc/coord_seligFmt/coord_seligFmt/naca2411.dat,True,61,257,0.1100298084311755,0.297379342997505,0.0249959066430184,0.3964443119038907,0.0
naca2412,naca2412.npz,/home/vipuser/Meri-FID-Gate-Airfoil/data/airfoil/raw/uiuc/coord_seligFmt/coord_seligFmt/naca2412.dat,True,35,257,0.1199423455459451,0.297379342997505,0.0199877258050403,0.4024548389919358,0.0026
naca2415,naca2415.npz,/home/vipuser/Meri-FID-Gate-Airfoil/data/airfoil/raw/uiuc/coord_seligFmt/coord_seligFmt/naca2415.dat,True,35,257,0.1499318629179351,0.297379342997505,0.0199877258050403,0.4024548389919358,0.0032
naca2418,naca2418.npz,/home/vipuser/Meri-FID-Gate-Airfoil/data/airfoil/raw/uiuc/coord_seligFmt/coord_seligFmt/naca2418.dat,True,35,257,0.1799108976619151,0.297379342997505,0.0199877258050403,0.4024548389919358,0.0038
naca2421,naca2421.npz,/home/vipuser/Meri-FID-Gate-Airfoil/data/airfoil/raw/uiuc/coord_seligFmt/coord_seligFmt/naca2421.dat,True,35,257,0.2099056563479101,0.297379342997505,0.0199889532245362,0.4024548389919358,0.0044
naca2424,naca2424.npz,/home/vipuser/Meri-FID-Gate-Airfoil/data/airfoil/raw/uiuc/coord_seligFmt/coord_seligFmt/naca2424.dat,True,35,257,0.2400060185662488,0.297379342997505,0.0199892002486784,0.4024548389919358,0.0
naca4412,naca4412.npz,/home/vipuser/Meri-FID-Gate-Airfoil/data/airfoil/raw/uiuc/coord_seligFmt/coord_seligFmt/naca4412.dat,True,35,257,0.1201423455459451,0.297379342997505,0.0399742241905846,0.4024548389919358,0.0026
naca4415,naca4415.npz,/home/vipuser/Meri-FID-Gate-Airfoil/data/airfoil/raw/uiuc/coord_seligFmt/coord_seligFmt/naca4415.dat,True,97,257,0.1499399953927985,0.3086582838174551,0.0396468366334323,0.4024548389919358,0.0
naca4418,naca4418.npz,/home/vipuser/Meri-FID-Gate-Airfoil/data/airfoil/raw/uiuc/coord_seligFmt/coord_seligFmt/naca4418.dat,True,35,257,0.1801318629179351,0.297379342997505,0.0399791338685685,0.4024548389919358,0.0038
naca4421,naca4421.npz,/home/vipuser/Meri-FID-Gate-Airfoil/data/airfoil/raw/uiuc/coord_seligFmt/coord_seligFmt/naca4421.dat,True,35,257,0.2101794497778852,0.297379342997505,0.0399803612880645,0.4024548389919358,0.0044
naca4424,naca4424.npz,/home/vipuser/Meri-FID-Gate-Airfoil/data/airfoil/raw/uiuc/coord_seligFmt/coord_seligFmt/naca4424.dat,True,35,257,0.2400920726335302,0.2917852199511813,0.0399783781116661,0.4024548389919358,0.0
naca63206,naca63206.npz,/home/vipuser/Meri-FID-Gate-Airfoil/data/airfoil/raw/uiuc/coord_seligFmt/coord_seligFmt/naca63206.dat,True,51,257,0.0599885407184501,0.3489970253403859,0.01103,0.4999999999999999,0.0
naca63209,naca63209.npz,/home/vipuser/Meri-FID-Gate-Airfoil/data/airfoil/raw/uiuc/coord_seligFmt/coord_seligFmt/naca63209.dat,True,51,257,0.0899869806498175,0.3489970253403859,0.0110299999999999,0.4999999999999999,0.0
naca632615,naca632615.npz,/home/vipuser/Meri-FID-Gate-Airfoil/data/airfoil/raw/uiuc/coord_seligFmt/coord_seligFmt/naca632615.dat,True,51,257,0.1500028783269537,0.3489970253403859,0.0330899999999999,0.4999999999999999,0.0
naca632a015,naca632a015.npz,/home/vipuser/Meri-FID-Gate-Airfoil/data/airfoil/raw/uiuc/coord_seligFmt/coord_seligFmt/naca632a015.dat,True,97,257,0.1498523541033777,0.3666436212625508,0.0169449848431235,0.1464466094067262,0.0
naca633018,naca633018.npz,/home/vipuser/Meri-FID-Gate-Airfoil/data/airfoil/raw/uiuc/coord_seligFmt/coord_seligFmt/naca633018.dat,True,97,257,0.1800742732879041,0.3373448539188685,0.0,0.0,0.0
naca633218,naca633218.npz,/home/vipuser/Meri-FID-Gate-Airfoil/data/airfoil/raw/uiuc/coord_seligFmt/coord_seligFmt/naca633218.dat,True,51,257,0.1799852927609103,0.3489970253403859,0.0113446235595089,0.2482308081371412,0.0
naca633418,naca633418.npz,/home/vipuser/Meri-FID-Gate-Airfoil/data/airfoil/raw/uiuc/coord_seligFmt/coord_seligFmt/naca633418.dat,True,97,257,0.1799117453374388,0.3373448539188685,0.022045,0.4999999999999999,0.0
naca633618,naca633618.npz,/home/vipuser/Meri-FID-Gate-Airfoil/data/airfoil/raw/uiuc/coord_seligFmt/coord_seligFmt/naca633618.dat,True,51,257,0.1799729602815652,0.3489970253403859,0.0330899999999999,0.4999999999999999,0.0
naca634221,naca634221.npz,/home/vipuser/Meri-FID-Gate-Airfoil/data/airfoil/raw/uiuc/coord_seligFmt/coord_seligFmt/naca634221.dat,True,51,257,0.2099668527567326,0.3489970253403859,0.0110299999999999,0.4999999999999999,0.0
naca634421,naca634421.npz,/home/vipuser/Meri-FID-Gate-Airfoil/data/airfoil/raw/uiuc/coord_seligFmt/coord_seligFmt/naca634421.dat,True,51,257,0.2099496221112374,0.3489970253403859,0.0220599999999999,0.4999999999999999,0.0
naca6412,naca6412.npz,/home/vipuser/Meri-FID-Gate-Airfoil/data/airfoil/raw/uiuc/coord_seligFmt/coord_seligFmt/naca6412.dat,True,62,257,0.1203933477201357,0.2917852199511813,0.0594777597872449,0.3964443119038907,0.0012393802324225
naca64206,naca64206.npz,/home/vipuser/Meri-FID-Gate-Airfoil/data/airfoil/raw/uiuc/coord_seligFmt/coord_seligFmt/naca64206.dat,True,51,257,0.0598833185785056,0.3964443119038907,0.01103,0.4999999999999999,0.0
naca64208,naca64208.npz,/home/vipuser/Meri-FID-Gate-Airfoil/data/airfoil/raw/uiuc/coord_seligFmt/coord_seligFmt/naca64208.dat,True,51,257,0.0798259224260762,0.3964443119038907,0.01103,0.4999999999999999,0.0
naca64210,naca64210.npz,/home/vipuser/Meri-FID-Gate-Airfoil/data/airfoil/raw/uiuc/coord_seligFmt/coord_seligFmt/naca64210.dat,True,51,257,0.0997540645130464,0.3964443119038907,0.01103,0.4999999999999999,0.0
naca642215,naca642215.npz,/home/vipuser/Meri-FID-Gate-Airfoil/data/airfoil/raw/uiuc/coord_seligFmt/coord_seligFmt/naca642215.dat,True,51,257,0.1496342478549581,0.3548576613727688,0.0110299999999999,0.4999999999999999,0.0
naca642415,naca642415.npz,/home/vipuser/Meri-FID-Gate-Airfoil/data/airfoil/raw/uiuc/coord_seligFmt/coord_seligFmt/naca642415.dat,True,51,257,0.1496491602521018,0.3548576613727688,0.02206,0.4999999999999999,0.0
naca643218,naca643218.npz,/home/vipuser/Meri-FID-Gate-Airfoil/data/airfoil/raw/uiuc/coord_seligFmt/coord_seligFmt/naca643218.dat,True,51,257,0.1795415469029835,0.3548576613727688,0.0110299999999999,0.4999999999999999,0.0
naca643418,naca643418.npz,/home/vipuser/Meri-FID-Gate-Airfoil/data/airfoil/raw/uiuc/coord_seligFmt/coord_seligFmt/naca643418.dat,True,50,257,0.1795457897631236,0.3548576613727688,0.0220599999999999,0.4999999999999999,0.0
naca643618,naca643618.npz,/home/vipuser/Meri-FID-Gate-Airfoil/data/airfoil/raw/uiuc/coord_seligFmt/coord_seligFmt/naca643618.dat,True,51,257,0.17957791982312,0.3548576613727688,0.0330899999999999,0.4999999999999999,0.0
naca644221,naca644221.npz,/home/vipuser/Meri-FID-Gate-Airfoil/data/airfoil/raw/uiuc/coord_seligFmt/coord_seligFmt/naca644221.dat,True,51,257,0.2095368873470507,0.3489970253403859,0.0110299999999999,0.4999999999999999,0.0
naca644421,naca644421.npz,/home/vipuser/Meri-FID-Gate-Airfoil/data/airfoil/raw/uiuc/coord_seligFmt/coord_seligFmt/naca644421.dat,True,51,257,0.2095506627563709,0.3548576613727688,0.0220599999999999,0.4999999999999999,0.0
naca64a010,naca64a010.npz,/home/vipuser/Meri-FID-Gate-Airfoil/data/airfoil/raw/uiuc/coord_seligFmt/coord_seligFmt/naca64a010.dat,True,111,257,0.0998691718859904,0.3964443119038907,0.0,0.0,0.0
naca64a410,naca64a410.npz,/home/vipuser/Meri-FID-Gate-Airfoil/data/airfoil/raw/uiuc/coord_seligFmt/coord_seligFmt/naca64a410.dat,True,51,257,0.0998809180373315,0.3964443119038907,0.0265939969778569,0.4999999999999999,0.00042
naca651212,naca651212.npz,/home/vipuser/Meri-FID-Gate-Airfoil/data/airfoil/raw/uiuc/coord_seligFmt/coord_seligFmt/naca651212.dat,True,51,257,0.1198965460822748,0.4024548389919358,0.0110299999999999,0.4999999999999999,0.0
naca651212a06,naca651212a06.npz,/home/vipuser/Meri-FID-Gate-Airfoil/data/airfoil/raw/uiuc/coord_seligFmt/coord_seligFmt/naca651212a06.dat,True,51,257,0.1198980479057259,0.4024548389919358,0.0147486336180184,0.4999999999999999,0.0
naca651412,naca651412.npz,/home/vipuser/Meri-FID-Gate-Airfoil/data/airfoil/raw/uiuc/coord_seligFmt/coord_seligFmt/naca651412.dat,True,51,257,0.1199073967862878,0.4024548389919358,0.02206,0.4999999999999999,0.0
naca65206,naca65206.npz,/home/vipuser/Meri-FID-Gate-Airfoil/data/airfoil/raw/uiuc/coord_seligFmt/coord_seligFmt/naca65206.dat,True,51,257,0.0599470545564873,0.4024548389919358,0.01103,0.4999999999999999,0.0
naca65209,naca65209.npz,/home/vipuser/Meri-FID-Gate-Airfoil/data/airfoil/raw/uiuc/coord_seligFmt/coord_seligFmt/naca65209.dat,True,51,257,0.0898962102214161,0.4024548389919358,0.01103,0.4999999999999999,0.0
naca65210,naca65210.npz,/home/vipuser/Meri-FID-Gate-Airfoil/data/airfoil/raw/uiuc/coord_seligFmt/coord_seligFmt/naca65210.dat,True,51,257,0.0998906059284573,0.4024548389919358,0.01103,0.4999999999999999,0.0
naca652215,naca652215.npz,/home/vipuser/Meri-FID-Gate-Airfoil/data/airfoil/raw/uiuc/coord_seligFmt/coord_seligFmt/naca652215.dat,True,51,257,0.1498948413859938,0.4024548389919358,0.01103,0.4999999999999999,0.0
naca652415,naca652415.npz,/home/vipuser/Meri-FID-Gate-Airfoil/data/airfoil/raw/uiuc/coord_seligFmt/coord_seligFmt/naca652415.dat,True,51,257,0.1498896837475141,0.4024548389919358,0.022045,0.4999999999999999,0.0
naca652415a05,naca652415a05.npz,/home/vipuser/Meri-FID-Gate-Airfoil/data/airfoil/raw/uiuc/coord_seligFmt/coord_seligFmt/naca652415a05.dat,True,51,257,0.1498983263654464,0.4024548389919358,0.0299601340960813,0.4509914298352196,0.0
naca653218,naca653218.npz,/home/vipuser/Meri-FID-Gate-Airfoil/data/airfoil/raw/uiuc/coord_seligFmt/coord_seligFmt/naca653218.dat,True,51,257,0.1798893300646725,0.4024548389919358,0.01103,0.4999999999999999,0.0
naca653618,naca653618.npz,/home/vipuser/Meri-FID-Gate-Airfoil/data/airfoil/raw/uiuc/coord_seligFmt/coord_seligFmt/naca653618.dat,True,51,257,0.1798957630428113,0.4024548389919358,0.0330899999999999,0.4999999999999999,0.0
naca654221,naca654221.npz,/home/vipuser/Meri-FID-Gate-Airfoil/data/airfoil/raw/uiuc/coord_seligFmt/coord_seligFmt/naca654221.dat,True,51,257,0.2098560127570738,0.4024548389919358,0.0110299999999999,0.4999999999999999,0.0
naca654421,naca654421.npz,/home/vipuser/Meri-FID-Gate-Airfoil/data/airfoil/raw/uiuc/coord_seligFmt/coord_seligFmt/naca654421.dat,True,51,257,0.2098566180430265,0.4024548389919358,0.0220599999999999,0.4999999999999999,0.0
naca654421a05,naca654421a05.npz,/home/vipuser/Meri-FID-Gate-Airfoil/data/airfoil/raw/uiuc/coord_seligFmt/coord_seligFmt/naca654421a05.dat,True,51,257,0.2098427308748381,0.4024548389919358,0.0299734907282572,0.4509914298352196,0.0
naca66-018,naca66-018.npz,/home/vipuser/Meri-FID-Gate-Airfoil/data/airfoil/raw/uiuc/coord_seligFmt/coord_seligFmt/naca66-018.dat,True,59,257,0.1799377919716911,0.4509914298352196,0.0002061054446682,0.9256775965526326,0.0
naca661212,naca661212.npz,/home/vipuser/Meri-FID-Gate-Airfoil/data/airfoil/raw/uiuc/coord_seligFmt/coord_seligFmt/naca661212.dat,True,51,257,0.1199867258428413,0.4509914298352196,0.01103,0.4999999999999999,0.0
naca66206,naca66206.npz,/home/vipuser/Meri-FID-Gate-Airfoil/data/airfoil/raw/uiuc/coord_seligFmt/coord_seligFmt/naca66206.dat,True,51,257,0.0599943662533027,0.4509914298352196,0.01103,0.4999999999999999,0.0
naca66209,naca66209.npz,/home/vipuser/Meri-FID-Gate-Airfoil/data/airfoil/raw/uiuc/coord_seligFmt/coord_seligFmt/naca66209.dat,True,51,257,0.0899709250824232,0.4509914298352196,0.01103,0.4999999999999999,0.0
naca66210,naca66210.npz,/home/vipuser/Meri-FID-Gate-Airfoil/data/airfoil/raw/uiuc/coord_seligFmt/coord_seligFmt/naca66210.dat,True,51,257,0.0999890070883025,0.4509914298352196,0.01103,0.4999999999999999,0.0
naca662215,naca662215.npz,/home/vipuser/Meri-FID-Gate-Airfoil/data/airfoil/raw/uiuc/coord_seligFmt/coord_seligFmt/naca662215.dat,True,51,257,0.1498829273772505,0.4509914298352196,0.0110299999999999,0.4999999999999999,0.0
naca662415,naca662415.npz,/home/vipuser/Meri-FID-Gate-Airfoil/data/airfoil/raw/uiuc/coord_seligFmt/coord_seligFmt/naca662415.dat,True,51,257,0.1498852469338744,0.4509914298352196,0.02206,0.4999999999999999,0.0
naca663218,naca663218.npz,/home/vipuser/Meri-FID-Gate-Airfoil/data/airfoil/raw/uiuc/coord_seligFmt/coord_seligFmt/naca663218.dat,True,51,257,0.1799387385323175,0.4509914298352196,0.0110299999999999,0.4999999999999999,0.0
naca663418,naca663418.npz,/home/vipuser/Meri-FID-Gate-Airfoil/data/airfoil/raw/uiuc/coord_seligFmt/coord_seligFmt/naca663418.dat,True,51,257,0.1799415107893124,0.4509914298352196,0.0220599999999999,0.4999999999999999,0.0
naca671215,naca671215.npz,/home/vipuser/Meri-FID-Gate-Airfoil/data/airfoil/raw/uiuc/coord_seligFmt/coord_seligFmt/naca671215.dat,True,51,257,0.14994,0.4999999999999999,0.0110299999999999,0.4999999999999999,0.0
naca747a415,naca747a415.npz,/home/vipuser/Meri-FID-Gate-Airfoil/data/airfoil/raw/uiuc/coord_seligFmt/coord_seligFmt/naca747a415.dat,True,51,257,0.1498102073046992,0.3964443119038907,0.0304299946500669,0.3489970253403859,0.0
nacacyh,nacacyh.npz,/home/vipuser/Meri-FID-Gate-Airfoil/data/airfoil/raw/uiuc/coord_seligFmt/coord_seligFmt/nacacyh.dat,True,33,257,0.1169098806009157,0.3030039799694759,0.0281982221559519,0.3964443119038907,0.002
nacam12,nacam12.npz,/home/vipuser/Meri-FID-Gate-Airfoil/data/airfoil/raw/uiuc/coord_seligFmt/coord_seligFmt/nacam12.dat,True,33,257,0.1192669562203357,0.3030039799694759,0.0198394860701068,0.3030039799694759,0.004
nacam18,nacam18.npz,/home/vipuser/Meri-FID-Gate-Airfoil/data/airfoil/raw/uiuc/coord_seligFmt/coord_seligFmt/nacam18.dat,True,33,257,0.1195669562203357,0.3030039799694759,0.0407625371164822,0.3030039799694759,0.0043999999999999
nacam2,nacam2.npz,/home/vipuser/Meri-FID-Gate-Airfoil/data/airfoil/raw/uiuc/coord_seligFmt/coord_seligFmt/nacam2.dat,True,33,257,0.0805819761201831,0.3030039799694759,0.0,0.0,0.004
nacam3,nacam3.npz,/home/vipuser/Meri-FID-Gate-Airfoil/data/airfoil/raw/uiuc/coord_seligFmt/coord_seligFmt/nacam3.dat,True,33,257,0.1189639522403662,0.3030039799694759,0.0,0.0,0.004
nacam6,nacam6.npz,/home/vipuser/Meri-FID-Gate-Airfoil/data/airfoil/raw/uiuc/coord_seligFmt/coord_seligFmt/nacam6.dat,True,35,257,0.1200819761201831,0.3030039799694759,0.021342745167174,0.297379342997505,0.0
nl722343,nl722343.npz,/home/vipuser/Meri-FID-Gate-Airfoil/data/airfoil/raw/uiuc/coord_seligFmt/coord_seligFmt/nl722343.dat,True,136,257,0.0861134627817009,0.378509910048368,0.0134697955949889,0.7410918860395613,0.0
nl722362,nl722362.npz,/home/vipuser/Meri-FID-Gate-Airfoil/data/airfoil/raw/uiuc/coord_seligFmt/coord_seligFmt/nl722362.dat,True,132,257,0.0861383095044246,0.378509910048368,0.0125164114862376,0.2171340946081933,0.0
nlf0115,nlf0115.npz,/home/vipuser/Meri-FID-Gate-Airfoil/data/airfoil/raw/uiuc/coord_seligFmt/coord_seligFmt/nlf0115.dat,True,61,257,0.1496073680040139,0.4387946624003919,0.0183031524173269,0.297379342997505,0.0
nlf0215f,nlf0215f.npz,/home/vipuser/Meri-FID-Gate-Airfoil/data/airfoil/raw/uiuc/coord_seligFmt/coord_seligFmt/nlf0215f.dat,True,61,257,0.1497249101188625,0.378509910048368,0.0396235102275729,0.4205709283330693,0.0
nlf1015,nlf1015.npz,/home/vipuser/Meri-FID-Gate-Airfoil/data/airfoil/raw/uiuc/coord_seligFmt/coord_seligFmt/nlf1015.dat,True,61,257,0.1499178740960453,0.4024548389919358,0.0468121279581583,0.5854809443801506,0.0
nlf414f,nlf414f.npz,/home/vipuser/Meri-FID-Gate-Airfoil/data/airfoil/raw/uiuc/coord_seligFmt/coord_seligFmt/nlf414f.dat,True,82,257,0.1416843568775546,0.4632177182001663,0.0241258528880771,0.5367822817998337,0.0003917956902474
nlf415,nlf415.npz,/home/vipuser/Meri-FID-Gate-Airfoil/data/airfoil/raw/uiuc/coord_seligFmt/coord_seligFmt/nlf415.dat,True,131,257,0.1501424783042354,0.4632177182001663,0.0295651334164198,0.7137775467151409,0.0
nlf416,nlf416.npz,/home/vipuser/Meri-FID-Gate-Airfoil/data/airfoil/raw/uiuc/coord_seligFmt/coord_seligFmt/nlf416.dat,True,61,257,0.1595234129858986,0.3200524817325059,0.0219230452073173,0.3489970253403859,0.0
nlr1t,nlr1t.npz,/home/vipuser/Meri-FID-Gate-Airfoil/data/airfoil/raw/uiuc/coord_seligFmt/coord_seligFmt/nlr1t.dat,True,65,257,0.0870057825406835,0.3844709458596643,0.0126190967547139,0.2222148834901988,0.00208
npl9510,npl9510.npz,/home/vipuser/Meri-FID-Gate-Airfoil/data/airfoil/raw/uiuc/coord_seligFmt/coord_seligFmt/npl9510.dat,True,101,257,0.1107589747093881,0.3200524817325059,0.0162438527062797,0.7978496522462166,0.00488
npl9615,npl9615.npz,/home/vipuser/Meri-FID-Gate-Airfoil/data/airfoil/raw/uiuc/coord_seligFmt/coord_seligFmt/npl9615.dat,True,105,257,0.1129917356622107,0.3431591298005542,0.010113767179414,0.2021503477537832,0.0002599997400002
npl9626,npl9626.npz,/home/vipuser/Meri-FID-Gate-Airfoil/data/airfoil/raw/uiuc/coord_seligFmt/coord_seligFmt/npl9626.dat,True,83,257,0.1206366675966795,0.3086582838174551,0.0072621264863329,0.3086582838174551,0.0025198
npl9627,npl9627.npz,/home/vipuser/Meri-FID-Gate-Airfoil/data/airfoil/raw/uiuc/coord_seligFmt/coord_seligFmt/npl9627.dat,True,83,257,0.121573146875426,0.3086582838174551,0.0090407163077995,0.4024548389919358,0.0025196
npl9660,npl9660.npz,/home/vipuser/Meri-FID-Gate-Airfoil/data/airfoil/raw/uiuc/coord_seligFmt/coord_seligFmt/npl9660.dat,True,113,257,0.1129918515991524,0.3431591298005542,0.0101137774126967,0.2021503477537832,0.0025998
nplx,nplx.npz,/home/vipuser/Meri-FID-Gate-Airfoil/data/airfoil/raw/uiuc/coord_seligFmt/coord_seligFmt/nplx.dat,True,67,257,0.1066305726190902,0.3607401553074735,0.0107554807805049,0.7410918860395613,0.0
oa212,oa212.npz,/home/vipuser/Meri-FID-Gate-Airfoil/data/airfoil/raw/uiuc/coord_seligFmt/coord_seligFmt/oa212.dat,True,113,257,0.1200923119373904,0.3143414030240812,0.0229131302747601,0.3143414030240812,0.0066999999999999
oa213,oa213.npz,/home/vipuser/Meri-FID-Gate-Airfoil/data/airfoil/raw/uiuc/coord_seligFmt/coord_seligFmt/oa213.dat,True,113,257,0.1256660250351053,0.3257906598752828,0.0331811569439148,0.2535509038851079,0.004216
oaf095,oaf095.npz,/home/vipuser/Meri-FID-Gate-Airfoil/data/airfoil/raw/uiuc/coord_seligFmt/coord_seligFmt/oaf095.dat,True,101,257,0.0947668621204871,0.2325011900564513,0.039176596173796,0.5306603681511043,0.005153
oaf102,oaf102.npz,/home/vipuser/Meri-FID-Gate-Airfoil/data/airfoil/raw/uiuc/coord_seligFmt/coord_seligFmt/oaf102.dat,True,101,257,0.1017017673845714,0.2862224532848589,0.0363226204252994,0.5306603681511043,0.0100179999999999
oaf117,oaf117.npz,/home/vipuser/Meri-FID-Gate-Airfoil/data/airfoil/raw/uiuc/coord_seligFmt/coord_seligFmt/oaf117.dat,True,101,257,0.1146681757111808,0.2325011900564513,0.0202793472246686,0.4632177182001663,0.009973
oaf139,oaf139.npz,/home/vipuser/Meri-FID-Gate-Airfoil/data/airfoil/raw/uiuc/coord_seligFmt/coord_seligFmt/oaf139.dat,True,101,257,0.1367078302653344,0.2325011900564513,0.0130409948096395,0.4693396318488956,0.009757
p51droot,p51droot.npz,/home/vipuser/Meri-FID-Gate-Airfoil/data/airfoil/raw/uiuc/coord_seligFmt/coord_seligFmt/p51droot.dat,True,41,257,0.165040658170807,0.3844709458596643,0.0126250385217811,0.6856585969759188,0.0
p51dtip,p51dtip.npz,/home/vipuser/Meri-FID-Gate-Airfoil/data/airfoil/raw/uiuc/coord_seligFmt/coord_seligFmt/p51dtip.dat,True,41,257,0.1141686461471946,0.4632177182001663,0.0130002696667613,0.4632177182001663,0.0
p51hroot,p51hroot.npz,/home/vipuser/Meri-FID-Gate-Airfoil/data/airfoil/raw/uiuc/coord_seligFmt/coord_seligFmt/p51hroot.dat,True,97,257,0.1549759558894806,0.4509914298352196,0.0132979244180331,0.4754661628362909,0.0
p51htip,p51htip.npz,/home/vipuser/Meri-FID-Gate-Airfoil/data/airfoil/raw/uiuc/coord_seligFmt/coord_seligFmt/p51htip.dat,True,97,257,0.119979981689847,0.4509914298352196,0.0132979229345096,0.4754661628362909,0.0
pfcm,pfcm.npz,/home/vipuser/Meri-FID-Gate-Airfoil/data/airfoil/raw/uiuc/coord_seligFmt/coord_seligFmt/pfcm.dat,True,51,257,0.081897998807135,0.3964443119038907,0.0132974999999999,0.4999999999999999,0.00261
prandtl-d-centerline,prandtl-d-centerline.npz,/home/vipuser/Meri-FID-Gate-Airfoil/data/airfoil/raw/uiuc/coord_seligFmt/coord_seligFmt/prandtl-d-centerline.dat,True,79,257,0.1204789109655289,0.3086582838174551,0.0346118680377109,0.3725671701977426,0.0
prandtl-d-wingtip,prandtl-d-wingtip.npz,/home/vipuser/Meri-FID-Gate-Airfoil/data/airfoil/raw/uiuc/coord_seligFmt/coord_seligFmt/prandtl-d-wingtip.dat,True,119,257,0.0963179941547379,0.26973064452088,0.0006716898480915,0.9595569258450288,0.0
psu-90-125wl,psu-90-125wl.npz,/home/vipuser/Meri-FID-Gate-Airfoil/data/airfoil/raw/uiuc/coord_seligFmt/coord_seligFmt/psu-90-125wl.dat,True,61,257,0.1253438542599199,0.3431591298005542,0.0239912035050937,0.49386423085714,0.0
psu94097,psu94097.npz,/home/vipuser/Meri-FID-Gate-Airfoil/data/airfoil/raw/uiuc/coord_seligFmt/coord_seligFmt/psu94097.dat,True,65,257,0.0969944276489341,0.3257906598752828,0.0404700144405484,0.4632177182001663,0.003280065601312
r1046,r1046.npz,/home/vipuser/Meri-FID-Gate-Airfoil/data/airfoil/raw/uiuc/coord_seligFmt/coord_seligFmt/r1046.dat,True,119,257,0.1809548161267007,0.378509910048368,0.066585120751295,0.4205709283330693,0.0
r1080,r1080.npz,/home/vipuser/Meri-FID-Gate-Airfoil/data/airfoil/raw/uiuc/coord_seligFmt/coord_seligFmt/r1080.dat,True,119,257,0.1799489088300665,0.4024548389919358,0.0330048731484949,0.4024548389919358,0.0
r1082t,r1082t.npz,/home/vipuser/Meri-FID-Gate-Airfoil/data/airfoil/raw/uiuc/coord_seligFmt/coord_seligFmt/r1082t.dat,True,119,257,0.1599245060840914,0.3964443119038907,0.0299603406487393,0.3964443119038907,0.0
r1145ms,r1145ms.npz,/home/vipuser/Meri-FID-Gate-Airfoil/data/airfoil/raw/uiuc/coord_seligFmt/coord_seligFmt/r1145ms.dat,True,175,257,0.1879506004177359,0.3489970253403859,0.0435949593595069,0.49386423085714,0.0030884
r1145msf,r1145msf.npz,/home/vipuser/Meri-FID-Gate-Airfoil/data/airfoil/raw/uiuc/coord_seligFmt/coord_seligFmt/r1145msf.dat,True,95,257,0.2947646617904547,0.2021503477537832,0.0478158669147908,0.3257906598752828,0.0086795402125706
r1145msm,r1145msm.npz,/home/vipuser/Meri-FID-Gate-Airfoil/data/airfoil/raw/uiuc/coord_seligFmt/coord_seligFmt/r1145msm.dat,True,147,257,0.2610883726317271,0.4877293857385438,0.0403035071096795,0.8027555207021627,0.0064030379839682
r140,r140.npz,/home/vipuser/Meri-FID-Gate-Airfoil/data/airfoil/raw/uiuc/coord_seligFmt/coord_seligFmt/r140.dat,True,93,257,0.1199805275514458,0.3904493799215651,0.0046394363679327,0.4205709283330693,0.0
r140sm,r140sm.npz,/home/vipuser/Meri-FID-Gate-Airfoil/data/airfoil/raw/uiuc/coord_seligFmt/coord_seligFmt/r140sm.dat,True,93,257,0.1203835671689858,0.3904493799215651,0.0043733163767123,0.3904493799215651,0.0
rae100,rae100.npz,/home/vipuser/Meri-FID-Gate-Airfoil/data/airfoil/raw/uiuc/coord_seligFmt/coord_seligFmt/rae100.dat,True,171,257,0.0999551396736826,0.2643016315870011,0.0,0.0,0.0
rae101,rae101.npz,/home/vipuser/Meri-FID-Gate-Airfoil/data/airfoil/raw/uiuc/coord_seligFmt/coord_seligFmt/rae101.dat,True,171,257,0.0999340948260396,0.3030039799694759,0.0,0.0,0.0
rae102,rae102.npz,/home/vipuser/Meri-FID-Gate-Airfoil/data/airfoil/raw/uiuc/coord_seligFmt/coord_seligFmt/rae102.dat,True,171,257,0.0999888576613727,0.3548576613727688,0.0,0.0,0.0
rae103,rae103.npz,/home/vipuser/Meri-FID-Gate-Airfoil/data/airfoil/raw/uiuc/coord_seligFmt/coord_seligFmt/rae103.dat,True,171,257,0.0999689332935711,0.3964443119038907,0.0,0.0,0.0
rae2822,rae2822.npz,/home/vipuser/Meri-FID-Gate-Airfoil/data/airfoil/raw/uiuc/coord_seligFmt/coord_seligFmt/rae2822.dat,True,129,257,0.1211069985776293,0.378509910048368,0.0126419988604159,0.7570513720966108,0.0
rae5212,rae5212.npz,/home/vipuser/Meri-FID-Gate-Airfoil/data/airfoil/raw/uiuc/coord_seligFmt/coord_seligFmt/rae5212.dat,True,83,257,0.1194599311572936,0.3548576613727688,0.0183299814299454,0.6913417161825448,0.0
rae5213,rae5213.npz,/home/vipuser/Meri-FID-Gate-Airfoil/data/airfoil/raw/uiuc/coord_seligFmt/coord_seligFmt/rae5213.dat,True,83,257,0.0994999929132508,0.3548576613727688,0.0144399864593351,0.6913417161825448,0.0
rae5214,rae5214.npz,/home/vipuser/Meri-FID-Gate-Airfoil/data/airfoil/raw/uiuc/coord_seligFmt/coord_seligFmt/rae5214.dat,True,83,257,0.096669995950429,0.3548576613727688,0.0143599895543442,0.6913417161825448,0.0
rae5215,rae5215.npz,/home/vipuser/Meri-FID-Gate-Airfoil/data/airfoil/raw/uiuc/coord_seligFmt/coord_seligFmt/rae5215.dat,True,83,257,0.0965199797521451,0.3548576613727688,0.0149664414542258,0.6913417161825448,0.0038
rae69ck,rae69ck.npz,/home/vipuser/Meri-FID-Gate-Airfoil/data/airfoil/raw/uiuc/coord_seligFmt/coord_seligFmt/rae69ck.dat,True,129,257,0.1211069985776293,0.378509910048368,0.0126419988604159,0.7570513720966108,0.0
raf15,raf15.npz,/home/vipuser/Meri-FID-Gate-Airfoil/data/airfoil/raw/uiuc/coord_seligFmt/coord_seligFmt/raf15.dat,True,31,257,0.0648902574964538,0.1508118752955135,0.0260320629862838,0.3030039799694759,0.0
raf19,raf19.npz,/home/vipuser/Meri-FID-Gate-Airfoil/data/airfoil/raw/uiuc/coord_seligFmt/coord_seligFmt/raf19.dat,True,33,257,0.1049289321881345,0.1464466094067262,0.1013608874309427,0.3964443119038907,0.0
raf26,raf26.npz,/home/vipuser/Meri-FID-Gate-Airfoil/data/airfoil/raw/uiuc/coord_seligFmt/coord_seligFmt/raf26.dat,True,33,257,0.0661191574239456,0.297379342997505,0.0213599725948409,0.4999999999999999,0.0
raf27,raf27.npz,/home/vipuser/Meri-FID-Gate-Airfoil/data/airfoil/raw/uiuc/coord_seligFmt/coord_seligFmt/raf27.dat,True,33,257,0.0975399204006104,0.3030039799694759,0.0,0.0,0.0
raf28,raf28.npz,/home/vipuser/Meri-FID-Gate-Airfoil/data/airfoil/raw/uiuc/coord_seligFmt/coord_seligFmt/raf28.dat,True,33,257,0.0981279044807325,0.3030039799694759,0.0192864983855443,0.4024548389919358,0.0
raf30md,raf30md.npz,/home/vipuser/Meri-FID-Gate-Airfoil/data/airfoil/raw/uiuc/coord_seligFmt/coord_seligFmt/raf30md.dat,True,29,257,0.0759519363204883,0.3030039799694759,0.0,0.0,0.0
raf32,raf32.npz,/home/vipuser/Meri-FID-Gate-Airfoil/data/airfoil/raw/uiuc/coord_seligFmt/coord_seligFmt/raf32.dat,True,25,257,0.1267158885608546,0.3030039799694759,0.0501,0.4999999999999999,0.0
raf32md,raf32md.npz,/home/vipuser/Meri-FID-Gate-Airfoil/data/airfoil/raw/uiuc/coord_seligFmt/coord_seligFmt/raf32md.dat,True,29,257,0.1015339124406715,0.3030039799694759,0.03955,0.4999999999999999,0.0
raf33,raf33.npz,/home/vipuser/Meri-FID-Gate-Airfoil/data/airfoil/raw/uiuc/coord_seligFmt/coord_seligFmt/raf33.dat,True,33,257,0.1263482404006105,0.3030039799694759,0.0468224628086226,0.3030039799694759,0.0
raf34,raf34.npz,/home/vipuser/Meri-FID-Gate-Airfoil/data/airfoil/raw/uiuc/coord_seligFmt/coord_seligFmt/raf34.dat,True,33,257,0.1263279044807325,0.3030039799694759,0.0199639522403662,0.3030039799694759,0.0
raf38,raf38.npz,/home/vipuser/Meri-FID-Gate-Airfoil/data/airfoil/raw/uiuc/coord_seligFmt/coord_seligFmt/raf38.dat,True,25,257,0.1264098806009157,0.3030039799694759,0.0251254516100806,0.4024548389919358,0.0
raf48,raf48.npz,/home/vipuser/Meri-FID-Gate-Airfoil/data/airfoil/raw/uiuc/coord_seligFmt/coord_seligFmt/raf48.dat,True,33,257,0.1494708288613125,0.3030039799694759,0.0293446664678558,0.3964443119038907,0.0
raf6,raf6.npz,/home/vipuser/Meri-FID-Gate-Airfoil/data/airfoil/raw/uiuc/coord_seligFmt/coord_seligFmt/raf6.dat,True,25,257,0.0997745081602442,0.3030039799694759,0.0458780324080122,0.3030039799694759,0.003
raf6prop_sm,raf6prop_sm.npz,/home/vipuser/Meri-FID-Gate-Airfoil/data/airfoil/raw/uiuc/coord_seligFmt/coord_seligFmt/raf6prop_sm.dat,True,75,257,0.1200087253508946,0.3548576613727688,0.0482021008629086,0.3548576613727688,0.0163367436205747
raf89,raf89.npz,/home/vipuser/Meri-FID-Gate-Airfoil/data/airfoil/raw/uiuc/coord_seligFmt/coord_seligFmt/raf89.dat,True,25,257,0.2497897214021366,0.3030039799694759,0.0163999999999999,0.4999999999999999,0.0
rc0864c,rc0864c.npz,/home/vipuser/Meri-FID-Gate-Airfoil/data/airfoil/raw/uiuc/coord_seligFmt/coord_seligFmt/rc0864c.dat,True,69,257,0.0799642802610086,0.4024548389919358,0.0099984872177079,0.3489970253403859,0.0016
rc08b3,rc08b3.npz,/home/vipuser/Meri-FID-Gate-Airfoil/data/airfoil/raw/uiuc/coord_seligFmt/coord_seligFmt/rc08b3.dat,True,65,257,0.0799997377543914,0.378509910048368,0.0108464471419473,0.3431591298005542,0.0018
rc1064c,rc1064c.npz,/home/vipuser/Meri-FID-Gate-Airfoil/data/airfoil/raw/uiuc/coord_seligFmt/coord_seligFmt/rc1064c.dat,True,65,257,0.0999540112808776,0.4024548389919358,0.0099969165473565,0.3489970253403859,0.002
rc10b3,rc10b3.npz,/home/vipuser/Meri-FID-Gate-Airfoil/data/airfoil/raw/uiuc/coord_seligFmt/coord_seligFmt/rc10b3.dat,True,65,257,0.0997271988418793,0.378509910048368,0.0168148859985225,0.3030039799694759,0.002
rc1264c,rc1264c.npz,/home/vipuser/Meri-FID-Gate-Airfoil/data/airfoil/raw/uiuc/coord_seligFmt/coord_seligFmt/rc1264c.dat,True,53,257,0.1199463158285657,0.4024548389919358,0.0099974298773086,0.3489970253403859,0.0024
rc12b3,rc12b3.npz,/home/vipuser/Meri-FID-Gate-Airfoil/data/airfoil/raw/uiuc/coord_seligFmt/coord_seligFmt/rc12b3.dat,True,65,257,0.1199465350715577,0.3844709458596643,0.0222053762975484,0.3431591298005542,0.0025
rc12n1,rc12n1.npz,/home/vipuser/Meri-FID-Gate-Airfoil/data/airfoil/raw/uiuc/coord_seligFmt/coord_seligFmt/rc12n1.dat,True,83,257,0.1201980362459535,0.378509910048368,0.0137836898111228,0.297379342997505,0.0018999
rc410,rc410.npz,/home/vipuser/Meri-FID-Gate-Airfoil/data/airfoil/raw/uiuc/coord_seligFmt/coord_seligFmt/rc410.dat,True,83,257,0.0998001552809581,0.378509910048368,0.0212930750680565,0.3030039799694759,0.001582
rc510,rc510.npz,/home/vipuser/Meri-FID-Gate-Airfoil/data/airfoil/raw/uiuc/coord_seligFmt/coord_seligFmt/rc510.dat,True,83,257,0.0996111686204183,0.378509910048368,0.022058381190715,0.3030039799694759,0.001583
rcsc2,rcsc2.npz,/home/vipuser/Meri-FID-Gate-Airfoil/data/airfoil/raw/uiuc/coord_seligFmt/coord_seligFmt/rcsc2.dat,True,72,257,0.0996928886238077,0.3964443119038907,0.0052911955287076,0.6274328298022572,0.0021
rg12a,rg12a.npz,/home/vipuser/Meri-FID-Gate-Airfoil/data/airfoil/raw/uiuc/coord_seligFmt/coord_seligFmt/rg12a.dat,True,63,257,0.0898782664099455,0.3431591298005542,0.0179952427882936,0.3431591298005542,0.0
rg12a189,rg12a189.npz,/home/vipuser/Meri-FID-Gate-Airfoil/data/airfoil/raw/uiuc/coord_seligFmt/coord_seligFmt/rg12a189.dat,True,63,257,0.0898782664099455,0.3431591298005542,0.0179952427882936,0.3431591298005542,0.0
rg14,rg14.npz,/home/vipuser/Meri-FID-Gate-Airfoil/data/airfoil/raw/uiuc/coord_seligFmt/coord_seligFmt/rg14.dat,True,62,257,0.0846680025810721,0.297379342997505,0.0158222968007065,0.3904493799215651,0.0
rg1410,rg1410.npz,/home/vipuser/Meri-FID-Gate-Airfoil/data/airfoil/raw/uiuc/coord_seligFmt/coord_seligFmt/rg1410.dat,True,59,257,0.0999770064047052,0.3086582838174551,0.0158284332734391,0.3607401553074735,0.0
rg149,rg149.npz,/home/vipuser/Meri-FID-Gate-Airfoil/data/airfoil/raw/uiuc/coord_seligFmt/coord_seligFmt/rg149.dat,True,59,257,0.0899792226548541,0.3086582838174551,0.0158284332734391,0.3607401553074735,0.0
rg1495,rg1495.npz,/home/vipuser/Meri-FID-Gate-Airfoil/data/airfoil/raw/uiuc/coord_seligFmt/coord_seligFmt/rg1495.dat,True,59,257,0.0949781145297797,0.3086582838174551,0.0158284332734391,0.3607401553074735,0.0
rg14a147,rg14a147.npz,/home/vipuser/Meri-FID-Gate-Airfoil/data/airfoil/raw/uiuc/coord_seligFmt/coord_seligFmt/rg14a147.dat,True,63,257,0.0699713362053315,0.297379342997505,0.0139832276025748,0.3431591298005542,0.0
rg15,rg15.npz,/home/vipuser/Meri-FID-Gate-Airfoil/data/airfoil/raw/uiuc/coord_seligFmt/coord_seligFmt/rg15.dat,True,62,257,0.0892325338593306,0.3030039799694759,0.0176070861248741,0.3964443119038907,0.0
rg15a111,rg15a111.npz,/home/vipuser/Meri-FID-Gate-Airfoil/data/airfoil/raw/uiuc/coord_seligFmt/coord_seligFmt/rg15a111.dat,True,63,257,0.1099544396186612,0.3030039799694759,0.0179633465963132,0.3964443119038907,0.0
rg15a213,rg15a213.npz,/home/vipuser/Meri-FID-Gate-Airfoil/data/airfoil/raw/uiuc/coord_seligFmt/coord_seligFmt/rg15a213.dat,True,63,257,0.1299447726038084,0.3030039799694759,0.0249930413513245,0.3964443119038907,0.0
rhodesg30,rhodesg30.npz,/home/vipuser/Meri-FID-Gate-Airfoil/data/airfoil/raw/uiuc/coord_seligFmt/coord_seligFmt/rhodesg30.dat,True,33,257,0.097363310801965,0.297379342997505,0.0320325330549981,0.3964443119038907,0.0
rhodesg32,rhodesg32.npz,/home/vipuser/Meri-FID-Gate-Airfoil/data/airfoil/raw/uiuc/coord_seligFmt/coord_seligFmt/rhodesg32.dat,True,33,257,0.11896855211597,0.297379342997505,0.0392600440733308,0.3964443119038907,0.0
rhodesg34,rhodesg34.npz,/home/vipuser/Meri-FID-Gate-Airfoil/data/airfoil/raw/uiuc/coord_seligFmt/coord_seligFmt/rhodesg34.dat,True,33,257,0.1406449662029475,0.297379342997505,0.0463203996421405,0.3964443119038907,0.0
rhodesg36,rhodesg36.npz,/home/vipuser/Meri-FID-Gate-Airfoil/data/airfoil/raw/uiuc/coord_seligFmt/coord_seligFmt/rhodesg36.dat,True,33,257,0.1622371042319401,0.297379342997505,0.0534875550916636,0.3964443119038907,0.0
s1010,s1010.npz,/home/vipuser/Meri-FID-Gate-Airfoil/data/airfoil/raw/uiuc/coord_seligFmt/coord_seligFmt/s1010.dat,True,61,257,0.0602136015980663,0.2325011900564513,0.0,0.0,0.0
s1012,s1012.npz,/home/vipuser/Meri-FID-Gate-Airfoil/data/airfoil/raw/uiuc/coord_seligFmt/coord_seligFmt/s1012.dat,True,61,257,0.1202062967453715,0.3725671701977426,0.0,0.0,0.0
s1014,s1014.npz,/home/vipuser/Meri-FID-Gate-Airfoil/data/airfoil/raw/uiuc/coord_seligFmt/coord_seligFmt/s1014.dat,True,61,257,0.1650405213112806,0.4205709283330693,0.0,0.0,0.0
s1016,s1016.npz,/home/vipuser/Meri-FID-Gate-Airfoil/data/airfoil/raw/uiuc/coord_seligFmt/coord_seligFmt/s1016.dat,True,61,257,0.1748303802200846,0.4145190556198493,0.0,0.0,0.0
s1020,s1020.npz,/home/vipuser/Meri-FID-Gate-Airfoil/data/airfoil/raw/uiuc/coord_seligFmt/coord_seligFmt/s1020.dat,True,61,257,0.1509394290910619,0.3373448539188685,0.0499604156942351,0.524533837163709,0.0
s102b,s102b.npz,/home/vipuser/Meri-FID-Gate-Airfoil/data/airfoil/raw/uiuc/coord_seligFmt/coord_seligFmt/s102b.dat,True,65,257,0.1498158809081291,0.4024548389919358,0.01987304930338,0.6856585969759188,0.0020000200002
s1046,s1046.npz,/home/vipuser/Meri-FID-Gate-Airfoil/data/airfoil/raw/uiuc/coord_seligFmt/coord_seligFmt/s1046.dat,True,61,257,0.1698930577565866,0.3030039799694759,0.0,0.0,0.0
s1048,s1048.npz,/home/vipuser/Meri-FID-Gate-Airfoil/data/airfoil/raw/uiuc/coord_seligFmt/coord_seligFmt/s1048.dat,True,61,257,0.1396900335435135,0.26973064452088,0.0,0.0,0.0
s1091,s1091.npz,/home/vipuser/Meri-FID-Gate-Airfoil/data/airfoil/raw/uiuc/coord_seligFmt/coord_seligFmt/s1091.dat,True,81,257,0.0505887086087388,0.1336728641637936,0.0600465826130579,0.4509914298352196,0.0
s1221,s1221.npz,/home/vipuser/Meri-FID-Gate-Airfoil/data/airfoil/raw/uiuc/coord_seligFmt/coord_seligFmt/s1221.dat,True,72,257,0.121203903425381,0.2171340946081933,0.0503317678302123,0.4509914298352196,-1.335125329425535e-07
s1223,s1223.npz,/home/vipuser/Meri-FID-Gate-Airfoil/data/airfoil/raw/uiuc/coord_seligFmt/coord_seligFmt/s1223.dat,True,81,257,0.1213597858881765,0.1972444792978372,0.0858019470753398,0.49386423085714,0.0
s1223rtl,s1223rtl.npz,/home/vipuser/Meri-FID-Gate-Airfoil/data/airfoil/raw/uiuc/coord_seligFmt/coord_seligFmt/s1223rtl.dat,True,100,257,0.1350701239377734,0.1972444792978372,0.0843033442474215,0.5306603681511043,0.0
s2027,s2027.npz,/home/vipuser/Meri-FID-Gate-Airfoil/data/airfoil/raw/uiuc/coord_seligFmt/coord_seligFmt/s2027.dat,True,62,257,0.1450155841165738,0.297379342997505,0.0274414063290659,0.378509910048368,0.0
s2046,s2046.npz,/home/vipuser/Meri-FID-Gate-Airfoil/data/airfoil/raw/uiuc/coord_seligFmt/coord_seligFmt/s2046.dat,True,62,257,0.0901612209918018,0.2862224532848589,0.0258853117522582,0.5551111036469415,0.0
s2048,s2048.npz,/home/vipuser/Meri-FID-Gate-Airfoil/data/airfoil/raw/uiuc/coord_seligFmt/coord_seligFmt/s2048.dat,True,61,257,0.0862667070899112,0.3489970253403859,0.0194888824160288,0.5490085701647803,2.799999999979034e-09
s2050,s2050.npz,/home/vipuser/Meri-FID-Gate-Airfoil/data/airfoil/raw/uiuc/coord_seligFmt/coord_seligFmt/s2050.dat,True,61,257,0.0893101970745011,0.297379342997505,0.0137314670375162,0.3904493799215651,0.0
s2055,s2055.npz,/home/vipuser/Meri-FID-Gate-Airfoil/data/airfoil/raw/uiuc/coord_seligFmt/coord_seligFmt/s2055.dat,True,61,257,0.0798715740262431,0.3489970253403859,0.0171603075331492,0.3964443119038907,1.0102222366796532e-08
s2060,s2060.npz,/home/vipuser/Meri-FID-Gate-Airfoil/data/airfoil/raw/uiuc/coord_seligFmt/coord_seligFmt/s2060.dat,True,61,257,0.0799863682139144,0.3030039799694759,0.0189138851737174,0.4448888963530584,0.0
s2062,s2062.npz,/home/vipuser/Meri-FID-Gate-Airfoil/data/airfoil/raw/uiuc/coord_seligFmt/coord_seligFmt/s2062.dat,True,61,257,0.0798457376955278,0.3030039799694759,0.0181233759913283,0.4448888963530584,0.0
s2091,s2091.npz,/home/vipuser/Meri-FID-Gate-Airfoil/data/airfoil/raw/uiuc/coord_seligFmt/coord_seligFmt/s2091.dat,True,61,257,0.101122021384772,0.2589081139604385,0.0410138923447354,0.3964443119038907,3.123559843415391e-08
s3002,s3002.npz,/home/vipuser/Meri-FID-Gate-Airfoil/data/airfoil/raw/uiuc/coord_seligFmt/coord_seligFmt/s3002.dat,True,61,257,0.099466915272027,0.3030039799694759,0.0277734744401538,0.4024548389919358,0.0
s3010,s3010.npz,/home/vipuser/Meri-FID-Gate-Airfoil/data/airfoil/raw/uiuc/coord_seligFmt/coord_seligFmt/s3010.dat,True,61,257,0.1031699273471964,0.2535509038851079,0.0276397636561356,0.3844709458596643,0.0
s3014,s3014.npz,/home/vipuser/Meri-FID-Gate-Airfoil/data/airfoil/raw/uiuc/coord_seligFmt/coord_seligFmt/s3014.dat,True,61,257,0.0945528477284024,0.2917852199511813,0.0256755292615103,0.3844709458596643,2.999940000902098e-10
s3016,s3016.npz,/home/vipuser/Meri-FID-Gate-Airfoil/data/airfoil/raw/uiuc/coord_seligFmt/coord_seligFmt/s3016.dat,True,61,257,0.095145270774434,0.2917852199511813,0.021471812370224,0.3844709458596643,0.0
s3021,s3021.npz,/home/vipuser/Meri-FID-Gate-Airfoil/data/airfoil/raw/uiuc/coord_seligFmt/coord_seligFmt/s3021.dat,True,61,257,0.0946723349915603,0.297379342997505,0.0289633450169495,0.3904493799215651,-9.90138614566198e-09
s3024,s3024.npz,/home/vipuser/Meri-FID-Gate-Airfoil/data/airfoil/raw/uiuc/coord_seligFmt/coord_seligFmt/s3024.dat,True,61,257,0.0984933395255859,0.3086582838174551,0.0339765378646958,0.4448888963530584,-2.2113708374009444e-08
s3025,s3025.npz,/home/vipuser/Meri-FID-Gate-Airfoil/data/airfoil/raw/uiuc/coord_seligFmt/coord_seligFmt/s3025.dat,True,61,257,0.0938802407707803,0.3086582838174551,0.0342668548409382,0.4024548389919358,-2.8229350892017974e-08
s4022,s4022.npz,/home/vipuser/Meri-FID-Gate-Airfoil/data/airfoil/raw/uiuc/coord_seligFmt/coord_seligFmt/s4022.dat,True,62,257,0.1126075992627387,0.3431591298005542,0.0434052580350475,0.5733652372276808,0.0
s4053,s4053.npz,/home/vipuser/Meri-FID-Gate-Airfoil/data/airfoil/raw/uiuc/coord_seligFmt/coord_seligFmt/s4053.dat,True,62,257,0.0891979875626886,0.3086582838174551,0.0299541673216073,0.4448888963530584,0.0
s4062,s4062.npz,/home/vipuser/Meri-FID-Gate-Airfoil/data/airfoil/raw/uiuc/coord_seligFmt/coord_seligFmt/s4062.dat,True,61,257,0.0954998377022661,0.3143414030240812,0.0427915459202128,0.45710134382778,0.0
s4083,s4083.npz,/home/vipuser/Meri-FID-Gate-Airfoil/data/airfoil/raw/uiuc/coord_seligFmt/coord_seligFmt/s4083.dat,True,81,257,0.0799918448195016,0.2273375057889767,0.0344280085789887,0.3548576613727688,0.0
s4094,s4094.npz,/home/vipuser/Meri-FID-Gate-Airfoil/data/airfoil/raw/uiuc/coord_seligFmt/coord_seligFmt/s4094.dat,True,61,257,0.0989623336639274,0.2917852199511813,0.0206852212328807,0.2917852199511813,0.0247741047450586
s4095,s4095.npz,/home/vipuser/Meri-FID-Gate-Airfoil/data/airfoil/raw/uiuc/coord_seligFmt/coord_seligFmt/s4095.dat,True,61,257,0.0969052216140794,0.2917852199511813,0.0193652193720694,1.0,0.0387304387441388
s4096,s4096.npz,/home/vipuser/Meri-FID-Gate-Airfoil/data/airfoil/raw/uiuc/coord_seligFmt/coord_seligFmt/s4096.dat,True,61,257,0.1245509402425276,0.3431591298005542,0.0310497809610364,1.0,0.0620995619220729
s4110,s4110.npz,/home/vipuser/Meri-FID-Gate-Airfoil/data/airfoil/raw/uiuc/coord_seligFmt/coord_seligFmt/s4110.dat,True,62,257,0.0837541573820942,0.26973064452088,0.0312358847696189,0.45710134382778,0.0
s4158,s4158.npz,/home/vipuser/Meri-FID-Gate-Airfoil/data/airfoil/raw/uiuc/coord_seligFmt/coord_seligFmt/s4158.dat,True,62,257,0.1085631647044903,0.3548576613727688,0.0370543757379188,0.4509914298352196,0.0
s4180,s4180.npz,/home/vipuser/Meri-FID-Gate-Airfoil/data/airfoil/raw/uiuc/coord_seligFmt/coord_seligFmt/s4180.dat,True,61,257,0.0978340957607533,0.2589081139604385,0.0449205162760303,0.3489970253403859,2.0006001350339475e-08
s4233,s4233.npz,/home/vipuser/Meri-FID-Gate-Airfoil/data/airfoil/raw/uiuc/coord_seligFmt/coord_seligFmt/s4233.dat,True,61,257,0.1364253322477324,0.3373448539188685,0.0315891626063711,0.4387946624003919,-1.8305857405875176e-08
s4310,s4310.npz,/home/vipuser/Meri-FID-Gate-Airfoil/data/airfoil/raw/uiuc/coord_seligFmt/coord_seligFmt/s4310.dat,True,62,257,0.1085569848958726,0.3086582838174551,0.0416118511410492,0.3964443119038907,0.0
s4320,s4320.npz,/home/vipuser/Meri-FID-Gate-Airfoil/data/airfoil/raw/uiuc/coord_seligFmt/coord_seligFmt/s4320.dat,True,62,257,0.0941117154864935,0.26973064452088,0.0447889187871596,0.4024548389919358,0.0
s5010,s5010.npz,/home/vipuser/Meri-FID-Gate-Airfoil/data/airfoil/raw/uiuc/coord_seligFmt/coord_seligFmt/s5010.dat,True,61,257,0.098262339704937,0.2751943351726967,0.0230179823285451,0.2751943351726967,0.0
s5020,s5020.npz,/home/vipuser/Meri-FID-Gate-Airfoil/data/airfoil/raw/uiuc/coord_seligFmt/coord_seligFmt/s5020.dat,True,61,257,0.0839945815808125,0.2751943351726967,0.0265274232742735,0.2806918807307361,0.0
s6061,s6061.npz,/home/vipuser/Meri-FID-Gate-Airfoil/data/airfoil/raw/uiuc/coord_seligFmt/coord_seligFmt/s6061.dat,True,61,257,0.0900166919129928,0.3143414030240812,0.0185533003839774,0.3844709458596643,0.0
s6062,s6062.npz,/home/vipuser/Meri-FID-Gate-Airfoil/data/airfoil/raw/uiuc/coord_seligFmt/coord_seligFmt/s6062.dat,True,61,257,0.0794348865023746,0.297379342997505,0.0169938796765192,0.3904493799215651,0.0
s6063,s6063.npz,/home/vipuser/Meri-FID-Gate-Airfoil/data/airfoil/raw/uiuc/coord_seligFmt/coord_seligFmt/s6063.dat,True,61,257,0.0696776889796122,0.2917852199511813,0.0153443804620762,0.3904493799215651,0.0
s7012,s7012.npz,/home/vipuser/Meri-FID-Gate-Airfoil/data/airfoil/raw/uiuc/coord_seligFmt/coord_seligFmt/s7012.dat,True,81,257,0.0874920686676038,0.2806918807307361,0.0196375820140506,0.378509910048368,0.0
s7055,s7055.npz,/home/vipuser/Meri-FID-Gate-Airfoil/data/airfoil/raw/uiuc/coord_seligFmt/coord_seligFmt/s7055.dat,True,81,257,0.1049762822798894,0.3143414030240812,0.0360275585909964,0.3844709458596643,0.0
s7075,s7075.npz,/home/vipuser/Meri-FID-Gate-Airfoil/data/airfoil/raw/uiuc/coord_seligFmt/coord_seligFmt/s7075.dat,True,81,257,0.0899918959682888,0.2917852199511813,0.0309547787119329,0.4632177182001663,0.0
s8021,s8021.npz,/home/vipuser/Meri-FID-Gate-Airfoil/data/airfoil/raw/uiuc/coord_seligFmt/coord_seligFmt/s8021.dat,True,61,257,0.0759601715122579,0.2751943351726967,0.0,0.0,0.0005700005673789
s8023,s8023.npz,/home/vipuser/Meri-FID-Gate-Airfoil/data/airfoil/raw/uiuc/coord_seligFmt/coord_seligFmt/s8023.dat,True,61,257,0.0759130570362076,0.1780842285551042,0.0,0.0,0.0005700004593274
s8025,s8025.npz,/home/vipuser/Meri-FID-Gate-Airfoil/data/airfoil/raw/uiuc/coord_seligFmt/coord_seligFmt/s8025.dat,True,121,257,0.0798316335658916,0.2273375057889767,0.0058237316310163,0.1687921112049141,0.0
s8035,s8035.npz,/home/vipuser/Meri-FID-Gate-Airfoil/data/airfoil/raw/uiuc/coord_seligFmt/coord_seligFmt/s8035.dat,True,121,257,0.1400300702948355,0.2917852199511813,0.0,0.0,0.0
s8037,s8037.npz,/home/vipuser/Meri-FID-Gate-Airfoil/data/airfoil/raw/uiuc/coord_seligFmt/coord_seligFmt/s8037.dat,True,81,257,0.1600223199701929,0.3431591298005542,0.0242874789130202,0.3666436212625508,0.0
s8038,s8038.npz,/home/vipuser/Meri-FID-Gate-Airfoil/data/airfoil/raw/uiuc/coord_seligFmt/coord_seligFmt/s8038.dat,True,81,257,0.1299873560112482,0.3257906598752828,0.0100369228461716,0.2917852199511813,0.0
s8052,s8052.npz,/home/vipuser/Meri-FID-Gate-Airfoil/data/airfoil/raw/uiuc/coord_seligFmt/coord_seligFmt/s8052.dat,True,81,257,0.1188845918590259,0.3373448539188685,0.0159738440605394,0.3666436212625508,0.0
s8055,s8055.npz,/home/vipuser/Meri-FID-Gate-Airfoil/data/airfoil/raw/uiuc/coord_seligFmt/coord_seligFmt/s8055.dat,True,81,257,0.1199876484337123,0.3431591298005542,0.0199818229277094,0.4084800560224295,0.0
s8064,s8064.npz,/home/vipuser/Meri-FID-Gate-Airfoil/data/airfoil/raw/uiuc/coord_seligFmt/coord_seligFmt/s8064.dat,True,81,257,0.1233456556101439,0.3904493799215651,0.0127158339230279,0.524533837163709,0.0
s8065,s8065.npz,/home/vipuser/Meri-FID-Gate-Airfoil/data/airfoil/raw/uiuc/coord_seligFmt/coord_seligFmt/s8065.dat,True,81,257,0.1099827918729398,0.378509910048368,0.0126116782462633,0.524533837163709,3.8578697958741336e-17
s8066,s8066.npz,/home/vipuser/Meri-FID-Gate-Airfoil/data/airfoil/raw/uiuc/coord_seligFmt/coord_seligFmt/s8066.dat,True,81,257,0.0999764294586093,0.3725671701977426,0.0103470931637601,0.4877293857385438,-4.001601253676689e-18
s9000,s9000.npz,/home/vipuser/Meri-FID-Gate-Airfoil/data/airfoil/raw/uiuc/coord_seligFmt/coord_seligFmt/s9000.dat,True,121,257,0.0900709011527619,0.2806918807307361,0.0228962248181502,0.4205709283330693,0.0
s9026,s9026.npz,/home/vipuser/Meri-FID-Gate-Airfoil/data/airfoil/raw/uiuc/coord_seligFmt/coord_seligFmt/s9026.dat,True,121,257,0.0949919767575235,0.26973064452088,0.0,0.0,0.0
s9032,s9032.npz,/home/vipuser/Meri-FID-Gate-Airfoil/data/airfoil/raw/uiuc/coord_seligFmt/coord_seligFmt/s9032.dat,True,121,257,0.0899795951242719,0.2482308081371412,0.0,0.0,0.0
s9033,s9033.npz,/home/vipuser/Meri-FID-Gate-Airfoil/data/airfoil/raw/uiuc/coord_seligFmt/coord_seligFmt/s9033.dat,True,121,257,0.074976790285656,0.2273375057889767,0.0,0.0,0.0
s9037,s9037.npz,/home/vipuser/Meri-FID-Gate-Airfoil/data/airfoil/raw/uiuc/coord_seligFmt/coord_seligFmt/s9037.dat,True,121,257,0.0899908129172925,0.2862224532848589,0.0350669730477458,0.4024548389919358,0.0
s9104,s9104.npz,/home/vipuser/Meri-FID-Gate-Airfoil/data/airfoil/raw/uiuc/coord_seligFmt/coord_seligFmt/s9104.dat,True,81,257,0.1213883242399339,0.1552297276314665,0.1469357192233371,0.49386423085714,0.0041000606293947
s9104BTE,s9104BTE.npz,/home/vipuser/Meri-FID-Gate-Airfoil/data/airfoil/raw/uiuc/coord_seligFmt/coord_seligFmt/s9104BTE.dat,True,73,257,0.1213883242399339,0.1552297276314665,0.1401145506555399,0.4815963885293205,0.0320504188780599
sa7024,sa7024.npz,/home/vipuser/Meri-FID-Gate-Airfoil/data/airfoil/raw/uiuc/coord_seligFmt/coord_seligFmt/sa7024.dat,True,81,257,0.0700651810693377,0.2589081139604385,0.0325764621257569,0.4327096457464369,0.0
sa7025,sa7025.npz,/home/vipuser/Meri-FID-Gate-Airfoil/data/airfoil/raw/uiuc/coord_seligFmt/coord_seligFmt/sa7025.dat,True,81,257,0.080037818434055,0.2917852199511813,0.035966135087274,0.4327096457464369,1.9e-17
sa7026,sa7026.npz,/home/vipuser/Meri-FID-Gate-Airfoil/data/airfoil/raw/uiuc/coord_seligFmt/coord_seligFmt/sa7026.dat,True,81,257,0.0899818700960992,0.3200524817325059,0.0383935289393169,0.4693396318488956,0.0
sa7036,sa7036.npz,/home/vipuser/Meri-FID-Gate-Airfoil/data/airfoil/raw/uiuc/coord_seligFmt/coord_seligFmt/sa7036.dat,True,81,257,0.0920240326645434,0.2806918807307361,0.028773357764546,0.4205709283330693,0.0
sa7038,sa7038.npz,/home/vipuser/Meri-FID-Gate-Airfoil/data/airfoil/raw/uiuc/coord_seligFmt/coord_seligFmt/sa7038.dat,True,81,257,0.0920375656041293,0.2862224532848589,0.0329617673541959,0.4266347627723191,0.0
saratov,saratov.npz,/home/vipuser/Meri-FID-Gate-Airfoil/data/airfoil/raw/uiuc/coord_seligFmt/coord_seligFmt/saratov.dat,True,29,257,0.092,0.1552297276314665,0.0972667902957661,0.4024548389919358,0.0
sc1012r8,sc1012r8.npz,/home/vipuser/Meri-FID-Gate-Airfoil/data/airfoil/raw/uiuc/coord_seligFmt/coord_seligFmt/sc1012r8.dat,True,145,257,0.1200258805392467,0.2751943351726967,0.0271006303555375,0.2171340946081933,0.004368
sc1095,sc1095.npz,/home/vipuser/Meri-FID-Gate-Airfoil/data/airfoil/raw/uiuc/coord_seligFmt/coord_seligFmt/sc1095.dat,True,141,257,0.0949518723050698,0.26973064452088,0.0080627946961032,0.26973064452088,0.003458
sc1095r8,sc1095r8.npz,/home/vipuser/Meri-FID-Gate-Airfoil/data/airfoil/raw/uiuc/coord_seligFmt/coord_seligFmt/sc1095r8.dat,True,145,257,0.0940249052385917,0.2751943351726967,0.0212619178464578,0.2120959042910773,0.0034232627822366
sc20010,sc20010.npz,/home/vipuser/Meri-FID-Gate-Airfoil/data/airfoil/raw/uiuc/coord_seligFmt/coord_seligFmt/sc20010.dat,True,205,257,0.1,0.3725671701977426,0.0,0.0,0.005
sc20012,sc20012.npz,/home/vipuser/Meri-FID-Gate-Airfoil/data/airfoil/raw/uiuc/coord_seligFmt/coord_seligFmt/sc20012.dat,True,205,257,0.12,0.3725671701977426,0.0,0.0,0.006
sc20403,sc20403.npz,/home/vipuser/Meri-FID-Gate-Airfoil/data/airfoil/raw/uiuc/coord_seligFmt/coord_seligFmt/sc20403.dat,True,205,257,0.03,0.3607401553074735,0.0059729703117612,0.8491881247044863,0.0024
sc20404,sc20404.npz,/home/vipuser/Meri-FID-Gate-Airfoil/data/airfoil/raw/uiuc/coord_seligFmt/coord_seligFmt/sc20404.dat,True,205,257,0.0401,0.3725671701977426,0.0070892082810522,0.8124297440711932,0.0028499999999999
sc20406,sc20406.npz,/home/vipuser/Meri-FID-Gate-Airfoil/data/airfoil/raw/uiuc/coord_seligFmt/coord_seligFmt/sc20406.dat,True,205,257,0.0602,0.3607401553074735,0.006300296553344,0.7928989287282194,0.0039
sc20410,sc20410.npz,/home/vipuser/Meri-FID-Gate-Airfoil/data/airfoil/raw/uiuc/coord_seligFmt/coord_seligFmt/sc20410.dat,True,205,257,0.0996850991004836,0.378509910048368,0.011109049529994,0.8491881247044863,0.0049
sc20412,sc20412.npz,/home/vipuser/Meri-FID-Gate-Airfoil/data/airfoil/raw/uiuc/coord_seligFmt/coord_seligFmt/sc20412.dat,True,205,257,0.12,0.3725671701977426,0.0129928356611627,0.831207888795086,0.0055
sc20414,sc20414.npz,/home/vipuser/Meri-FID-Gate-Airfoil/data/airfoil/raw/uiuc/coord_seligFmt/coord_seligFmt/sc20414.dat,True,205,257,0.14,0.3607401553074735,0.0149006376333614,0.831207888795086,0.006
sc20503,sc20503.npz,/home/vipuser/Meri-FID-Gate-Airfoil/data/airfoil/raw/uiuc/coord_seligFmt/coord_seligFmt/sc20503.dat,True,205,257,0.0301,0.3200524817325059,0.0078164442628098,0.8219157714448957,0.0024
sc20518,sc20518.npz,/home/vipuser/Meri-FID-Gate-Airfoil/data/airfoil/raw/uiuc/coord_seligFmt/coord_seligFmt/sc20518.dat,True,205,257,0.1798,0.3548576613727688,0.0187267126342832,0.8219157714448957,0.0069
sc20610,sc20610.npz,/home/vipuser/Meri-FID-Gate-Airfoil/data/airfoil/raw/uiuc/coord_seligFmt/coord_seligFmt/sc20610.dat,True,205,257,0.0997850991004836,0.378509910048368,0.0176417927370473,0.8219157714448957,0.0048999999999999
sc20612,sc20612.npz,/home/vipuser/Meri-FID-Gate-Airfoil/data/airfoil/raw/uiuc/coord_seligFmt/coord_seligFmt/sc20612.dat,True,205,257,0.12,0.3725671701977426,0.0190750281023715,0.8124297440711932,0.0058
sc20614,sc20614.npz,/home/vipuser/Meri-FID-Gate-Airfoil/data/airfoil/raw/uiuc/coord_seligFmt/coord_seligFmt/sc20614.dat,True,205,257,0.1399,0.3607401553074735,0.0205187570255928,0.8124297440711932,0.0066
sc20706,sc20706.npz,/home/vipuser/Meri-FID-Gate-Airfoil/data/airfoil/raw/uiuc/coord_seligFmt/coord_seligFmt/sc20706.dat,True,205,257,0.06,0.3431591298005542,0.0163128974815613,0.8171966420818226,0.0039
sc20710,sc20710.npz,/home/vipuser/Meri-FID-Gate-Airfoil/data/airfoil/raw/uiuc/coord_seligFmt/coord_seligFmt/sc20710.dat,True,205,257,0.0998,0.3725671701977426,0.0210719206663537,0.8124297440711932,0.0048999999999999
sc20712,sc20712.npz,/home/vipuser/Meri-FID-Gate-Airfoil/data/airfoil/raw/uiuc/coord_seligFmt/coord_seligFmt/sc20712.dat,True,205,257,0.1198999999999999,0.3725671701977426,0.0221441223564226,0.8124297440711932,0.006
sc20714,sc20714.npz,/home/vipuser/Meri-FID-Gate-Airfoil/data/airfoil/raw/uiuc/coord_seligFmt/coord_seligFmt/sc20714.dat,True,205,257,0.1395743282980225,0.3725671701977426,0.0253751405118576,0.8124297440711932,0.007
sc21010,sc21010.npz,/home/vipuser/Meri-FID-Gate-Airfoil/data/airfoil/raw/uiuc/coord_seligFmt/coord_seligFmt/sc21010.dat,True,205,257,0.1,0.3200524817325059,0.0281764846392465,0.7082147800488185,0.0060999999999999
sc2110,sc2110.npz,/home/vipuser/Meri-FID-Gate-Airfoil/data/airfoil/raw/uiuc/coord_seligFmt/coord_seligFmt/sc2110.dat,True,87,257,0.0992379255387933,0.378509910048368,0.0194875741973068,0.1508118752955135,0.003575
sd6060,sd6060.npz,/home/vipuser/Meri-FID-Gate-Airfoil/data/airfoil/raw/uiuc/coord_seligFmt/coord_seligFmt/sd6060.dat,True,61,257,0.1036644328446883,0.3373448539188685,0.0194476582011962,0.3844709458596643,0.0
sd6080,sd6080.npz,/home/vipuser/Meri-FID-Gate-Airfoil/data/airfoil/raw/uiuc/coord_seligFmt/coord_seligFmt/sd6080.dat,True,61,257,0.091906752883372,0.3086582838174551,0.0358951295466028,0.4448888963530584,-2.6022895109611976e-08
sd7003,sd7003.npz,/home/vipuser/Meri-FID-Gate-Airfoil/data/airfoil/raw/uiuc/coord_seligFmt/coord_seligFmt/sd7003.dat,True,61,257,0.0850690104255663,0.2429486279033891,0.0158049117867837,0.33155507330389,1.860893121541363e-08
sd7032,sd7032.npz,/home/vipuser/Meri-FID-Gate-Airfoil/data/airfoil/raw/uiuc/coord_seligFmt/coord_seligFmt/sd7032.dat,True,61,257,0.0995901331206192,0.26973064452088,0.0379094477811068,0.4024548389919358,0.0
sd7034,sd7034.npz,/home/vipuser/Meri-FID-Gate-Airfoil/data/airfoil/raw/uiuc/coord_seligFmt/coord_seligFmt/sd7034.dat,True,61,257,0.1051475036643525,0.2643016315870011,0.0408905166952475,0.3904493799215651,3.253903512823522e-08
sd7037,sd7037.npz,/home/vipuser/Meri-FID-Gate-Airfoil/data/airfoil/raw/uiuc/coord_seligFmt/coord_seligFmt/sd7037.dat,True,61,257,0.0920047155010063,0.2862224532848589,0.0291065686563521,0.4448888963530584,0.0
sd7043,sd7043.npz,/home/vipuser/Meri-FID-Gate-Airfoil/data/airfoil/raw/uiuc/coord_seligFmt/coord_seligFmt/sd7043.dat,True,61,257,0.0913501652744298,0.26973064452088,0.036615562414586,0.4509914298352196,2.7828377707241062e-08
sd7062,sd7062.npz,/home/vipuser/Meri-FID-Gate-Airfoil/data/airfoil/raw/uiuc/coord_seligFmt/coord_seligFmt/sd7062.dat,True,61,257,0.1398096598771621,0.26973064452088,0.0416905174498702,0.3844709458596643,3.271701063409585e-08
sd7080,sd7080.npz,/home/vipuser/Meri-FID-Gate-Airfoil/data/airfoil/raw/uiuc/coord_seligFmt/coord_seligFmt/sd7080.dat,True,61,257,0.0915200023588101,0.297379342997505,0.0244564014022693,0.3964443119038907,-6.100244007416905e-09
sd7084,sd7084.npz,/home/vipuser/Meri-FID-Gate-Airfoil/data/airfoil/raw/uiuc/coord_seligFmt/coord_seligFmt/sd7084.dat,True,61,257,0.0962328545551975,0.297379342997505,0.0231853043351699,0.3904493799215651,1.5999680004811186e-09
sd7090,sd7090.npz,/home/vipuser/Meri-FID-Gate-Airfoil/data/airfoil/raw/uiuc/coord_seligFmt/coord_seligFmt/sd7090.dat,True,61,257,0.099868881535491,0.2917852199511813,0.0192833118678143,0.3844709458596643,9.700776046599885e-09
sd8000,sd8000.npz,/home/vipuser/Meri-FID-Gate-Airfoil/data/airfoil/raw/uiuc/coord_seligFmt/coord_seligFmt/sd8000.dat,True,61,257,0.088614672217919,0.2917852199511813,0.0180945376703651,0.4387946624003919,1.75073523159177e-08
sd8020,sd8020.npz,/home/vipuser/Meri-FID-Gate-Airfoil/data/airfoil/raw/uiuc/coord_seligFmt/coord_seligFmt/sd8020.dat,True,61,257,0.1010187295118479,0.2751943351726967,4.77584999523939e-06,0.4205709283330693,0.0
sd8040,sd8040.npz,/home/vipuser/Meri-FID-Gate-Airfoil/data/airfoil/raw/uiuc/coord_seligFmt/coord_seligFmt/sd8040.dat,True,61,257,0.0999559211628333,0.2917852199511813,0.0258767418915121,0.3904493799215651,0.0
sg6040,sg6040.npz,/home/vipuser/Meri-FID-Gate-Airfoil/data/airfoil/raw/uiuc/coord_seligFmt/coord_seligFmt/sg6040.dat,True,81,257,0.1600251628698717,0.3548576613727688,0.0261386052094995,0.567290354253563,0.0
sg6041,sg6041.npz,/home/vipuser/Meri-FID-Gate-Airfoil/data/airfoil/raw/uiuc/coord_seligFmt/coord_seligFmt/sg6041.dat,True,81,257,0.0999496114197117,0.3489970253403859,0.0188356601306233,0.4205709283330693,1.9396051095538908e-09
sg6042,sg6042.npz,/home/vipuser/Meri-FID-Gate-Airfoil/data/airfoil/raw/uiuc/coord_seligFmt/coord_seligFmt/sg6042.dat,True,81,257,0.1000100207530787,0.3373448539188685,0.0365467888024098,0.4815963885293205,0.0
sg6043,sg6043.npz,/home/vipuser/Meri-FID-Gate-Airfoil/data/airfoil/raw/uiuc/coord_seligFmt/coord_seligFmt/sg6043.dat,True,81,257,0.1001418220158187,0.3200524817325059,0.0545169986147349,0.4999999999999999,9.420452176580466e-10
sg6050,sg6050.npz,/home/vipuser/Meri-FID-Gate-Airfoil/data/airfoil/raw/uiuc/coord_seligFmt/coord_seligFmt/sg6050.dat,True,81,257,0.1602228941863882,0.3143414030240812,0.0341143704413032,0.4509914298352196,0.0100048023051064
sg6051,sg6051.npz,/home/vipuser/Meri-FID-Gate-Airfoil/data/airfoil/raw/uiuc/coord_seligFmt/coord_seligFmt/sg6051.dat,True,81,257,0.1201008001794361,0.3548576613727688,0.0334398859140151,0.4632177182001663,0.0100042017647411
sm701,sm701.npz,/home/vipuser/Meri-FID-Gate-Airfoil/data/airfoil/raw/uiuc/coord_seligFmt/coord_seligFmt/sm701.dat,True,61,257,0.1599265533097767,0.3607401553074735,0.0340265770374997,0.6035556880961093,0.0
sokolov,sokolov.npz,/home/vipuser/Meri-FID-Gate-Airfoil/data/airfoil/raw/uiuc/coord_seligFmt/coord_seligFmt/sokolov.dat,True,35,257,0.0709823080813714,0.2482308081371412,0.06275,0.4999999999999999,0.007
sp4721bs,sp4721bs.npz,/home/vipuser/Meri-FID-Gate-Airfoil/data/airfoil/raw/uiuc/coord_seligFmt/coord_seligFmt/sp4721bs.dat,True,120,257,0.2141266118637608,0.3548576613727688,0.0423936354766862,0.6856585969759188,0.0057754338
sp4721la,sp4721la.npz,/home/vipuser/Meri-FID-Gate-Airfoil/data/airfoil/raw/uiuc/coord_seligFmt/coord_seligFmt/sp4721la.dat,True,120,257,0.2137764749732661,0.3548576613727688,0.043005937985341,0.6742093401247172,0.0048168188
spicasm,spicasm.npz,/home/vipuser/Meri-FID-Gate-Airfoil/data/airfoil/raw/uiuc/coord_seligFmt/coord_seligFmt/spicasm.dat,True,49,257,0.1171807745281953,0.3030039799694759,0.0473761589496973,0.3489970253403859,0.0
ssca07,ssca07.npz,/home/vipuser/Meri-FID-Gate-Airfoil/data/airfoil/raw/uiuc/coord_seligFmt/coord_seligFmt/ssca07.dat,True,131,257,0.0699895906685736,0.378509910048368,0.0089804952958062,0.1687921112049141,0.0024969
ssca09,ssca09.npz,/home/vipuser/Meri-FID-Gate-Airfoil/data/airfoil/raw/uiuc/coord_seligFmt/coord_seligFmt/ssca09.dat,True,131,257,0.0899866427992132,0.378509910048368,0.0115463231734066,0.1687921112049141,0.0032103
stcyr171,stcyr171.npz,/home/vipuser/Meri-FID-Gate-Airfoil/data/airfoil/raw/uiuc/coord_seligFmt/coord_seligFmt/stcyr171.dat,True,33,257,0.1107371042319401,0.297379342997505,9.905636118607251e-05,0.0252359097034816,0.0
stcyr234,stcyr234.npz,/home/vipuser/Meri-FID-Gate-Airfoil/data/airfoil/raw/uiuc/coord_seligFmt/coord_seligFmt/stcyr234.dat,True,33,257,0.1599784965224621,0.2021503477537832,0.05065,0.4999999999999999,0.0
strand,strand.npz,/home/vipuser/Meri-FID-Gate-Airfoil/data/airfoil/raw/uiuc/coord_seligFmt/coord_seligFmt/strand.dat,True,39,257,0.1543388364717479,0.2589081139604385,0.0408381975699058,0.3200524817325059,0.0
supermarine371i,supermarine371i.npz,/home/vipuser/Meri-FID-Gate-Airfoil/data/airfoil/raw/uiuc/coord_seligFmt/coord_seligFmt/supermarine371i.dat,True,49,257,0.1299754516100806,0.4024548389919358,0.0093,0.4999999999999999,0.0
t16,t16.npz,/home/vipuser/Meri-FID-Gate-Airfoil/data/airfoil/raw/uiuc/coord_seligFmt/coord_seligFmt/t16.dat,True,122,257,0.0544126930806745,0.1421345873580907,0.0805660403906707,0.4084800560224295,0.0288971897246698
tempest1,tempest1.npz,/home/vipuser/Meri-FID-Gate-Airfoil/data/airfoil/raw/uiuc/coord_seligFmt/coord_seligFmt/tempest1.dat,True,120,257,0.1449692264125366,0.378509910048368,0.0101416749940931,0.4024548389919358,0.0
tempest2,tempest2.npz,/home/vipuser/Meri-FID-Gate-Airfoil/data/airfoil/raw/uiuc/coord_seligFmt/coord_seligFmt/tempest2.dat,True,120,257,0.1199766752300576,0.3725671701977426,0.0092558769423598,0.3964443119038907,0.0
tempest3,tempest3.npz,/home/vipuser/Meri-FID-Gate-Airfoil/data/airfoil/raw/uiuc/coord_seligFmt/coord_seligFmt/tempest3.dat,True,120,257,0.0999754813831837,0.378509910048368,0.0101084827378152,0.4084800560224295,0.0
th25816,th25816.npz,/home/vipuser/Meri-FID-Gate-Airfoil/data/airfoil/raw/uiuc/coord_seligFmt/coord_seligFmt/th25816.dat,True,61,257,0.2572277615565568,0.4693396318488956,0.0404593457264697,0.5306603681511043,0.0
trainer60,trainer60.npz,/home/vipuser/Meri-FID-Gate-Airfoil/data/airfoil/raw/uiuc/coord_seligFmt/coord_seligFmt/trainer60.dat,True,79,257,0.1830568135930641,0.2751943351726967,0.0015339413795503,0.9802152597077828,0.0066840039689999
tsagi8,tsagi8.npz,/home/vipuser/Meri-FID-Gate-Airfoil/data/airfoil/raw/uiuc/coord_seligFmt/coord_seligFmt/tsagi8.dat,True,33,257,0.0794849801001526,0.3030039799694759,0.0133184582103205,0.3030039799694759,0.0
tsagi_r3a,tsagi_r3a.npz,/home/vipuser/Meri-FID-Gate-Airfoil/data/airfoil/raw/uiuc/coord_seligFmt/coord_seligFmt/tsagi_r3a.dat,True,250,257,0.1209305230327539,0.2325011900564513,0.0318613750952386,0.2325011900564513,0.0024310192596495
ua2-180sm,ua2-180sm.npz,/home/vipuser/Meri-FID-Gate-Airfoil/data/airfoil/raw/uiuc/coord_seligFmt/coord_seligFmt/ua2-180sm.dat,True,58,257,0.1817275946227439,0.3373448539188685,0.073011913647622,0.3431591298005542,0.0
ua79sf18,ua79sf18.npz,/home/vipuser/Meri-FID-Gate-Airfoil/data/airfoil/raw/uiuc/coord_seligFmt/coord_seligFmt/ua79sf18.dat,True,74,257,0.1876887651127083,0.4327096457464369,0.0373457884622165,0.6333563787374492,0.0
ua79sff,ua79sff.npz,/home/vipuser/Meri-FID-Gate-Airfoil/data/airfoil/raw/uiuc/coord_seligFmt/coord_seligFmt/ua79sff.dat,True,39,257,0.248,0.2325011900564513,0.0976334442752083,0.3725671701977426,0.0
ua79sfm,ua79sfm.npz,/home/vipuser/Meri-FID-Gate-Airfoil/data/airfoil/raw/uiuc/coord_seligFmt/coord_seligFmt/ua79sfm.dat,True,50,257,0.2312347901053831,0.5306603681511043,0.0551122414459382,1.0,0.1102244828918765
uag8814320,uag8814320.npz,/home/vipuser/Meri-FID-Gate-Airfoil/data/airfoil/raw/uiuc/coord_seligFmt/coord_seligFmt/uag8814320.dat,True,97,257,0.1430537121268084,0.4327096457464369,0.0620040840807588,0.4693396318488956,0.0
ui1720,ui1720.npz,/home/vipuser/Meri-FID-Gate-Airfoil/data/airfoil/raw/uiuc/coord_seligFmt/coord_seligFmt/ui1720.dat,True,91,257,0.1380593504195928,0.1875702559288067,0.0462104788057342,0.2120959042910773,0.0006132688945371
ultimate,ultimate.npz,/home/vipuser/Meri-FID-Gate-Airfoil/data/airfoil/raw/uiuc/coord_seligFmt/coord_seligFmt/ultimate.dat,True,79,257,0.1284399119992021,0.3431591298005542,0.006238002657651,0.9664963994173694,0.005803959999
us1000root,us1000root.npz,/home/vipuser/Meri-FID-Gate-Airfoil/data/airfoil/raw/uiuc/coord_seligFmt/coord_seligFmt/us1000root.dat,True,79,257,0.1856133364777113,0.26973064452088,0.0013042306682111,0.0013547716606548,9.6e-05
usa25,usa25.npz,/home/vipuser/Meri-FID-Gate-Airfoil/data/airfoil/raw/uiuc/coord_seligFmt/coord_seligFmt/usa25.dat,True,33,257,0.0827460465959302,0.1972444792978372,0.0522567744582752,0.3030039799694759,0.0
usa26,usa26.npz,/home/vipuser/Meri-FID-Gate-Airfoil/data/airfoil/raw/uiuc/coord_seligFmt/coord_seligFmt/usa26.dat,True,33,257,0.0982077553339708,0.2021503477537832,0.0433747532549628,0.3964443119038907,0.0
usa27,usa27.npz,/home/vipuser/Meri-FID-Gate-Airfoil/data/airfoil/raw/uiuc/coord_seligFmt/coord_seligFmt/usa27.dat,True,33,257,0.1106921380289925,0.297379342997505,0.0509165324585656,0.3964443119038907,0.0002
usa27m2,usa27m2.npz,/home/vipuser/Meri-FID-Gate-Airfoil/data/airfoil/raw/uiuc/coord_seligFmt/coord_seligFmt/usa27m2.dat,True,33,257,0.132870565634791,0.297379342997505,0.0504255812374459,0.3964443119038907,0.00024
usa28,usa28.npz,/home/vipuser/Meri-FID-Gate-Airfoil/data/airfoil/raw/uiuc/coord_seligFmt/coord_seligFmt/usa28.dat,True,33,257,0.1315681503854179,0.297379342997505,0.0374885516407784,0.4999999999999999,0.0
usa29,usa29.npz,/home/vipuser/Meri-FID-Gate-Airfoil/data/airfoil/raw/uiuc/coord_seligFmt/coord_seligFmt/usa29.dat,True,33,257,0.1319124144985591,0.297379342997505,0.0553459669292048,0.4024548389919358,0.0
usa31,usa31.npz,/home/vipuser/Meri-FID-Gate-Airfoil/data/airfoil/raw/uiuc/coord_seligFmt/coord_seligFmt/usa31.dat,True,33,257,0.1484747904074042,0.2021503477537832,0.0934655497707888,0.4024548389919358,0.0
usa32,usa32.npz,/home/vipuser/Meri-FID-Gate-Airfoil/data/airfoil/raw/uiuc/coord_seligFmt/coord_seligFmt/usa32.dat,True,33,257,0.1471449116269556,0.2021503477537832,0.0931841084410898,0.4024548389919358,0.0
usa33,usa33.npz,/home/vipuser/Meri-FID-Gate-Airfoil/data/airfoil/raw/uiuc/coord_seligFmt/coord_seligFmt/usa33.dat,True,33,257,0.1420105867043648,0.297379342997505,0.0485127553128868,0.297379342997505,0.0
usa34,usa34.npz,/home/vipuser/Meri-FID-Gate-Airfoil/data/airfoil/raw/uiuc/coord_seligFmt/coord_seligFmt/usa34.dat,True,33,257,0.1802512246893961,0.2917852199511813,0.076989286072293,0.3964443119038907,0.0
usa35,usa35.npz,/home/vipuser/Meri-FID-Gate-Airfoil/data/airfoil/raw/uiuc/coord_seligFmt/coord_seligFmt/usa35.dat,True,33,257,0.1818490516290541,0.2917852199511813,0.0642609497531669,0.3904493799215651,0.0043
usa35a,usa35a.npz,/home/vipuser/Meri-FID-Gate-Airfoil/data/airfoil/raw/uiuc/coord_seligFmt/coord_seligFmt/usa35a.dat,True,33,257,0.1818301803280292,0.2917852199511813,0.0642609497531669,0.3904493799215651,0.0043
usa40,usa40.npz,/home/vipuser/Meri-FID-Gate-Airfoil/data/airfoil/raw/uiuc/coord_seligFmt/coord_seligFmt/usa40.dat,True,33,257,0.1331853927149875,0.297379342997505,0.0418958226422822,0.4024548389919358,0.001
usa40b,usa40b.npz,/home/vipuser/Meri-FID-Gate-Airfoil/data/airfoil/raw/uiuc/coord_seligFmt/coord_seligFmt/usa40b.dat,True,33,257,0.1362063780465873,0.2021503477537832,0.0400142041383596,0.3964443119038907,0.0
usa41,usa41.npz,/home/vipuser/Meri-FID-Gate-Airfoil/data/airfoil/raw/uiuc/coord_seligFmt/coord_seligFmt/usa41.dat,True,33,257,0.065985939435049,0.297379342997505,0.0448249363345674,0.4024548389919358,0.0
usa45,usa45.npz,/home/vipuser/Meri-FID-Gate-Airfoil/data/airfoil/raw/uiuc/coord_seligFmt/coord_seligFmt/usa45.dat,True,33,257,0.1453338176709678,0.297379342997505,0.0414753607641978,0.297379342997505,0.0
usa45m,usa45m.npz,/home/vipuser/Meri-FID-Gate-Airfoil/data/airfoil/raw/uiuc/coord_seligFmt/coord_seligFmt/usa45m.dat,True,33,257,0.11625806948796,0.297379342997505,0.03321855211597,0.297379342997505,0.0
usa46,usa46.npz,/home/vipuser/Meri-FID-Gate-Airfoil/data/airfoil/raw/uiuc/coord_seligFmt/coord_seligFmt/usa46.dat,True,33,257,0.0653943046089848,0.2021503477537832,0.021650636999125,0.4024548389919358,0.0
usa49,usa49.npz,/home/vipuser/Meri-FID-Gate-Airfoil/data/airfoil/raw/uiuc/coord_seligFmt/coord_seligFmt/usa49.dat,True,33,257,0.0724459283605494,0.3030039799694759,0.0165409446270412,0.3030039799694759,0.0023
usa5,usa5.npz,/home/vipuser/Meri-FID-Gate-Airfoil/data/airfoil/raw/uiuc/coord_seligFmt/coord_seligFmt/usa5.dat,True,33,257,0.0637921380289925,0.297379342997505,0.0453189332935711,0.3964443119038907,0.0
usa51,usa51.npz,/home/vipuser/Meri-FID-Gate-Airfoil/data/airfoil/raw/uiuc/coord_seligFmt/coord_seligFmt/usa51.dat,True,33,257,0.0932056563479101,0.297379342997505,0.0256109482603968,0.3030039799694759,0.0
usa98,usa98.npz,/home/vipuser/Meri-FID-Gate-Airfoil/data/airfoil/raw/uiuc/coord_seligFmt/coord_seligFmt/usa98.dat,True,25,257,0.1429606901449625,0.297379342997505,0.06375,0.4999999999999999,0.009
usnps4,usnps4.npz,/home/vipuser/Meri-FID-Gate-Airfoil/data/airfoil/raw/uiuc/coord_seligFmt/coord_seligFmt/usnps4.dat,True,79,257,0.11939997690795,0.3373448539188685,0.0500652718919908,0.3431591298005542,0.007756
v13006,v13006.npz,/home/vipuser/Meri-FID-Gate-Airfoil/data/airfoil/raw/uiuc/coord_seligFmt/coord_seligFmt/v13006.dat,True,41,257,0.0597552747464739,0.3030039799694759,0.0091037086784188,0.2021503477537832,0.00120000012
v13009,v13009.npz,/home/vipuser/Meri-FID-Gate-Airfoil/data/airfoil/raw/uiuc/coord_seligFmt/coord_seligFmt/v13009.dat,True,39,257,0.0899765891311655,0.3030039799694759,0.0129773761992346,0.2021503477537832,0.0011
v23010,v23010.npz,/home/vipuser/Meri-FID-Gate-Airfoil/data/airfoil/raw/uiuc/coord_seligFmt/coord_seligFmt/v23010.dat,True,51,257,0.1017722804007923,0.297379342997505,0.0175288482718831,0.1508118752955135,0.0
v43012,v43012.npz,/home/vipuser/Meri-FID-Gate-Airfoil/data/airfoil/raw/uiuc/coord_seligFmt/coord_seligFmt/v43012.dat,True,73,257,0.1203981631393623,0.3200524817325059,0.0366810562431046,0.1508118752955135,0.0
v43015,v43015.npz,/home/vipuser/Meri-FID-Gate-Airfoil/data/airfoil/raw/uiuc/coord_seligFmt/coord_seligFmt/v43015.dat,True,41,257,0.1502318629179351,0.297379342997505,0.0367786796564403,0.1464466094067262,0.0
vr1,vr1.npz,/home/vipuser/Meri-FID-Gate-Airfoil/data/airfoil/raw/uiuc/coord_seligFmt/coord_seligFmt/vr1.dat,True,49,257,0.1097004755368646,0.3548576613727688,0.015329919727306,0.4387946624003919,0.0
vr11x,vr11x.npz,/home/vipuser/Meri-FID-Gate-Airfoil/data/airfoil/raw/uiuc/coord_seligFmt/coord_seligFmt/vr11x.dat,True,67,257,0.1097092888623807,0.3964443119038907,0.0237843185537838,0.2535509038851079,0.003
vr13,vr13.npz,/home/vipuser/Meri-FID-Gate-Airfoil/data/airfoil/raw/uiuc/coord_seligFmt/coord_seligFmt/vr13.dat,True,83,257,0.0944999360837367,0.3489970253403859,0.0203935861904991,0.2021503477537832,0.002684
vr14,vr14.npz,/home/vipuser/Meri-FID-Gate-Airfoil/data/airfoil/raw/uiuc/coord_seligFmt/coord_seligFmt/vr14.dat,True,83,257,0.0795791998318078,0.3489970253403859,0.0171733872391846,0.2021503477537832,0.00226
vr15,vr15.npz,/home/vipuser/Meri-FID-Gate-Airfoil/data/airfoil/raw/uiuc/coord_seligFmt/coord_seligFmt/vr15.dat,True,83,257,0.0795478328116111,0.3489970253403859,0.0129407630576113,0.2021503477537832,0.002389
vr5,vr5.npz,/home/vipuser/Meri-FID-Gate-Airfoil/data/airfoil/raw/uiuc/coord_seligFmt/coord_seligFmt/vr5.dat,True,55,257,0.1199699107602115,0.3489970253403859,0.0339899702534038,0.3489970253403859,0.0008
vr7,vr7.npz,/home/vipuser/Meri-FID-Gate-Airfoil/data/airfoil/raw/uiuc/coord_seligFmt/coord_seligFmt/vr7.dat,True,77,257,0.1202688985339222,0.33155507330389,0.0312447383248441,0.3257906598752828,0.0
vr7b,vr7b.npz,/home/vipuser/Meri-FID-Gate-Airfoil/data/airfoil/raw/uiuc/coord_seligFmt/coord_seligFmt/vr7b.dat,True,75,257,0.1202688985339222,0.33155507330389,0.030472768475061,0.2917852199511813,0.005
vr8,vr8.npz,/home/vipuser/Meri-FID-Gate-Airfoil/data/airfoil/raw/uiuc/coord_seligFmt/coord_seligFmt/vr8.dat,True,61,257,0.0814839524054461,0.3489970253403859,0.0127479940506807,0.3489970253403859,0.0
vr8b,vr8b.npz,/home/vipuser/Meri-FID-Gate-Airfoil/data/airfoil/raw/uiuc/coord_seligFmt/coord_seligFmt/vr8b.dat,True,59,257,0.080639060928294,0.3431591298005542,0.0123098669196608,0.3431591298005542,0.0049504950495049
w1011,w1011.npz,/home/vipuser/Meri-FID-Gate-Airfoil/data/airfoil/raw/uiuc/coord_seligFmt/coord_seligFmt/w1011.dat,True,240,257,0.1100056191627214,0.2535509038851079,0.0005444328306022,0.0001505906518978,0.0015930270814603
waspsm,waspsm.npz,/home/vipuser/Meri-FID-Gate-Airfoil/data/airfoil/raw/uiuc/coord_seligFmt/coord_seligFmt/waspsm.dat,True,79,257,0.0935290672955422,0.26973064452088,0.0300704678568466,0.378509910048368,0.00023
wb13535sm,wb13535sm.npz,/home/vipuser/Meri-FID-Gate-Airfoil/data/airfoil/raw/uiuc/coord_seligFmt/coord_seligFmt/wb13535sm.dat,True,55,257,0.1355,0.2535509038851079,0.0375,0.4999999999999999,0.0
wb140,wb140.npz,/home/vipuser/Meri-FID-Gate-Airfoil/data/airfoil/raw/uiuc/coord_seligFmt/coord_seligFmt/wb140.dat,True,55,257,0.1392499999999999,0.3030039799694759,0.0369485128552471,0.4509914298352196,0.005
whitcomb,whitcomb.npz,/home/vipuser/Meri-FID-Gate-Airfoil/data/airfoil/raw/uiuc/coord_seligFmt/coord_seligFmt/whitcomb.dat,True,73,257,0.1095839524054461,0.3489970253403859,0.0237457058418742,0.8265864214768883,0.0004999999999999
ys900,ys900.npz,/home/vipuser/Meri-FID-Gate-Airfoil/data/airfoil/raw/uiuc/coord_seligFmt/coord_seligFmt/ys900.dat,True,121,257,0.0900561781032655,0.524533837163709,0.0,0.0,0.0
ys915,ys915.npz,/home/vipuser/Meri-FID-Gate-Airfoil/data/airfoil/raw/uiuc/coord_seligFmt/coord_seligFmt/ys915.dat,True,121,257,0.0909435600255934,0.3607401553074735,0.0175557694619267,0.6568408701994457,0.0
ys920,ys920.npz,/home/vipuser/Meri-FID-Gate-Airfoil/data/airfoil/raw/uiuc/coord_seligFmt/coord_seligFmt/ys920.dat,True,121,257,0.0905137785269643,0.3431591298005542,0.0212382088606521,0.6568408701994457,0.0
ys930,ys930.npz,/home/vipuser/Meri-FID-Gate-Airfoil/data/airfoil/raw/uiuc/coord_seligFmt/coord_seligFmt/ys930.dat,True,121,257,0.090905670916569,0.3489970253403859,0.0303498060101364,0.5915199439775705,0.0
zv15_35,zv15_35.npz,/home/vipuser/Meri-FID-Gate-Airfoil/data/airfoil/raw/uiuc/coord_seligFmt/coord_seligFmt/zv15_35.dat,True,208,257,0.1564854441236426,0.1972444792978372,0.0110349717975833,0.4266347627723191,0.0
